<?xml version="1.0" encoding="UTF-8" standalone="no"?>
<playerCharacter>
  <character>
    <!--If you want to edit any of these values, just be warned that it might break the game...-->
    <core>
      <id value="PlayerCharacter"/>
      <pathName value="com.lilithsthrone.game.character.PlayerCharacter"/>
      <name nameAndrogynous="Yuki" nameFeminine="Yuki" nameMasculine="Yuki"/>
      <surname value="Omi"/>
      <genericName value=""/>
      <description value="Having been pulled into an enchanted mirror in your aunt Lily's museum, you woke up to find yourself in another world. By a stroke of good fortune, one of the first people you met was Lilaya; this world's version of your aunt. Having convinced her that your story is true, you're now working towards finding a way to get back to your old world."/>
      <playerKnowsName value="true"/>
      <playerOnFirstNameTerms value="false"/>
      <raceConcealed value="false"/>
      <level value="5"/>
      <ageAppearanceDifference value="-103"/>
      <yearOfBirth value="1903"/>
      <monthOfBirth value="JANUARY"/>
      <dayOfBirth value="1"/>
      <version value="0.4"/>
      <history value="STUDENT"/>
      <elemental value=""/>
      <elementalSummoned value="false"/>
      <combatBehaviour value="BALANCED"/>
      <lastTimeHadSex value="-1"/>
      <lastTimeOrgasmed value="-1"/>
      <desiredJobs/>
      <petNames/>
      <personality>
        <trait>SHY</trait>
        <trait>KIND</trait>
        <trait>NAIVE</trait>
      </personality>
      <sexualOrientation value="AMBIPHILIC"/>
      <obedience value="0.0"/>
      <genderIdentity value="N_P_TRAP"/>
      <foughtPlayerCount value="0"/>
      <lostCombatCount value="0"/>
      <wonCombatCount value="0"/>
      <experience value="5"/>
      <perkPoints value="0"/>
      <perkCategoryPoints/>
      <health value="35.0"/>
      <mana value="11.509259"/>
      <areasKnownByCharacters/>
    </core>
    <locationInformation>
      <worldLocation value="LILAYAS_HOUSE_FIRST_FLOOR"/>
      <homeWorldLocation value="MUSEUM"/>
      <location x="4" y="3"/>
      <homeLocation x="2" y="0"/>
      <globalLocation x="20" y="17"/>
    </locationInformation>
    <body>
      <bodyCore bodyMaterial="FLESH" bodySize="10" femininity="50" feral="false" genitalArrangement="NORMAL" height="160" muscle="20" piercedStomach="false" pubicHair="ZERO_NONE" subspeciesOverride="FOX_ASCENDANT_ARCTIC" takesAfterMother="true" version="0.4">
        <bodyCovering c1="SKIN_PALE" c2="SKIN_PALE" g2="true" modifier="SMOOTH" pattern="NONE" type="HUMAN"/>
        <bodyCovering c1="COVERING_WHITE" c2="COVERING_WHITE" modifier="FLUFFY" pattern="NONE" type="FOX_FUR"/>
        <bodyCovering c1="SKIN_RED" c2="ORIFICE_INTERIOR" modifier="SMOOTH" pattern="NONE" type="PENIS"/>
        <bodyCovering c1="SKIN_LIGHT" c2="ORIFICE_INTERIOR" modifier="SMOOTH" pattern="ORIFICE_ANUS" type="ANUS"/>
        <bodyCovering c1="SKIN_LIGHT" c2="ORIFICE_INTERIOR" modifier="SMOOTH" pattern="ORIFICE_MOUTH" type="MOUTH"/>
        <bodyCovering c1="SKIN_LIGHT" c2="ORIFICE_INTERIOR" modifier="SMOOTH" pattern="ORIFICE_NIPPLE" type="NIPPLES"/>
        <bodyCovering c1="SKIN_LIGHT" c2="ORIFICE_INTERIOR" modifier="SMOOTH" pattern="ORIFICE_NIPPLE_CROTCH" type="NIPPLES_CROTCH"/>
        <bodyCovering c1="SKIN_LIGHT" c2="ORIFICE_INTERIOR" modifier="SMOOTH" pattern="ORIFICE_VAGINA" type="VAGINA"/>
        <bodyCovering c1="SKIN_LIGHT" c2="ORIFICE_INTERIOR" modifier="SMOOTH" pattern="ORIFICE_SPINNERET" type="SPINNERET"/>
        <bodyCovering c1="COVERING_BROWN" c2="COVERING_BLACK" modifier="SMOOTH" pattern="NONE" type="ANTENNA"/>
        <bodyCovering c1="COVERING_BLACK" c2="COVERING_WHITE" modifier="SMOOTH" pattern="NONE" type="HORN"/>
        <bodyCovering c1="ORIFICE_INTERIOR" c2="ORIFICE_INTERIOR" modifier="SMOOTH" pattern="NONE" type="TONGUE"/>
        <bodyCovering c1="COVERING_BROWN" c2="COVERING_BROWN" modifier="SMOOTH" pattern="NONE" type="HAIR_HUMAN"/>
        <bodyCovering c1="COVERING_WHITE" c2="COVERING_WHITE" modifier="FURRY" pattern="NONE" type="HAIR_FOX_FUR"/>
        <bodyCovering c1="COVERING_BROWN" c2="COVERING_BROWN" modifier="COARSE" pattern="NONE" type="BODY_HAIR_HUMAN"/>
        <bodyCovering c1="COVERING_WHITE" c2="COVERING_WHITE" modifier="FURRY" pattern="NONE" type="BODY_HAIR_FOX_FUR"/>
        <bodyCovering c1="EYE_BROWN" c2="EYE_BROWN" modifier="EYE" pattern="EYE_IRISES" type="EYE_HUMAN"/>
        <bodyCovering c1="EYE_BLUE" c2="EYE_GREEN" g1="true" modifier="EYE" pattern="EYE_IRISES" type="EYE_FOX_MORPH"/>
        <bodyCovering c1="EYE_BLACK" c2="EYE_BLACK" modifier="EYE" pattern="EYE_PUPILS" type="EYE_PUPILS"/>
        <bodyCovering c1="EYE_WHITE" c2="EYE_WHITE" modifier="EYE" pattern="EYE_SCLERA" type="EYE_SCLERA"/>
        <bodyCovering c1="COVERING_WHITE" c2="COVERING_WHITE" modifier="FLUID" pattern="FLUID" type="CUM"/>
        <bodyCovering c1="COVERING_CLEAR" c2="COVERING_CLEAR" modifier="FLUID" pattern="FLUID" type="GIRL_CUM"/>
        <bodyCovering c1="COVERING_WHITE" c2="COVERING_WHITE" modifier="FLUID" pattern="FLUID" type="MILK"/>
      </bodyCore>
      <antennae antennaePerRow="2" length="22" rows="1" type="NONE"/>
      <arm rows="1" type="FOX_MORPH" underarmHair="ZERO_NONE"/>
      <ass assSize="3" hipSize="3" type="HUMAN"/>
      <anus assHair="ZERO_NONE" bleached="false" capacity="1.75" depth="2" elasticity="3" plasticity="3" stretchedCapacity="1.75" virgin="true" wetness="0">
        <anusModifiers/>
      </anus>
      <breasts milkRegeneration="500" milkStorage="0" nippleCountPerBreast="1" rows="3" shape="WIDE" size="0" storedMilk="0.0" type="FOX_MORPH"/>
      <nipples areolaeShape="NORMAL" areolaeSize="2" capacity="0.5" depth="2" elasticity="3" nippleShape="NORMAL" nippleSize="2" pierced="false" plasticity="3" stretchedCapacity="0.5" virgin="true">
        <nippleModifiers/>
      </nipples>
      <milk flavour="MILK" type="MILK_FOX_MORPH">
        <milkModifiers/>
      </milk>
      <breastsCrotch milkRegeneration="500" milkStorage="0" nippleCountPerBreast="1" rows="2" shape="SIDE_SET" size="4" storedMilk="0.0" type="NONE"/>
      <nipplesCrotch areolaeShape="NORMAL" areolaeSize="2" capacity="0.5" depth="2" elasticity="3" nippleShape="NORMAL" nippleSize="2" pierced="false" plasticity="3" stretchedCapacity="0.5" virgin="true">
        <nippleModifiers/>
      </nipplesCrotch>
      <milkCrotch flavour="MILK" type="MILK_HUMAN">
        <milkModifiers/>
      </milkCrotch>
      <ear pierced="false" type="FOX_MORPH"/>
      <eye eyePairs="1" irisShape="ROUND" pupilShape="VERTICAL" type="FOX_MORPH"/>
      <face facialHair="ZERO_NONE" piercedNose="false" type="FOX_MORPH"/>
      <mouth capacity="6.25" depth="2" elasticity="4" lipSize="2" piercedLip="false" plasticity="3" stretchedCapacity="6.25" virgin="true" wetness="3">
        <mouthModifiers/>
      </mouth>
      <tongue piercedTongue="false" tongueLength="3">
        <tongueModifiers FLAT="true"/>
      </tongue>
      <hair hairStyle="WAVY" length="22" type="FOX_MORPH"/>
      <horn hornsPerRow="2" length="2" rows="1" type="NONE"/>
      <leg configuration="BIPEDAL" footStructure="DIGITIGRADE" type="FOX_MORPH"/>
      <penis capacity="0.0" depth="2" elasticity="0" girth="3" pierced="false" plasticity="3" size="15" stretchedCapacity="0.0" type="FOX_MORPH" urethraVirgin="true" virgin="true">
        <penisModifiers KNOTTED="true" SHEATHED="true" TAPERED="true"/>
        <urethraModifiers/>
      </penis>
      <testicles cumExpulsion="60" cumRegeneration="10000" cumStorage="23" internal="false" numberOfTesticles="2" storedCum="23.0" testicleSize="2"/>
      <cum flavour="CUM" type="CUM_FOX_MORPH">
        <cumModifiers SLIMY="true" STICKY="true"/>
      </cum>
      <spinneret capacity="1.75" depth="2" elasticity="4" plasticity="3" stretchedCapacity="1.75" virgin="true" wetness="1">
        <spinneretModifiers/>
      </spinneret>
      <torso type="FOX_MORPH"/>
      <tail count="1" girth="4" length="1.0" type="FOX_MORPH_MAGIC"/>
      <tentacle count="1" girth="3" length="0.0" type="NONE"/>
      <vagina capacity="0.0" clitGirth="0" clitSize="0" depth="2" eggLayer="false" elasticity="3" hymen="true" labiaSize="0" pierced="false" plasticity="3" squirter="false" stretchedCapacity="0.0" type="NONE" urethraCapacity="0.0" urethraDepth="2" urethraElasticity="0" urethraPlasticity="3" urethraStretchedCapacity="0.0" urethraVirgin="true" virgin="true" wetness="0">
        <clitModifiers/>
        <vaginaModifiers/>
        <urethraModifiers/>
      </vagina>
      <girlcum flavour="GIRL_CUM" type="GIRL_CUM_HUMAN">
        <girlcumModifiers SLIMY="true"/>
      </girlcum>
      <wing size="0" type="NONE"/>
    </body>
    <characterInventory>
      <maxInventorySpace value="120"/>
      <money value="5000"/>
      <essenceCount value="0"/>
      <dirtySlots/>
      <mainWeapon0>
        <weapon coreEnchantment="DAMAGE_FIRE" damageType="FIRE" id="innoxia_crystal_rare" name="opaque demonstone">
          <effects>
            <effect limit="0" mod1="CLOTHING_ATTRIBUTE" mod2="DAMAGE_FIRE" potency="MAJOR_BOOST" timer="2700" type="WEAPON"/>
          </effects>
          <spells>
            <spell value="FIREBALL"/>
          </spells>
          <combatMoves/>
        </weapon>
      </mainWeapon0>
      <clothingEquipped>
        <clothing enchantmentKnown="true" id="innoxia_torso_tshirt" isDirty="false" name="T-shirt" slotEquippedTo="TORSO_UNDER">
          <colours>
            <colour i="0">CLOTHING_BLUE_LIGHT</colour>
          </colours>
        </clothing>
        <clothing enchantmentKnown="true" id="CHEST_CROPTOP_BRA" isDirty="false" name="croptop bra" slotEquippedTo="CHEST">
          <colours>
            <colour i="0">CLOTHING_WHITE</colour>
          </colours>
        </clothing>
        <clothing enchantmentKnown="true" id="innoxia_leg_jeans" isDirty="false" name="jeans" slotEquippedTo="LEG">
          <colours>
            <colour i="0">CLOTHING_BLUE_GREY</colour>
            <colour i="1">CLOTHING_BRASS</colour>
          </colours>
        </clothing>
        <clothing enchantmentKnown="true" id="GROIN_PANTIES" isDirty="false" name="panties" slotEquippedTo="GROIN">
          <colours>
            <colour i="0">CLOTHING_WHITE</colour>
          </colours>
        </clothing>
        <clothing enchantmentKnown="true" id="innoxia_foot_low_top_skater_shoes" isDirty="false" name="low-top skater shoes" slotEquippedTo="FOOT">
          <colours>
            <colour i="0">CLOTHING_RED</colour>
            <colour i="1">CLOTHING_WHITE</colour>
            <colour i="2">CLOTHING_STEEL</colour>
          </colours>
        </clothing>
        <clothing enchantmentKnown="true" id="innoxia_sock_socks" isDirty="false" name="socks" slotEquippedTo="SOCK">
          <colours>
            <colour i="0">CLOTHING_WHITE</colour>
          </colours>
        </clothing>
      </clothingEquipped>
    </characterInventory>
    <attributes>
      <attribute type="HEALTH_MAXIMUM" value="1.0"/>
      <attribute type="MANA_MAXIMUM" value="1.0"/>
    </attributes>
    <potionAttributes/>
    <traits>
      <perk type="ARCANE_CRITICALS"/>
    </traits>
    <specialPerks>
      <perk type="SINGLE_TAILED_YOUKO"/>
    </specialPerks>
    <perks>
      <perk row="1" type="PHYSICAL_BASE"/>
      <perk row="1" type="ARCANE_BASE"/>
      <perk row="1" type="LEWD_KNOWLEDGE"/>
      <perk row="2" type="ARCANE_CRITICALS"/>
      <perk row="2" type="ARCANE_BOOST"/>
      <perk row="2" type="ENCHANTMENT_STABILITY_ALT"/>
      <perk row="3" type="SPELL_DAMAGE"/>
      <perk row="3" type="AURA_BOOST"/>
      <perk row="3" type="SPELL_EFFICIENCY"/>
    </perks>
    <knownSpells>
      <spell type="SLAM"/>
    </knownSpells>
    <spellUpgrades/>
    <spellUpgradePoints>
      <upgradeEntry points="0" school="EARTH"/>
      <upgradeEntry points="0" school="WATER"/>
      <upgradeEntry points="0" school="AIR"/>
      <upgradeEntry points="0" school="FIRE"/>
      <upgradeEntry points="0" school="ARCANE"/>
    </spellUpgradePoints>
    <fetishes/>
    <fetishDesire/>
    <fetishExperience/>
    <statusEffects>
      <statusEffect lta="78300" sp="0" sr="-1" type="CORRUPTION_PERK_0"/>
      <statusEffect lta="78300" sp="0" sr="-1" type="AROUSAL_PERK_0"/>
      <statusEffect lta="78300" sp="0" sr="-1" type="LUST_PERK_0"/>
      <statusEffect lta="78300" sp="0" sr="-1" type="ORIENTATION_AMBIPHILIC"/>
      <statusEffect lta="78300" sp="0" sr="-1" type="COMPANIONS_LEAVING"/>
      <statusEffect lta="78300" sp="0" sr="-1" type="INTELLIGENCE_PERK_2"/>
      <statusEffect lta="78300" sp="0" sr="-1" type="CUM_FULL"/>
      <statusEffect lta="78300" sp="0" sr="-1" type="WEATHER_STORM_PROTECTED"/>
      <statusEffect lta="78300" sp="0" sr="-1" type="PHYSIQUE_PERK_1"/>
      <statusEffect lta="78300" sp="0" sr="-1" type="SUBSPECIES_BONUS"/>
    </statusEffects>
    <knownMoves/>
    <equippedMoves>
      <move type="BASIC_STRIKE"/>
      <move type="BASIC_BLOCK"/>
      <move type="BASIC_TEASE_BLOCK"/>
      <move type="SPELL_SLAM"/>
      <move type="SPELL_FIREBALL"/>
      <move type="BASIC_ARCANE_STRIKE"/>
    </equippedMoves>
    <characterRelationships/>
    <pregnancy littersGenerated="0" timeProgressedToFinalPregnancyStage="1"/>
    <family>
      <motherId value=""/>
      <fatherId value=""/>
      <yearOfConception value="1998"/>
      <monthOfConception value="SEPTEMBER"/>
      <dayOfConception value="9"/>
    </family>
    <slavery>
      <slavesOwned/>
      <owner value=""/>
    </slavery>
    <companions>
      <companionsFollowing/>
      <partyLeader value=""/>
      <maxCompanions value="1"/>
    </companions>
    <sexStats>
      <fluidsStoredMap>
        <entry orifice="VAGINA"/>
        <entry orifice="NIPPLE_CROTCH"/>
        <entry orifice="ANUS"/>
        <entry orifice="URETHRA_PENIS"/>
        <entry orifice="SPINNERET"/>
        <entry orifice="MOUTH"/>
        <entry orifice="URETHRA_VAGINA"/>
        <entry orifice="NIPPLE"/>
      </fluidsStoredMap>
      <daysOrgasmCount value="0"/>
      <daysOrgasmCountRecord value="0"/>
      <totalOrgasmCount value="0"/>
      <sexPartners>
        <sexCount asDom="0" asSub="0" consensual="0" id="unknown">
          <sexType other="FINGER" participant="NORMAL" self="VAGINA" sex="0"/>
          <sexType other="TONGUE" participant="NORMAL" self="VAGINA" sex="0"/>
          <sexType other="PENIS" participant="NORMAL" self="VAGINA" sex="0"/>
        </sexCount>
      </sexPartners>
      <virginityLosses/>
    </sexStats>
    <addictionsCore alcoholLevel="0.0">
      <addictions/>
      <psychoactiveFluids/>
    </addictionsCore>
    <playerSpecific>
      <title value="The Human"/>
      <karma value="0"/>
      <questUpdates/>
      <mainQuestUpdated value="false"/>
      <sideQuestUpdated value="false"/>
      <relationshipQuestUpdated value="false"/>
      <raceBooksDiscovered/>
      <charactersEncountered>
        <id value="-1,Lilaya"/>
        <id value="-1,Rose"/>
      </charactersEncountered>
      <questMap>
        <entry q0="MAIN_PROLOGUE" q1="MAIN_1_A_LILAYAS_TESTS" questLine="MAIN"/>
      </questMap>
      <questFailedMap/>
      <friendlyOccupants/>
      <worldsVisited>
        <world id="MUSEUM"/>
        <world id="LILAYAS_HOUSE_FIRST_FLOOR"/>
      </worldsVisited>
      <itemsDiscovered>
        <type>SPELL_BOOK_SLAM</type>
      </itemsDiscovered>
      <weaponsDiscovered>
        <type>innoxia_crystal_rare</type>
      </weaponsDiscovered>
      <clothingDiscovered>
        <type>CHEST_CROPTOP_BRA</type>
        <type>innoxia_leg_yoga_pants</type>
        <type>innoxia_torso_tshirt</type>
      </clothingDiscovered>
      <racesDiscovered>
        <race>HUMAN</race>
        <race>HALF_DEMON</race>
        <race>CAT_MORPH</race>
      </racesDiscovered>
      <racesDiscoveredAdvanced/>
    </playerSpecific>
  </character>
</playerCharacter>
