<?xml version="1.0" encoding="UTF-8" standalone="no"?>
<playerCharacter>
  <character>
    <!--If you want to edit any of these values, just be warned that it might break the game...-->
    <core>
      <id value="PlayerCharacter"/>
      <pathName value="com.lilithsthrone.game.character.PlayerCharacter"/>
      <name nameAndrogynous="Lill" nameFeminine="Lilly" nameMasculine="Lilan"/>
      <surname value="Moonlight"/>
      <genericName value=""/>
      <description value="Having been pulled into an enchanted mirror in your aunt Lily's museum, you woke up to find yourself in another world. By a stroke of good fortune, one of the first people you met was Lilaya; this world's version of your aunt. Having convinced her that your story is true, you're now working towards finding a way to get back to your old world."/>
      <playerKnowsName value="true"/>
      <playerOnFirstNameTerms value="false"/>
      <raceConcealed value="false"/>
      <level value="35"/>
      <ageAppearanceDifference value="-3"/>
      <yearOfBirth value="1991"/>
      <monthOfBirth value="MARCH"/>
      <dayOfBirth value="18"/>
      <version value="0.4.1.1"/>
      <history value="UNEMPLOYED"/>
      <elemental value=""/>
      <elementalSummoned value="false"/>
      <combatBehaviour value="BALANCED"/>
      <lastTimeHadSex value="2051"/>
      <lastTimeOrgasmed value="122730"/>
      <desiredJobs/>
      <petNames/>
      <personality>
        <trait>KIND</trait>
        <trait>LEWD</trait>
      </personality>
      <sexualOrientation value="AMBIPHILIC"/>
      <obedience value="0.0"/>
      <genderIdentity value="F_V_B_FEMALE"/>
      <foughtPlayerCount value="0"/>
      <lostCombatCount value="0"/>
      <wonCombatCount value="0"/>
      <experience value="55"/>
      <perkPoints value="0"/>
      <perkCategoryPoints/>
      <health value="336.0"/>
      <mana value="180.0"/>
      <areasKnownByCharacters>
        <area type="ASS">
          <character id="-1,Kate"/>
        </area>
        <area type="ANUS">
          <character id="-1,Kate"/>
        </area>
        <area type="VAGINA">
          <character id="-1,Kate"/>
        </area>
        <area type="MOUND">
          <character id="-1,Kate"/>
        </area>
        <area type="PENIS">
          <character id="-1,Kate"/>
        </area>
        <area type="TESTICLES">
          <character id="-1,Kate"/>
        </area>
        <area type="BREASTS">
          <character id="-1,Kate"/>
        </area>
        <area type="NIPPLES">
          <character id="-1,Kate"/>
        </area>
        <area type="BREASTS_CROTCH">
          <character id="-1,Kate"/>
        </area>
        <area type="NIPPLES_CROTCH">
          <character id="-1,Kate"/>
        </area>
        <area type="MOUTH">
          <character id="-1,Kate"/>
        </area>
      </areasKnownByCharacters>
    </core>
    <locationInformation>
      <worldLocation value="LILAYAS_HOUSE_FIRST_FLOOR"/>
      <homeWorldLocation value="MUSEUM"/>
      <location x="4" y="3"/>
      <homeLocation x="2" y="0"/>
      <globalLocation x="20" y="17"/>
    </locationInformation>
    <body>
      <bodyCore bodyMaterial="FLESH" bodySize="90" femininity="90" feral="false" genitalArrangement="NORMAL" height="221" muscle="30" piercedStomach="false" pubicHair="THREE_TRIMMED" takesAfterMother="true" version="0.4.1.1">
        <bodyCovering c1="SKIN_LIGHT" c2="SKIN_LIGHT" modifier="SMOOTH" pattern="NONE" type="HUMAN"/>
        <bodyCovering c1="COVERING_WHITE" c2="COVERING_BLACK" modifier="SHAGGY" pattern="NONE" type="LYCAN_FUR"/>
        <bodyCovering c1="SKIN_LIGHT" c2="ORIFICE_INTERIOR" modifier="SMOOTH" pattern="NONE" type="PENIS"/>
        <bodyCovering c1="SKIN_LIGHT" c2="ORIFICE_INTERIOR" modifier="SMOOTH" pattern="ORIFICE_ANUS" type="ANUS"/>
        <bodyCovering c1="SKIN_LIGHT" c2="ORIFICE_INTERIOR" modifier="SMOOTH" pattern="ORIFICE_MOUTH" type="MOUTH"/>
        <bodyCovering c1="SKIN_LIGHT" c2="ORIFICE_INTERIOR" modifier="SMOOTH" pattern="ORIFICE_NIPPLE" type="NIPPLES"/>
        <bodyCovering c1="SKIN_LIGHT" c2="ORIFICE_INTERIOR" modifier="SMOOTH" pattern="ORIFICE_NIPPLE_CROTCH" type="NIPPLES_CROTCH"/>
        <bodyCovering c1="SKIN_LIGHT" c2="ORIFICE_INTERIOR" modifier="SMOOTH" pattern="ORIFICE_VAGINA" type="VAGINA"/>
        <bodyCovering c1="SKIN_LIGHT" c2="ORIFICE_INTERIOR" modifier="SMOOTH" pattern="ORIFICE_SPINNERET" type="SPINNERET"/>
        <bodyCovering c1="COVERING_BLACK" c2="COVERING_BROWN" modifier="SMOOTH" pattern="NONE" type="ANTENNA"/>
        <bodyCovering c1="COVERING_WHITE" c2="COVERING_BLACK" modifier="SMOOTH" pattern="NONE" type="HORN"/>
        <bodyCovering c1="ORIFICE_INTERIOR" c2="ORIFICE_INTERIOR" modifier="SMOOTH" pattern="NONE" type="TONGUE"/>
        <bodyCovering c1="COVERING_WHITE" c2="COVERING_BROWN" modifier="SMOOTH" pattern="NONE" type="HAIR_HUMAN"/>
        <bodyCovering c1="COVERING_WHITE" c2="COVERING_BROWN" modifier="FURRY" pattern="NONE" type="HAIR_LYCAN_FUR"/>
        <bodyCovering c1="COVERING_BROWN" c2="COVERING_BROWN" modifier="COARSE" pattern="NONE" type="BODY_HAIR_HUMAN"/>
        <bodyCovering c1="COVERING_BLONDE" c2="COVERING_BLONDE" modifier="FURRY" pattern="NONE" type="BODY_HAIR_LYCAN_FUR"/>
        <bodyCovering c1="EYE_BLUE_DARK" c2="EYE_BROWN" modifier="EYE" pattern="EYE_IRISES" type="EYE_HUMAN"/>
        <bodyCovering c1="EYE_BLUE_DARK" c2="EYE_YELLOW" modifier="EYE" pattern="EYE_IRISES" type="EYE_LYCAN"/>
        <bodyCovering c1="EYE_BLACK" c2="EYE_BLACK" modifier="EYE" pattern="EYE_PUPILS" type="EYE_PUPILS"/>
        <bodyCovering c1="EYE_WHITE" c2="EYE_WHITE" modifier="EYE" pattern="EYE_SCLERA" type="EYE_SCLERA"/>
        <bodyCovering c1="COVERING_WHITE" c2="COVERING_WHITE" modifier="FLUID" pattern="FLUID" type="CUM"/>
        <bodyCovering c1="COVERING_CLEAR" c2="COVERING_CLEAR" modifier="FLUID" pattern="FLUID" type="GIRL_CUM"/>
        <bodyCovering c1="COVERING_WHITE" c2="COVERING_WHITE" modifier="FLUID" pattern="FLUID" type="MILK"/>
      </bodyCore>
      <antennae antennaePerRow="2" length="22" rows="1" type="NONE"/>
      <arm rows="1" type="WOLF_MORPH" underarmHair="ZERO_NONE"/>
      <ass assSize="7" hipSize="7" type="WOLF_MORPH"/>
      <anus assHair="TWO_MANICURED" bleached="false" capacity="1.75" depth="2" elasticity="3" plasticity="3" stretchedCapacity="1.75" virgin="false" wetness="0">
        <anusModifiers/>
      </anus>
      <breasts milkRegeneration="3750" milkStorage="800" nippleCountPerBreast="1" rows="3" shape="ROUND" size="20" storedMilk="800.0" type="WOLF_MORPH"/>
      <nipples areolaeShape="NORMAL" areolaeSize="2" capacity="0.5" depth="2" elasticity="3" nippleShape="NORMAL" nippleSize="2" pierced="true" plasticity="3" stretchedCapacity="0.5" virgin="true">
        <nippleModifiers PUFFY="true"/>
      </nipples>
      <milk flavour="MILK" type="MILK_WOLF_MORPH">
        <milkModifiers/>
      </milk>
      <breastsCrotch milkRegeneration="3750" milkStorage="1150" nippleCountPerBreast="1" rows="3" shape="SIDE_SET" size="7" storedMilk="1150.0" type="WOLF_MORPH"/>
      <nipplesCrotch areolaeShape="NORMAL" areolaeSize="2" capacity="0.5" depth="2" elasticity="3" nippleShape="NORMAL" nippleSize="2" pierced="false" plasticity="3" stretchedCapacity="0.5" virgin="true">
        <nippleModifiers/>
      </nipplesCrotch>
      <milkCrotch flavour="MILK" type="MILK_WOLF_MORPH">
        <milkModifiers/>
      </milkCrotch>
      <ear pierced="true" type="WOLF_MORPH"/>
      <eye eyePairs="1" irisShape="ROUND" pupilShape="ROUND" type="WOLF_MORPH"/>
      <face facialHair="ZERO_NONE" piercedNose="false" type="WOLF_MORPH"/>
      <mouth capacity="6.25" depth="2" elasticity="4" lipSize="2" piercedLip="false" plasticity="3" stretchedCapacity="6.25" virgin="false" wetness="3">
        <mouthModifiers/>
      </mouth>
      <tongue piercedTongue="false" tongueLength="3">
        <tongueModifiers FLAT="true" WIDE="true"/>
      </tongue>
      <hair hairStyle="STRAIGHT" length="45" type="WOLF_MORPH"/>
      <horn hornsPerRow="2" length="2" rows="1" type="NONE"/>
      <leg configuration="BIPEDAL" footStructure="DIGITIGRADE" type="WOLF_MORPH"/>
      <penis capacity="0.0" depth="2" elasticity="0" girth="0" pierced="false" plasticity="3" size="0" stretchedCapacity="0.0" type="NONE" urethraVirgin="true" virgin="true">
        <penisModifiers/>
        <urethraModifiers/>
      </penis>
      <testicles cumExpulsion="60" cumRegeneration="10000" cumStorage="0" internal="false" numberOfTesticles="2" storedCum="0.0" testicleSize="0"/>
      <cum flavour="CUM" type="CUM_HUMAN">
        <cumModifiers SLIMY="true" STICKY="true"/>
      </cum>
      <spinneret capacity="1.75" depth="2" elasticity="4" plasticity="3" stretchedCapacity="1.75" virgin="true" wetness="1">
        <spinneretModifiers/>
      </spinneret>
      <torso type="WOLF_MORPH"/>
      <tail count="1" girth="7" length="0.4" type="WOLF_MORPH"/>
      <tentacle count="1" girth="3" length="0.0" type="NONE"/>
      <vagina capacity="20.0" clitGirth="3" clitSize="0" depth="2" eggLayer="false" elasticity="4" hymen="false" labiaSize="2" pierced="false" plasticity="3" squirter="false" stretchedCapacity="20.0" type="WOLF_MORPH" urethraCapacity="0.0" urethraDepth="2" urethraElasticity="0" urethraPlasticity="3" urethraStretchedCapacity="0.0" urethraVirgin="true" virgin="false" wetness="2">
        <clitModifiers/>
        <vaginaModifiers PUFFY="true"/>
        <urethraModifiers/>
      </vagina>
      <girlcum flavour="GIRL_CUM" type="GIRL_CUM_WOLF_MORPH">
        <girlcumModifiers SLIMY="true"/>
      </girlcum>
      <wing size="0" type="NONE"/>
    </body>
    <characterInventory>
      <maxInventorySpace value="120"/>
      <money value="1365"/>
      <essenceCount value="29"/>
      <dirtySlots/>
      <mainWeapon0>
        <weapon coreEnchantment="CRITICAL_DAMAGE" damageType="POISON" id="BlackPhillip_clawed_glove_clawed_glove" name="Clawed Glove">
          <colours>
            <colour i="0">CLOTHING_ROSE_GOLD</colour>
            <colour i="1">CLOTHING_GOLD</colour>
            <colour i="2">CLOTHING_WHITE</colour>
          </colours>
          <effects>
            <effect limit="0" mod1="CLOTHING_ATTRIBUTE" mod2="CRITICAL_DAMAGE" potency="MAJOR_BOOST" timer="0" type="CLOTHING"/>
            <effect limit="0" mod1="CLOTHING_ATTRIBUTE" mod2="CRITICAL_DAMAGE" potency="MAJOR_BOOST" timer="0" type="CLOTHING"/>
            <effect limit="0" mod1="CLOTHING_ATTRIBUTE" mod2="CRITICAL_DAMAGE" potency="MAJOR_BOOST" timer="0" type="CLOTHING"/>
            <effect limit="0" mod1="CLOTHING_ATTRIBUTE" mod2="CRITICAL_DAMAGE" potency="MAJOR_BOOST" timer="0" type="CLOTHING"/>
          </effects>
          <spells/>
          <combatMoves/>
        </weapon>
      </mainWeapon0>
      <offhandWeapon0>
        <weapon coreEnchantment="CRITICAL_DAMAGE" damageType="POISON" id="BlackPhillip_clawed_glove_clawed_glove" name="Clawed Glove">
          <colours>
            <colour i="0">CLOTHING_ROSE_GOLD</colour>
            <colour i="1">CLOTHING_GOLD</colour>
            <colour i="2">CLOTHING_WHITE</colour>
          </colours>
          <effects>
            <effect limit="0" mod1="CLOTHING_ATTRIBUTE" mod2="CRITICAL_DAMAGE" potency="MAJOR_BOOST" timer="0" type="CLOTHING"/>
            <effect limit="0" mod1="CLOTHING_ATTRIBUTE" mod2="CRITICAL_DAMAGE" potency="MAJOR_BOOST" timer="0" type="CLOTHING"/>
            <effect limit="0" mod1="CLOTHING_ATTRIBUTE" mod2="CRITICAL_DAMAGE" potency="MAJOR_BOOST" timer="0" type="CLOTHING"/>
            <effect limit="0" mod1="CLOTHING_ATTRIBUTE" mod2="CRITICAL_DAMAGE" potency="MAJOR_BOOST" timer="0" type="CLOTHING"/>
          </effects>
          <spells/>
          <combatMoves/>
        </weapon>
      </offhandWeapon0>
      <clothingEquipped>
        <clothing enchantmentKnown="true" id="GROIN_THONG" isDirty="false" name="thong" slotEquippedTo="GROIN">
          <colours>
            <colour i="0">CLOTHING_BLACK</colour>
          </colours>
        </clothing>
        <clothing enchantmentKnown="true" id="innoxia_foot_stiletto_heels" isDirty="false" name="stiletto heels" slotEquippedTo="FOOT">
          <colours>
            <colour i="0">CLOTHING_BLACK</colour>
            <colour i="1">CLOTHING_TAN</colour>
            <colour i="2">CLOTHING_GREY</colour>
          </colours>
        </clothing>
        <clothing enchantmentKnown="true" id="innoxia_sock_pantyhose" isDirty="false" name="pantyhose" slotEquippedTo="SOCK">
          <colours>
            <colour i="0">CLOTHING_BLACK</colour>
          </colours>
        </clothing>
        <clothing enchantmentKnown="true" id="NeverLucky_knotted_dildo_knotted_strapon" isDirty="false" name="knotted strap-on" slotEquippedTo="PENIS">
          <colours>
            <colour i="0">CLOTHING_RED_BRIGHT</colour>
            <colour i="1">CLOTHING_BLACK</colour>
            <colour i="2">CLOTHING_STEEL</colour>
          </colours>
        </clothing>
        <clothing enchantmentKnown="true" id="innoxia_piercing_ear_pearl_studs" isDirty="false" name="pearl stud earrings" slotEquippedTo="PIERCING_EAR">
          <colours>
            <colour i="0">CLOTHING_WHITE</colour>
            <colour i="1">CLOTHING_COPPER</colour>
          </colours>
        </clothing>
        <clothing enchantmentKnown="true" id="norin_piercings_heart_barbells" isDirty="false" name="heart-shaped barbells" slotEquippedTo="PIERCING_NIPPLE">
          <colours>
            <colour i="0">CLOTHING_BRASS</colour>
            <colour i="1">CLOTHING_PLATINUM</colour>
          </colours>
        </clothing>
        <clothing enchantmentKnown="true" id="D3VNT_Kagerou_kagerou" isDirty="false" name="Honshu Dress" slotEquippedTo="TORSO_UNDER">
          <colours>
            <colour i="0">CLOTHING_WHITE</colour>
            <colour i="1">CLOTHING_BLACK</colour>
            <colour i="2">CLOTHING_WHITE</colour>
          </colours>
          <effects>
            <effect limit="0" mod1="CLOTHING_ATTRIBUTE" mod2="DAMAGE_LUST" potency="MAJOR_BOOST" timer="48290" type="CLOTHING"/>
            <effect limit="0" mod1="CLOTHING_ATTRIBUTE" mod2="FERTILITY" potency="MAJOR_BOOST" timer="48290" type="CLOTHING"/>
            <effect limit="0" mod1="CLOTHING_ATTRIBUTE" mod2="FERTILITY" potency="MAJOR_BOOST" timer="48290" type="CLOTHING"/>
            <effect limit="0" mod1="CLOTHING_ATTRIBUTE" mod2="FERTILITY" potency="MAJOR_BOOST" timer="48290" type="CLOTHING"/>
            <effect limit="0" mod1="CLOTHING_ATTRIBUTE" mod2="FERTILITY" potency="MAJOR_BOOST" timer="48290" type="CLOTHING"/>
            <effect limit="0" mod1="CLOTHING_ATTRIBUTE" mod2="FERTILITY" potency="MAJOR_BOOST" timer="48290" type="CLOTHING"/>
            <effect limit="0" mod1="CLOTHING_ATTRIBUTE" mod2="FERTILITY" potency="MAJOR_BOOST" timer="48290" type="CLOTHING"/>
            <effect limit="0" mod1="CLOTHING_ATTRIBUTE" mod2="FERTILITY" potency="MAJOR_BOOST" timer="48290" type="CLOTHING"/>
            <effect limit="0" mod1="CLOTHING_ATTRIBUTE" mod2="FERTILITY" potency="MAJOR_BOOST" timer="48290" type="CLOTHING"/>
            <effect limit="0" mod1="CLOTHING_ATTRIBUTE" mod2="FERTILITY" potency="MAJOR_BOOST" timer="48290" type="CLOTHING"/>
            <effect limit="0" mod1="CLOTHING_ATTRIBUTE" mod2="FERTILITY" potency="MAJOR_BOOST" timer="48290" type="CLOTHING"/>
            <effect limit="0" mod1="CLOTHING_ATTRIBUTE" mod2="FERTILITY" potency="MAJOR_BOOST" timer="48290" type="CLOTHING"/>
            <effect limit="0" mod1="CLOTHING_ATTRIBUTE" mod2="FERTILITY" potency="MAJOR_BOOST" timer="48290" type="CLOTHING"/>
            <effect limit="0" mod1="CLOTHING_ATTRIBUTE" mod2="FERTILITY" potency="MAJOR_BOOST" timer="48290" type="CLOTHING"/>
            <effect limit="0" mod1="CLOTHING_ATTRIBUTE" mod2="FERTILITY" potency="MAJOR_BOOST" timer="48290" type="CLOTHING"/>
            <effect limit="0" mod1="CLOTHING_ATTRIBUTE" mod2="FERTILITY" potency="MAJOR_BOOST" timer="48290" type="CLOTHING"/>
            <effect limit="0" mod1="CLOTHING_ATTRIBUTE" mod2="FERTILITY" potency="MAJOR_BOOST" timer="48290" type="CLOTHING"/>
            <effect limit="0" mod1="CLOTHING_ATTRIBUTE" mod2="FERTILITY" potency="MAJOR_BOOST" timer="48290" type="CLOTHING"/>
            <effect limit="0" mod1="CLOTHING_ATTRIBUTE" mod2="FERTILITY" potency="MAJOR_BOOST" timer="48290" type="CLOTHING"/>
            <effect limit="0" mod1="CLOTHING_ATTRIBUTE" mod2="FERTILITY" potency="MAJOR_BOOST" timer="48290" type="CLOTHING"/>
            <effect limit="0" mod1="CLOTHING_ATTRIBUTE" mod2="FERTILITY" potency="MAJOR_BOOST" timer="48290" type="CLOTHING"/>
            <effect limit="0" mod1="CLOTHING_ATTRIBUTE" mod2="DAMAGE_LUST" potency="MAJOR_BOOST" timer="48290" type="CLOTHING"/>
            <effect limit="0" mod1="CLOTHING_ATTRIBUTE" mod2="DAMAGE_LUST" potency="MAJOR_BOOST" timer="48290" type="CLOTHING"/>
          </effects>
        </clothing>
        <clothing enchantmentKnown="true" id="innoxia_neck_heart_necklace" isDirty="false" name="Lilly's heart necklace" slotEquippedTo="NECK">
          <colours>
            <colour i="0">CLOTHING_ROSE_GOLD</colour>
            <colour i="1">CLOTHING_SILVER</colour>
          </colours>
          <effects>
            <effect limit="0" mod1="CLOTHING_ATTRIBUTE" mod2="FERTILITY" potency="MAJOR_BOOST" timer="48290" type="CLOTHING"/>
            <effect limit="0" mod1="CLOTHING_ATTRIBUTE" mod2="FERTILITY" potency="MAJOR_BOOST" timer="48290" type="CLOTHING"/>
            <effect limit="0" mod1="CLOTHING_ATTRIBUTE" mod2="FERTILITY" potency="MAJOR_BOOST" timer="48290" type="CLOTHING"/>
            <effect limit="0" mod1="CLOTHING_ATTRIBUTE" mod2="FERTILITY" potency="MAJOR_BOOST" timer="48290" type="CLOTHING"/>
            <effect limit="0" mod1="CLOTHING_ATTRIBUTE" mod2="FERTILITY" potency="MAJOR_BOOST" timer="48290" type="CLOTHING"/>
            <effect limit="0" mod1="CLOTHING_ATTRIBUTE" mod2="FERTILITY" potency="MAJOR_BOOST" timer="48290" type="CLOTHING"/>
            <effect limit="0" mod1="CLOTHING_ATTRIBUTE" mod2="FERTILITY" potency="MAJOR_BOOST" timer="48290" type="CLOTHING"/>
            <effect limit="0" mod1="CLOTHING_ATTRIBUTE" mod2="FERTILITY" potency="MAJOR_BOOST" timer="48290" type="CLOTHING"/>
            <effect limit="0" mod1="CLOTHING_ATTRIBUTE" mod2="FERTILITY" potency="MAJOR_BOOST" timer="48290" type="CLOTHING"/>
            <effect limit="0" mod1="CLOTHING_ATTRIBUTE" mod2="FERTILITY" potency="MAJOR_BOOST" timer="48290" type="CLOTHING"/>
          </effects>
        </clothing>
        <clothing enchantmentKnown="true" id="CHEST_NURSING_BRA" isDirty="false" name="Lilly's nursing bra" slotEquippedTo="CHEST">
          <colours>
            <colour i="0">CLOTHING_BLACK</colour>
          </colours>
          <effects>
            <effect limit="100000" mod1="TF_BREASTS" mod2="TF_MOD_WETNESS" potency="MAJOR_BOOST" timer="1490" type="CLOTHING"/>
            <effect limit="500000" mod1="TF_BREASTS" mod2="TF_MOD_REGENERATION" potency="MAJOR_BOOST" timer="1490" type="CLOTHING"/>
            <effect limit="0" mod1="CLOTHING_ATTRIBUTE" mod2="FERTILITY" potency="MAJOR_BOOST" timer="48290" type="CLOTHING"/>
            <effect limit="0" mod1="CLOTHING_ATTRIBUTE" mod2="FERTILITY" potency="MAJOR_BOOST" timer="48290" type="CLOTHING"/>
            <effect limit="0" mod1="CLOTHING_ATTRIBUTE" mod2="FERTILITY" potency="MAJOR_BOOST" timer="48290" type="CLOTHING"/>
            <effect limit="0" mod1="CLOTHING_ATTRIBUTE" mod2="FERTILITY" potency="MAJOR_BOOST" timer="48290" type="CLOTHING"/>
            <effect limit="0" mod1="CLOTHING_ATTRIBUTE" mod2="FERTILITY" potency="MAJOR_BOOST" timer="48290" type="CLOTHING"/>
            <effect limit="0" mod1="CLOTHING_ATTRIBUTE" mod2="FERTILITY" potency="MAJOR_BOOST" timer="48290" type="CLOTHING"/>
            <effect limit="0" mod1="CLOTHING_ATTRIBUTE" mod2="FERTILITY" potency="MAJOR_BOOST" timer="48290" type="CLOTHING"/>
            <effect limit="0" mod1="CLOTHING_ATTRIBUTE" mod2="FERTILITY" potency="MAJOR_BOOST" timer="48290" type="CLOTHING"/>
            <effect limit="0" mod1="CLOTHING_ATTRIBUTE" mod2="FERTILITY" potency="MAJOR_BOOST" timer="48290" type="CLOTHING"/>
            <effect limit="0" mod1="CLOTHING_ATTRIBUTE" mod2="FERTILITY" potency="MAJOR_BOOST" timer="48290" type="CLOTHING"/>
            <effect limit="500000" mod1="TF_BREASTS_CROTCH" mod2="TF_MOD_REGENERATION" potency="MAJOR_BOOST" timer="1490" type="CLOTHING"/>
            <effect limit="100000" mod1="TF_BREASTS_CROTCH" mod2="TF_MOD_WETNESS" potency="MAJOR_BOOST" timer="1490" type="CLOTHING"/>
          </effects>
        </clothing>
      </clothingEquipped>
      <clothingInInventory>
        <clothing count="1" enchantmentKnown="true" id="MEGA_MILK" isDirty="false" name="Mega Milk T-shirt">
          <colours>
            <colour i="0">CLOTHING_WHITE</colour>
            <colour i="1">CLOTHING_BLACK_JET</colour>
            <colour i="2">CLOTHING_WHITE</colour>
          </colours>
          <effects>
            <effect limit="0" mod1="CLOTHING_MAJOR_ATTRIBUTE" mod2="STRENGTH" potency="MAJOR_BOOST" timer="0" type="CLOTHING"/>
            <effect limit="0" mod1="CLOTHING_ATTRIBUTE" mod2="FERTILITY" potency="MAJOR_BOOST" timer="2850" type="CLOTHING"/>
            <effect limit="0" mod1="CLOTHING_ATTRIBUTE" mod2="FERTILITY" potency="MAJOR_BOOST" timer="2850" type="CLOTHING"/>
            <effect limit="0" mod1="CLOTHING_ATTRIBUTE" mod2="FERTILITY" potency="MAJOR_BOOST" timer="2850" type="CLOTHING"/>
            <effect limit="0" mod1="CLOTHING_ATTRIBUTE" mod2="FERTILITY" potency="MAJOR_BOOST" timer="2850" type="CLOTHING"/>
            <effect limit="0" mod1="CLOTHING_ATTRIBUTE" mod2="FERTILITY" potency="MAJOR_BOOST" timer="2850" type="CLOTHING"/>
            <effect limit="0" mod1="CLOTHING_ATTRIBUTE" mod2="FERTILITY" potency="MAJOR_BOOST" timer="2850" type="CLOTHING"/>
            <effect limit="0" mod1="CLOTHING_ATTRIBUTE" mod2="FERTILITY" potency="MAJOR_BOOST" timer="2850" type="CLOTHING"/>
            <effect limit="0" mod1="CLOTHING_ATTRIBUTE" mod2="FERTILITY" potency="MAJOR_BOOST" timer="2850" type="CLOTHING"/>
            <effect limit="0" mod1="CLOTHING_ATTRIBUTE" mod2="FERTILITY" potency="MAJOR_BOOST" timer="2850" type="CLOTHING"/>
            <effect limit="0" mod1="CLOTHING_ATTRIBUTE" mod2="FERTILITY" potency="MAJOR_BOOST" timer="2850" type="CLOTHING"/>
          </effects>
        </clothing>
      </clothingInInventory>
    </characterInventory>
    <tattoos>
      <tattooEntry slot="HIPS">
        <tattoo glowing="true" id="NeverLucky_Tribal Swirl_tribal_swirl" name="Tribal Swirl" primaryColour="CLOTHING_BLACK_JET" secondaryColour="CLOTHING_WHITE">
          <tattooWriting colour="BASE_GREY" glow="false">
            <styles/>
          </tattooWriting>
          <tattooCounter colour="BASE_GREY" countType="NUMBERS" glow="false" type="OFFSPRING_BIRTHED"/>
          <effects/>
        </tattoo>
      </tattooEntry>
    </tattoos>
    <attributes>
      <attribute type="AROUSAL" value="25.63"/>
      <attribute type="LUST" value="9.44"/>
      <attribute type="MAJOR_CORRUPTION" value="40.0"/>
    </attributes>
    <potionAttributes/>
    <traits>
      <perk type="FETISH_BROODMOTHER"/>
      <perk type="MALE_ATTRACTION"/>
      <perk type="NYMPHOMANIAC"/>
      <perk type="LUSTPYRE"/>
      <perk type="UNARMED_TRAINING"/>
      <perk type="FEROCIOUS_WARRIOR"/>
    </traits>
    <specialPerks/>
    <perks>
      <perk row="1" type="LEWD_KNOWLEDGE"/>
      <perk row="1" type="ARCANE_BASE"/>
      <perk row="1" type="PHYSICAL_BASE"/>
      <perk row="2" type="SEDUCTION_BOOST"/>
      <perk row="2" type="PHYSIQUE_BOOST"/>
      <perk row="2" type="FERTILITY_BOOST"/>
      <perk row="3" type="SEDUCTION_BOOST"/>
      <perk row="3" type="PHYSICAL_DAMAGE"/>
      <perk row="3" type="PHYSICAL_DEFENCE"/>
      <perk row="3" type="ENERGY_BOOST"/>
      <perk row="3" type="FERTILITY_MAJOR_BOOST"/>
      <perk row="4" type="SEDUCTION_BOOST"/>
      <perk row="4" type="PHYSICAL_DAMAGE"/>
      <perk row="4" type="ENERGY_BOOST"/>
      <perk row="4" type="PHYSICAL_DEFENCE"/>
      <perk row="4" type="FETISH_BROODMOTHER"/>
      <perk row="5" type="UNARMED_TRAINING"/>
      <perk row="5" type="UNARMED_DAMAGE"/>
      <perk row="5" type="FERTILITY_MAJOR_BOOST"/>
      <perk row="5" type="CRITICAL_BOOST_ALT"/>
      <perk row="5" type="CRITICAL_BOOST"/>
      <perk row="5" type="FERTILITY_BOOST"/>
      <perk row="6" type="MALE_ATTRACTION"/>
      <perk row="6" type="PHYSIQUE_BOOST_MAJOR"/>
      <perk row="6" type="SEDUCTION_BOOST_MAJOR"/>
      <perk row="7" type="SEDUCTION_BOOST_ALT"/>
      <perk row="7" type="SEDUCTION_BOOST"/>
      <perk row="7" type="ENERGY_BOOST_DRAIN_DAMAGE"/>
      <perk row="7" type="PHYSICAL_DAMAGE"/>
      <perk row="7" type="UNARMED_DAMAGE"/>
      <perk row="7" type="ENERGY_BOOST"/>
      <perk row="8" type="SEDUCTION_BOOST"/>
      <perk row="8" type="CONVINCING_REQUESTS"/>
      <perk row="8" type="PHYSICAL_DAMAGE"/>
      <perk row="8" type="PHYSICAL_DEFENCE"/>
      <perk row="8" type="ENERGY_BOOST"/>
      <perk row="8" type="OBJECT_OF_DESIRE"/>
      <perk row="8" type="SEDUCTION_BOOST_MAJOR"/>
      <perk row="9" type="SEDUCTION_BOOST_ALT"/>
      <perk row="9" type="SEDUCTION_BOOST"/>
      <perk row="9" type="PHYSICAL_DAMAGE"/>
      <perk row="9" type="PHYSICAL_DEFENCE"/>
      <perk row="9" type="ENERGY_BOOST"/>
      <perk row="10" type="BESERK"/>
      <perk row="10" type="NYMPHOMANIAC"/>
      <perk row="10" type="FEROCIOUS_WARRIOR"/>
      <perk row="10" type="LUSTPYRE"/>
      <perk row="11" type="PHYSIQUE_BOOST_MAJOR"/>
      <perk row="11" type="SEDUCTION_BOOST_MAJOR"/>
      <perk row="12" type="ELEMENTAL_BOOST_ALT"/>
      <perk row="12" type="ELEMENTAL_BOOST"/>
    </perks>
    <knownSpells/>
    <spellUpgrades/>
    <spellUpgradePoints>
      <upgradeEntry points="0" school="EARTH"/>
      <upgradeEntry points="0" school="WATER"/>
      <upgradeEntry points="0" school="AIR"/>
      <upgradeEntry points="0" school="FIRE"/>
      <upgradeEntry points="0" school="ARCANE"/>
    </spellUpgradePoints>
    <fetishes>
      <fetish type="FETISH_BREASTS_SELF"/>
      <fetish type="FETISH_SIZE_QUEEN"/>
      <fetish type="FETISH_STRUTTER"/>
      <fetish type="FETISH_BREEDER"/>
      <fetish type="FETISH_PREGNANCY"/>
      <fetish type="FETISH_IMPREGNATION"/>
      <fetish type="FETISH_LACTATION_SELF"/>
    </fetishes>
    <fetishDesire>
      <entry desire="THREE_LIKE" fetish="FETISH_VAGINAL_GIVING"/>
      <entry desire="THREE_LIKE" fetish="FETISH_LEG_LOVER"/>
      <entry desire="THREE_LIKE" fetish="FETISH_ORAL_RECEIVING"/>
      <entry desire="FOUR_LOVE" fetish="FETISH_SIZE_QUEEN"/>
      <entry desire="FOUR_LOVE" fetish="FETISH_BREASTS_OTHERS"/>
      <entry desire="FOUR_LOVE" fetish="FETISH_DOMINANT"/>
      <entry desire="FOUR_LOVE" fetish="FETISH_SUBMISSIVE"/>
      <entry desire="FOUR_LOVE" fetish="FETISH_PREGNANCY"/>
      <entry desire="THREE_LIKE" fetish="FETISH_ANAL_RECEIVING"/>
      <entry desire="THREE_LIKE" fetish="FETISH_ORAL_GIVING"/>
      <entry desire="FOUR_LOVE" fetish="FETISH_BREASTS_SELF"/>
      <entry desire="FOUR_LOVE" fetish="FETISH_STRUTTER"/>
      <entry desire="THREE_LIKE" fetish="FETISH_PENIS_RECEIVING"/>
      <entry desire="FOUR_LOVE" fetish="FETISH_IMPREGNATION"/>
      <entry desire="FOUR_LOVE" fetish="FETISH_LACTATION_SELF"/>
    </fetishDesire>
    <fetishExperience>
      <entry experience="8" fetish="FETISH_PURE_VIRGIN"/>
    </fetishExperience>
    <statusEffects>
      <statusEffect lta="124270" sp="50230" sr="-1" type="ORIENTATION_AMBIPHILIC"/>
      <statusEffect lta="124270" sp="50230" sr="-1" type="COMPANIONS_LEAVING"/>
      <statusEffect lta="124270" sp="49570" sr="-1" type="CORRUPTION_PERK_2"/>
      <statusEffect lta="124270" sp="49420" sr="-1" type="INTELLIGENCE_PERK_1"/>
      <statusEffect lta="124270" sp="45820" sr="-1" type="SUBSPECIES_BONUS"/>
      <statusEffect lta="124270" sp="45820" sr="-1" type="PHYSIQUE_PERK_2"/>
      <statusEffect lta="124270" sp="45820" sr="40580" type="WELL_RESTED_BOOSTED"/>
      <statusEffect lta="124270" sp="2620" sr="-1" type="WEATHER_CLEAR"/>
      <statusEffect lta="124270" sp="1540" sr="12860" type="RECOVERING_AURA"/>
      <statusEffect lta="124270" sp="1180" sr="-1" type="AROUSAL_PERK_2"/>
      <statusEffect lta="124270" sp="1180" sr="-1" type="LUST_PERK_0"/>
      <statusEffect lta="124260" sp="1180" sr="-1" type="FireFaux_faux_cox"/>
      <statusEffect lta="124270" sp="10" sr="-1" type="MILK_FULL"/>
      <statusEffect lta="124270" sp="10" sr="-1" type="MILK_CROTCH_FULL"/>
    </statusEffects>
    <knownMoves/>
    <equippedMoves>
      <move type="BASIC_STRIKE"/>
      <move type="TEASE_FERTILITY"/>
      <move type="WOLF_SAVAGE"/>
      <move type="BITE"/>
      <move type="TEASE_BREASTS"/>
      <move type="Phobos_fighting_boobs"/>
      <move type="TEASE_LACTATION"/>
      <move type="BASIC_OFFHAND_STRIKE"/>
    </equippedMoves>
    <characterRelationships>
      <relationship character="-1,Kate" value="0.0"/>
    </characterRelationships>
    <pregnancy littersGenerated="0" timeProgressedToFinalPregnancyStage="1"/>
    <family>
      <motherId value=""/>
      <motherName value="???"/>
      <motherFemininity value="FEMININE"/>
      <motherSubspecies value="HUMAN"/>
      <fatherId value=""/>
      <fatherName value="???"/>
      <fatherFemininity value="MASCULINE"/>
      <fatherSubspecies value="HUMAN"/>
      <yearOfConception value="1998"/>
      <monthOfConception value="DECEMBER"/>
      <dayOfConception value="12"/>
    </family>
    <slavery>
      <slavesOwned/>
      <owner value=""/>
    </slavery>
    <companions>
      <companionsFollowing/>
      <partyLeader value=""/>
      <maxCompanions value="1"/>
    </companions>
    <sexStats>
      <fluidsStoredMap>
        <entry orifice="ANUS"/>
        <entry orifice="NIPPLE"/>
        <entry orifice="MOUTH"/>
        <entry orifice="VAGINA"/>
        <entry orifice="SPINNERET"/>
        <entry orifice="URETHRA_PENIS"/>
        <entry orifice="NIPPLE_CROTCH"/>
        <entry orifice="URETHRA_VAGINA"/>
      </fluidsStoredMap>
      <daysOrgasmCount value="4"/>
      <daysOrgasmCountRecord value="4"/>
      <totalOrgasmCount value="4"/>
      <sexPartners>
        <sexCount asDom="1" asSub="0" consensual="1" id="PlayerCharacter"/>
        <sexCount asDom="1" asSub="0" consensual="1" id="-1,Kate"/>
        <sexCount asDom="0" asSub="0" consensual="0" id="unknown">
          <sexType other="TONGUE" participant="NORMAL" self="VAGINA" sex="100"/>
          <sexType other="FINGER" participant="NORMAL" self="PENIS" sex="0"/>
          <sexType other="PENIS" participant="NORMAL" self="MOUTH" sex="100"/>
          <sexType other="FINGER" participant="NORMAL" self="VAGINA" sex="100"/>
          <sexType other="VAGINA" participant="NORMAL" self="FINGER" sex="100"/>
          <sexType other="ANUS" participant="NORMAL" self="PENIS" sex="100"/>
          <sexType other="PENIS" participant="NORMAL" self="FINGER" sex="100"/>
          <sexType other="PENIS" participant="NORMAL" self="ANUS" sex="100"/>
          <sexType other="PENIS" participant="NORMAL" self="VAGINA" sex="100"/>
          <sexType other="VAGINA" participant="NORMAL" self="TONGUE" sex="100"/>
          <sexType other="VAGINA" participant="NORMAL" self="PENIS" sex="100"/>
          <sexType other="MOUTH" participant="NORMAL" self="PENIS" sex="0"/>
        </sexCount>
      </sexPartners>
      <virginityLosses>
        <sexType other="TONGUE" participant="NORMAL" self="VAGINA" takenBy="" takenDescription="your boyfriend"/>
        <sexType other="PENIS" participant="NORMAL" self="MOUTH" takenBy="" takenDescription="your boyfriend"/>
        <sexType other="FINGER" participant="NORMAL" self="VAGINA" takenBy="" takenDescription="your boyfriend"/>
        <sexType other="VAGINA" participant="NORMAL" self="FINGER" takenBy="" takenDescription="your boyfriend"/>
        <sexType other="PENIS" participant="NORMAL" self="FINGER" takenBy="" takenDescription="your boyfriend"/>
        <sexType other="PENIS" participant="NORMAL" self="ANUS" takenBy="" takenDescription="your boyfriend"/>
        <sexType other="PENIS" participant="NORMAL" self="VAGINA" takenBy="" takenDescription="your boyfriend"/>
        <sexType other="VAGINA" participant="NORMAL" self="TONGUE" takenBy="" takenDescription="your boyfriend"/>
      </virginityLosses>
    </sexStats>
    <addictionsCore alcoholLevel="0.0">
      <addictions/>
      <psychoactiveFluids/>
    </addictionsCore>
    <playerSpecific>
      <title value="The Human"/>
      <karma value="0"/>
      <questUpdates/>
      <mainQuestUpdated value="true"/>
      <sideQuestUpdated value="true"/>
      <relationshipQuestUpdated value="false"/>
      <raceBooksDiscovered/>
      <charactersEncountered>
        <id value="-1,Kate"/>
        <id value="-1,Lilaya"/>
        <id value="-1,Rose"/>
      </charactersEncountered>
      <questMap>
        <entry q0="SIDE_ENCHANTMENTS_LILAYA_HELP" questLine="SIDE_ENCHANTMENT_DISCOVERY"/>
        <entry q0="MAIN_PROLOGUE" q1="MAIN_1_A_LILAYAS_TESTS" questLine="MAIN"/>
      </questMap>
      <questFailedMap/>
      <friendlyOccupants/>
      <worldsVisited>
        <world id="SHOPPING_ARCADE"/>
        <world id="LILAYAS_HOUSE_GROUND_FLOOR"/>
        <world id="MUSEUM"/>
        <world id="LILAYAS_HOUSE_FIRST_FLOOR"/>
        <world id="DOMINION"/>
      </worldsVisited>
      <itemsDiscovered>
        <type>DYE_BRUSH</type>
      </itemsDiscovered>
      <weaponsDiscovered>
        <type>innoxia_crystal_rare</type>
        <type>BlackPhillip_clawed_glove_clawed_glove</type>
      </weaponsDiscovered>
      <clothingDiscovered>
        <type>GROIN_THONG</type>
        <type>innoxia_foot_stiletto_heels</type>
        <type>NeverLucky_knotted_dildo_knotted_strapon</type>
        <type>MEGA_MILK</type>
        <type>D3VNT_Kagerou_kagerou</type>
        <type>CHEST_NURSING_BRA</type>
        <type>innoxia_sock_pantyhose</type>
        <type>innoxia_neck_heart_necklace</type>
        <type>norin_piercings_heart_barbells</type>
        <type>innoxia_piercing_ear_pearl_studs</type>
      </clothingDiscovered>
      <racesDiscovered>
        <race>HALF_DEMON</race>
        <race>HUMAN</race>
        <race>DEMON</race>
        <race>CAT_MORPH</race>
      </racesDiscovered>
      <racesDiscoveredAdvanced/>
    </playerSpecific>
  </character>
</playerCharacter>
