<?xml version="1.0" encoding="UTF-8" standalone="no"?>
<playerCharacter>
  <character>
    <!--If you want to edit any of these values, just be warned that it might break the game...-->
    <core>
      <id value="PlayerCharacter"/>
      <pathName value="com.lilithsthrone.game.character.PlayerCharacter"/>
      <name nameAndrogynous="Al" nameFeminine="Aldra" nameMasculine="Aldo"/>
      <surname value="Darkveil"/>
      <genericName value=""/>
      <description value="Having been pulled into an enchanted mirror in your aunt Lily's museum, you woke up to find yourself in another world. By a stroke of good fortune, one of the first people you met was Lilaya; this world's version of your aunt. Having convinced her that your story is true, you're now working towards finding a way to get back to your old world."/>
      <playerKnowsName value="true"/>
      <playerOnFirstNameTerms value="false"/>
      <raceConcealed value="false"/>
      <level value="10"/>
      <ageAppearanceDifference value="-3"/>
      <yearOfBirth value="1999"/>
      <monthOfBirth value="OCTOBER"/>
      <dayOfBirth value="31"/>
      <version value="0.4.1.1"/>
      <history value="ARISTOCRAT"/>
      <elemental value=""/>
      <elementalSummoned value="false"/>
      <combatBehaviour value="BALANCED"/>
      <lastTimeHadSex value="-1"/>
      <lastTimeOrgasmed value="-1"/>
      <desiredJobs/>
      <petNames/>
      <personality>
        <trait>BRAVE</trait>
        <trait>SELFISH</trait>
        <trait>CONFIDENT</trait>
        <trait>CYNICAL</trait>
        <trait>LEWD</trait>
      </personality>
      <sexualOrientation value="GYNEPHILIC"/>
      <obedience value="0.0"/>
      <genderIdentity value="M_P_MALE"/>
      <foughtPlayerCount value="0"/>
      <lostCombatCount value="0"/>
      <wonCombatCount value="0"/>
      <experience value="0"/>
      <perkPoints value="0"/>
      <perkCategoryPoints/>
      <health value="91.63636"/>
      <mana value="12.222222"/>
      <areasKnownByCharacters/>
    </core>
    <locationInformation>
      <worldLocation value="LILAYAS_HOUSE_FIRST_FLOOR"/>
      <homeWorldLocation value="MUSEUM"/>
      <location x="4" y="3"/>
      <homeLocation x="2" y="0"/>
      <globalLocation x="20" y="17"/>
    </locationInformation>
    <body>
      <bodyCore bodyMaterial="FLESH" bodySize="70" femininity="25" feral="false" genitalArrangement="NORMAL" height="190" muscle="70" piercedStomach="false" pubicHair="FOUR_NATURAL" subspeciesOverride="HALF_DEMON" takesAfterMother="true" version="0.4.1.1">
        <bodyCovering c1="COVERING_BROWN" c2="COVERING_WHITE" modifier="SHIMMERING" pattern="MARKED" type="dsg_dragon_scales"/>
        <bodyCovering c1="COVERING_BROWN" c2="COVERING_BROWN" modifier="COARSE" pattern="NONE" type="dsg_dragon_body_hair"/>
        <bodyCovering c1="COVERING_PURPLE_DARK" c2="COVERING_WHITE" modifier="SILKEN" pattern="NONE" type="dsg_dragon_hair"/>
        <bodyCovering c1="SKIN_LIGHT" c2="SKIN_LIGHT" modifier="SMOOTH" pattern="NONE" type="HUMAN"/>
        <bodyCovering c1="COVERING_WHITE" c2="COVERING_BROWN" modifier="SHORT" pattern="NONE" type="BAT_FUR"/>
        <bodyCovering c1="SKIN_LIGHT" c2="ORIFICE_INTERIOR" modifier="SMOOTH" pattern="NONE" type="PENIS"/>
        <bodyCovering c1="SKIN_LIGHT" c2="ORIFICE_INTERIOR" modifier="SMOOTH" pattern="ORIFICE_ANUS" type="ANUS"/>
        <bodyCovering c1="SKIN_LIGHT" c2="ORIFICE_INTERIOR" modifier="SMOOTH" pattern="ORIFICE_MOUTH" type="MOUTH"/>
        <bodyCovering c1="SKIN_LIGHT" c2="ORIFICE_INTERIOR" modifier="SMOOTH" pattern="ORIFICE_NIPPLE" type="NIPPLES"/>
        <bodyCovering c1="SKIN_LIGHT" c2="ORIFICE_INTERIOR" modifier="SMOOTH" pattern="ORIFICE_NIPPLE_CROTCH" type="NIPPLES_CROTCH"/>
        <bodyCovering c1="SKIN_LIGHT" c2="ORIFICE_INTERIOR" modifier="SMOOTH" pattern="ORIFICE_VAGINA" type="VAGINA"/>
        <bodyCovering c1="SKIN_LIGHT" c2="ORIFICE_INTERIOR" modifier="SMOOTH" pattern="ORIFICE_SPINNERET" type="SPINNERET"/>
        <bodyCovering c1="COVERING_WHITE" c2="COVERING_BROWN" modifier="SMOOTH" pattern="NONE" type="ANTENNA"/>
        <bodyCovering c1="COVERING_WHITE" c2="COVERING_WHITE" modifier="SMOOTH" pattern="NONE" type="HORN"/>
        <bodyCovering c1="ORIFICE_INTERIOR" c2="ORIFICE_INTERIOR" modifier="SMOOTH" pattern="NONE" type="TONGUE"/>
        <bodyCovering c1="COVERING_BROWN" c2="COVERING_BROWN" modifier="SMOOTH" pattern="NONE" type="HAIR_HUMAN"/>
        <bodyCovering c1="COVERING_BROWN" c2="COVERING_BROWN" modifier="COARSE" pattern="NONE" type="BODY_HAIR_HUMAN"/>
        <bodyCovering c1="COVERING_WHITE" c2="COVERING_WHITE" modifier="SILKEN" pattern="NONE" type="BODY_HAIR_DEMON"/>
        <bodyCovering c1="COVERING_BROWN" c2="COVERING_BROWN" modifier="FURRY" pattern="NONE" type="BODY_HAIR_BAT_FUR"/>
        <bodyCovering c1="EYE_BROWN" c2="EYE_BROWN" modifier="EYE" pattern="EYE_IRISES" type="EYE_HUMAN"/>
        <bodyCovering c1="EYE_CRIMSON" c2="EYE_RED" g1="true" modifier="EYE" pattern="EYE_IRISES" type="EYE_DEMON_COMMON"/>
        <bodyCovering c1="EYE_BLACK" c2="EYE_BLACK" modifier="EYE" pattern="EYE_PUPILS" type="EYE_PUPILS"/>
        <bodyCovering c1="EYE_WHITE" c2="EYE_WHITE" modifier="EYE" pattern="EYE_SCLERA" type="EYE_SCLERA"/>
        <bodyCovering c1="COVERING_WHITE" c2="COVERING_WHITE" modifier="FLUID" pattern="FLUID" type="CUM"/>
        <bodyCovering c1="COVERING_CLEAR" c2="COVERING_CLEAR" modifier="FLUID" pattern="FLUID" type="GIRL_CUM"/>
        <bodyCovering c1="COVERING_WHITE" c2="COVERING_WHITE" modifier="FLUID" pattern="FLUID" type="MILK"/>
      </bodyCore>
      <antennae antennaePerRow="2" length="22" rows="1" type="NONE"/>
      <arm rows="1" type="dsg_dragon_armWings" underarmHair="FOUR_NATURAL"/>
      <ass assSize="2" hipSize="2" type="dsg_dragon_ass"/>
      <anus assHair="FOUR_NATURAL" bleached="false" capacity="1.75" depth="2" elasticity="3" plasticity="3" stretchedCapacity="1.75" virgin="false" wetness="0">
        <anusModifiers/>
      </anus>
      <breasts milkRegeneration="500" milkStorage="0" nippleCountPerBreast="1" rows="1" shape="ROUND" size="0" storedMilk="0.0" type="dsg_dragon_breast"/>
      <nipples areolaeShape="NORMAL" areolaeSize="0" capacity="0.5" depth="2" elasticity="3" nippleShape="NORMAL" nippleSize="0" pierced="false" plasticity="3" stretchedCapacity="0.5" virgin="true">
        <nippleModifiers/>
      </nipples>
      <milk flavour="MILK" type="dsg_dragon_milk">
        <milkModifiers/>
      </milk>
      <breastsCrotch milkRegeneration="500" milkStorage="0" nippleCountPerBreast="1" rows="1" shape="PERKY" size="7" storedMilk="0.0" type="NONE"/>
      <nipplesCrotch areolaeShape="NORMAL" areolaeSize="2" capacity="0.5" depth="2" elasticity="3" nippleShape="NORMAL" nippleSize="2" pierced="false" plasticity="3" stretchedCapacity="0.5" virgin="true">
        <nippleModifiers/>
      </nipplesCrotch>
      <milkCrotch flavour="MILK" type="MILK_HUMAN">
        <milkModifiers/>
      </milkCrotch>
      <ear pierced="false" type="BAT_MORPH"/>
      <eye eyePairs="1" irisShape="ROUND" pupilShape="VERTICAL" type="DEMON_COMMON"/>
      <face facialHair="ZERO_NONE" piercedNose="false" type="BAT_MORPH"/>
      <mouth capacity="6.25" depth="2" elasticity="4" lipSize="1" piercedLip="false" plasticity="3" stretchedCapacity="6.25" virgin="false" wetness="3">
        <mouthModifiers/>
      </mouth>
      <tongue piercedTongue="false" tongueLength="3">
        <tongueModifiers/>
      </tongue>
      <hair hairStyle="MESSY" length="22" type="dsg_dragon_hair"/>
      <horn hornsPerRow="2" length="2" rows="1" type="NONE"/>
      <leg configuration="BIPEDAL" footStructure="DIGITIGRADE" type="dsg_dragon_leg"/>
      <penis capacity="0.0" depth="2" elasticity="0" girth="5" pierced="false" plasticity="3" size="25" stretchedCapacity="0.0" type="dsg_dragon_penis" urethraVirgin="true" virgin="false">
        <penisModifiers FLARED="true" KNOTTED="true" SHEATHED="true"/>
        <urethraModifiers/>
      </penis>
      <testicles cumExpulsion="60" cumRegeneration="10000" cumStorage="511" internal="false" numberOfTesticles="2" storedCum="511.0" testicleSize="2"/>
      <cum flavour="CUM" type="dsg_dragon_cum">
        <cumModifiers ADDICTIVE="true" HALLUCINOGENIC="true" SLIMY="true" STICKY="true"/>
      </cum>
      <spinneret capacity="1.75" depth="2" elasticity="4" plasticity="3" stretchedCapacity="1.75" virgin="true" wetness="1">
        <spinneretModifiers/>
      </spinneret>
      <torso type="dsg_dragon_torso"/>
      <tail count="1" girth="4" length="0.6" type="dsg_dragon_tail"/>
      <tentacle count="1" girth="3" length="0.0" type="NONE"/>
      <vagina capacity="0.0" clitGirth="0" clitSize="0" depth="2" eggLayer="false" elasticity="3" hymen="true" labiaSize="0" pierced="false" plasticity="3" squirter="false" stretchedCapacity="0.0" type="NONE" urethraCapacity="0.0" urethraDepth="2" urethraElasticity="0" urethraPlasticity="3" urethraStretchedCapacity="0.0" urethraVirgin="true" virgin="true" wetness="0">
        <clitModifiers/>
        <vaginaModifiers/>
        <urethraModifiers/>
      </vagina>
      <girlcum flavour="GIRL_CUM" type="GIRL_CUM_HUMAN">
        <girlcumModifiers SLIMY="true"/>
      </girlcum>
      <wing size="0" type="NONE"/>
    </body>
    <characterInventory>
      <maxInventorySpace value="120"/>
      <money value="0"/>
      <essenceCount value="0"/>
      <dirtySlots/>
      <mainWeapon0>
        <weapon coreEnchantment="DAMAGE_PHYSICAL" damageType="PHYSICAL" id="innoxia_crystal_epic" name="misty demonstone">
          <effects>
            <effect limit="0" mod1="CLOTHING_ATTRIBUTE" mod2="DAMAGE_PHYSICAL" potency="MAJOR_BOOST" timer="2850" type="WEAPON"/>
            <effect limit="0" mod1="CLOTHING_ATTRIBUTE" mod2="RESISTANCE_PHYSICAL" potency="MAJOR_BOOST" timer="2850" type="WEAPON"/>
          </effects>
          <spells>
            <spell value="SLAM"/>
          </spells>
          <combatMoves/>
        </weapon>
      </mainWeapon0>
      <clothingEquipped>
        <clothing enchantmentKnown="true" id="dsg_hlf_equip_sbandana" isDirty="false" name="skull-patterned bandana" slotEquippedTo="MOUTH">
          <colours>
            <colour i="0">CLOTHING_BLACK_JET</colour>
            <colour i="1">CLOTHING_RED_VERY_DARK</colour>
          </colours>
        </clothing>
        <clothing enchantmentKnown="true" id="innoxia_torso_tshirt" isDirty="false" name="T-shirt" slotEquippedTo="TORSO_UNDER">
          <colours>
            <colour i="0">CLOTHING_RED</colour>
          </colours>
        </clothing>
        <clothing enchantmentKnown="true" id="innoxia_finger_ring" isDirty="false" name="ring" slotEquippedTo="FINGER">
          <colours>
            <colour i="0">CLOTHING_BLACK_STEEL</colour>
          </colours>
        </clothing>
        <clothing enchantmentKnown="true" id="innoxia_leg_cargo_trousers" isDirty="false" name="cargo trousers" slotEquippedTo="LEG">
          <colours>
            <colour i="0">CLOTHING_BLACK</colour>
            <colour i="1">CLOTHING_STEEL</colour>
          </colours>
        </clothing>
        <clothing enchantmentKnown="true" id="GROIN_BOXERS" isDirty="false" name="boxer shorts" slotEquippedTo="GROIN">
          <colours>
            <colour i="0">CLOTHING_BLACK</colour>
          </colours>
        </clothing>
        <clothing enchantmentKnown="true" id="innoxia_foot_trainers" isDirty="false" name="trainers" slotEquippedTo="FOOT">
          <colours>
            <colour i="0">CLOTHING_PURPLE_ROYAL</colour>
            <colour i="1">CLOTHING_PURPLE_VERY_DARK</colour>
            <colour i="2">CLOTHING_BLACK_JET</colour>
          </colours>
        </clothing>
        <clothing enchantmentKnown="true" id="innoxia_sock_socks" isDirty="false" name="socks" slotEquippedTo="SOCK">
          <colours>
            <colour i="0">CLOTHING_BLACK</colour>
          </colours>
        </clothing>
        <clothing enchantmentKnown="true" id="sage_Clothestwo_2BBlind" isDirty="false" name="YoRHa blindfold" slotEquippedTo="EYES">
          <colours>
            <colour i="0">CLOTHING_BLUE_VERY_DARK</colour>
          </colours>
        </clothing>
      </clothingEquipped>
      <clothingInInventory>
        <clothing count="1" enchantmentKnown="true" id="dsg_ljacket_ljacket" isDirty="false" name="men's leather jacket">
          <colours>
            <colour i="0">CLOTHING_BLACK</colour>
            <colour i="1">CLOTHING_GREY_DARK</colour>
            <colour i="2">CLOTHING_STEEL</colour>
          </colours>
        </clothing>
      </clothingInInventory>
    </characterInventory>
    <attributes>
      <attribute type="LUST" value="28.8"/>
      <attribute type="MAJOR_CORRUPTION" value="72.0"/>
    </attributes>
    <potionAttributes/>
    <traits>
      <perk type="ORGASMIC_LEVEL_DRAIN"/>
    </traits>
    <specialPerks/>
    <perks>
      <perk row="1" type="LEWD_KNOWLEDGE"/>
      <perk row="1" type="ARCANE_BASE"/>
      <perk row="1" type="PHYSICAL_BASE"/>
      <perk row="2" type="SEDUCTION_BOOST"/>
      <perk row="2" type="PHYSIQUE_BOOST"/>
      <perk row="3" type="SEDUCTION_BOOST"/>
      <perk row="3" type="PHYSICAL_DAMAGE"/>
      <perk row="3" type="ORGASMIC_LEVEL_DRAIN"/>
      <perk row="4" type="SEDUCTION_BOOST"/>
      <perk row="4" type="PHYSICAL_DAMAGE"/>
      <perk row="5" type="UNARMED_DAMAGE"/>
      <perk row="5" type="CRITICAL_BOOST_ALT"/>
      <perk row="5" type="CRITICAL_BOOST"/>
      <perk row="6" type="PHYSIQUE_BOOST_MAJOR"/>
      <perk row="7" type="PHYSICAL_DAMAGE"/>
      <perk row="8" type="PHYSICAL_DAMAGE"/>
    </perks>
    <knownSpells>
      <spell type="CLOAK_OF_FLAMES"/>
      <spell type="TELEPORT"/>
      <spell type="FLASH"/>
      <spell type="STEAL"/>
      <spell type="TELEPATHIC_COMMUNICATION"/>
      <spell type="ARCANE_CLOUD"/>
      <spell type="CLEANSE"/>
      <spell type="FIREBALL"/>
      <spell type="LILITHS_COMMAND"/>
      <spell type="ARCANE_AROUSAL"/>
    </knownSpells>
    <spellUpgrades>
      <upgrade type="ARCANE_AROUSAL_1"/>
      <upgrade type="ARCANE_AROUSAL_2"/>
      <upgrade type="ARCANE_AROUSAL_3"/>
      <upgrade type="TELEPATHIC_COMMUNICATION_1"/>
      <upgrade type="TELEPATHIC_COMMUNICATION_2"/>
      <upgrade type="TELEPATHIC_COMMUNICATION_3"/>
      <upgrade type="ARCANE_CLOUD_1"/>
      <upgrade type="ARCANE_CLOUD_2"/>
      <upgrade type="ARCANE_CLOUD_3"/>
      <upgrade type="CLEANSE_1"/>
      <upgrade type="CLEANSE_2"/>
      <upgrade type="CLEANSE_3"/>
      <upgrade type="STEAL_1"/>
      <upgrade type="STEAL_2"/>
      <upgrade type="STEAL_3A"/>
      <upgrade type="STEAL_3B"/>
      <upgrade type="TELEPORT_1"/>
      <upgrade type="TELEPORT_2"/>
      <upgrade type="TELEPORT_3"/>
      <upgrade type="LILITHS_COMMAND_1"/>
      <upgrade type="LILITHS_COMMAND_2"/>
      <upgrade type="LILITHS_COMMAND_3"/>
    </spellUpgrades>
    <spellUpgradePoints>
      <upgradeEntry points="0" school="EARTH"/>
      <upgradeEntry points="0" school="WATER"/>
      <upgradeEntry points="0" school="AIR"/>
      <upgradeEntry points="0" school="FIRE"/>
      <upgradeEntry points="0" school="ARCANE"/>
    </spellUpgradePoints>
    <fetishes>
      <fetish type="FETISH_BREASTS_OTHERS"/>
      <fetish type="FETISH_KINK_GIVING"/>
      <fetish type="FETISH_DENIAL"/>
      <fetish type="FETISH_IMPREGNATION"/>
      <fetish type="FETISH_ANAL_GIVING"/>
      <fetish type="FETISH_NON_CON_DOM"/>
      <fetish type="FETISH_DOMINANT"/>
      <fetish type="FETISH_VOYEURIST"/>
      <fetish type="FETISH_BONDAGE_APPLIER"/>
      <fetish type="FETISH_SADIST"/>
      <fetish type="FETISH_DEFLOWERING"/>
      <fetish type="FETISH_PENIS_GIVING"/>
      <fetish type="FETISH_ORAL_RECEIVING"/>
      <fetish type="FETISH_TRANSFORMATION_GIVING"/>
    </fetishes>
    <fetishDesire>
      <entry desire="ZERO_HATE" fetish="FETISH_MASOCHIST"/>
      <entry desire="ZERO_HATE" fetish="FETISH_ORAL_GIVING"/>
      <entry desire="ZERO_HATE" fetish="FETISH_LACTATION_SELF"/>
      <entry desire="FOUR_LOVE" fetish="FETISH_KINK_GIVING"/>
      <entry desire="FOUR_LOVE" fetish="FETISH_NON_CON_DOM"/>
      <entry desire="FOUR_LOVE" fetish="FETISH_BONDAGE_APPLIER"/>
      <entry desire="ZERO_HATE" fetish="FETISH_BREASTS_SELF"/>
      <entry desire="ZERO_HATE" fetish="FETISH_TRANSFORMATION_RECEIVING"/>
      <entry desire="ZERO_HATE" fetish="FETISH_KINK_RECEIVING"/>
      <entry desire="FOUR_LOVE" fetish="FETISH_PENIS_GIVING"/>
      <entry desire="FOUR_LOVE" fetish="FETISH_TRANSFORMATION_GIVING"/>
      <entry desire="ZERO_HATE" fetish="FETISH_NON_CON_SUB"/>
      <entry desire="FOUR_LOVE" fetish="FETISH_BREASTS_OTHERS"/>
      <entry desire="ZERO_HATE" fetish="FETISH_SUBMISSIVE"/>
      <entry desire="ZERO_HATE" fetish="FETISH_ANAL_RECEIVING"/>
      <entry desire="FOUR_LOVE" fetish="FETISH_DENIAL"/>
      <entry desire="FOUR_LOVE" fetish="FETISH_IMPREGNATION"/>
      <entry desire="FOUR_LOVE" fetish="FETISH_ANAL_GIVING"/>
      <entry desire="ZERO_HATE" fetish="FETISH_PURE_VIRGIN"/>
      <entry desire="ZERO_HATE" fetish="FETISH_BONDAGE_VICTIM"/>
      <entry desire="FOUR_LOVE" fetish="FETISH_DOMINANT"/>
      <entry desire="ZERO_HATE" fetish="FETISH_PENIS_RECEIVING"/>
      <entry desire="FOUR_LOVE" fetish="FETISH_VOYEURIST"/>
      <entry desire="ZERO_HATE" fetish="FETISH_DENIAL_SELF"/>
      <entry desire="FOUR_LOVE" fetish="FETISH_SADIST"/>
      <entry desire="FOUR_LOVE" fetish="FETISH_DEFLOWERING"/>
      <entry desire="FOUR_LOVE" fetish="FETISH_ORAL_RECEIVING"/>
    </fetishDesire>
    <fetishExperience/>
    <statusEffects>
      <statusEffect lta="78450" sp="4410" sr="-1" type="AROUSAL_PERK_0"/>
      <statusEffect lta="78450" sp="4410" sr="-1" type="COMPANIONS_LEAVING"/>
      <statusEffect lta="78450" sp="4410" sr="-1" type="CUM_FULL"/>
      <statusEffect lta="78450" sp="4410" sr="-1" type="ORIENTATION_GYNEPHILIC"/>
      <statusEffect lta="78450" sp="3600" sr="-1" type="WEATHER_STORM_PROTECTED"/>
      <statusEffect lta="78450" sp="0" sr="-1" type="LUST_PERK_2"/>
      <statusEffect lta="78450" sp="0" sr="-1" type="SUBSPECIES_BONUS"/>
      <statusEffect lta="78450" sp="0" sr="-1" type="PHYSIQUE_PERK_1"/>
      <statusEffect lta="78450" sp="0" sr="-1" type="INTELLIGENCE_PERK_2"/>
      <statusEffect lta="78450" sp="0" sr="-1" type="CORRUPTION_PERK_5"/>
      <statusEffect lta="78450" sp="0" sr="-1" type="FIRE_MANA_BURN"/>
    </statusEffects>
    <knownMoves/>
    <equippedMoves>
      <move type="BASIC_STRIKE"/>
      <move type="BASIC_BLOCK"/>
      <move type="BASIC_ARCANE_STRIKE"/>
      <move type="SPELL_FIREBALL"/>
      <move type="SPELL_CLOAK_OF_FLAMES"/>
      <move type="SPELL_ARCANE_AROUSAL"/>
      <move type="SPELL_TELEPORT"/>
      <move type="SPELL_SLAM"/>
    </equippedMoves>
    <characterRelationships/>
    <pregnancy littersGenerated="0" timeProgressedToFinalPregnancyStage="1"/>
    <family>
      <motherId value=""/>
      <motherName value="???"/>
      <motherFemininity value="FEMININE"/>
      <motherSubspecies value="HUMAN"/>
      <fatherId value=""/>
      <fatherName value="???"/>
      <fatherFemininity value="MASCULINE"/>
      <fatherSubspecies value="HUMAN"/>
      <yearOfConception value="1998"/>
      <monthOfConception value="NOVEMBER"/>
      <dayOfConception value="16"/>
    </family>
    <slavery>
      <slavesOwned/>
      <owner value=""/>
    </slavery>
    <companions>
      <companionsFollowing/>
      <partyLeader value=""/>
      <maxCompanions value="1"/>
    </companions>
    <sexStats>
      <fluidsStoredMap>
        <entry orifice="ANUS"/>
        <entry orifice="NIPPLE"/>
        <entry orifice="MOUTH"/>
        <entry orifice="VAGINA"/>
        <entry orifice="SPINNERET"/>
        <entry orifice="URETHRA_PENIS"/>
        <entry orifice="NIPPLE_CROTCH"/>
        <entry orifice="URETHRA_VAGINA"/>
      </fluidsStoredMap>
      <daysOrgasmCount value="0"/>
      <daysOrgasmCountRecord value="0"/>
      <totalOrgasmCount value="0"/>
      <sexPartners>
        <sexCount asDom="0" asSub="0" consensual="0" id="unknown">
          <sexType other="FINGER" participant="NORMAL" self="PENIS" sex="100"/>
          <sexType other="TONGUE" participant="NORMAL" self="VAGINA" sex="0"/>
          <sexType other="PENIS" participant="NORMAL" self="MOUTH" sex="100"/>
          <sexType other="FINGER" participant="NORMAL" self="VAGINA" sex="0"/>
          <sexType other="VAGINA" participant="NORMAL" self="FINGER" sex="100"/>
          <sexType other="ANUS" participant="NORMAL" self="PENIS" sex="100"/>
          <sexType other="PENIS" participant="NORMAL" self="FINGER" sex="100"/>
          <sexType other="PENIS" participant="NORMAL" self="ANUS" sex="100"/>
          <sexType other="PENIS" participant="NORMAL" self="VAGINA" sex="0"/>
          <sexType other="VAGINA" participant="NORMAL" self="TONGUE" sex="100"/>
          <sexType other="VAGINA" participant="NORMAL" self="PENIS" sex="100"/>
          <sexType other="MOUTH" participant="NORMAL" self="PENIS" sex="100"/>
        </sexCount>
      </sexPartners>
      <virginityLosses>
        <sexType other="FINGER" participant="NORMAL" self="PENIS" takenBy="" takenDescription="your girlfriend"/>
        <sexType other="PENIS" participant="NORMAL" self="MOUTH" takenBy="" takenDescription="your girlfriend"/>
        <sexType other="ANUS" participant="NORMAL" self="PENIS" takenBy="" takenDescription="your girlfriend"/>
        <sexType other="PENIS" participant="NORMAL" self="FINGER" takenBy="" takenDescription="your girlfriend"/>
        <sexType other="PENIS" participant="NORMAL" self="ANUS" takenBy="" takenDescription="your girlfriend"/>
        <sexType other="MOUTH" participant="NORMAL" self="PENIS" takenBy="" takenDescription="your girlfriend"/>
      </virginityLosses>
    </sexStats>
    <addictionsCore alcoholLevel="0.0">
      <addictions/>
      <psychoactiveFluids/>
    </addictionsCore>
    <playerSpecific>
      <title value="The Human"/>
      <karma value="0"/>
      <questUpdates/>
      <mainQuestUpdated value="true"/>
      <sideQuestUpdated value="false"/>
      <relationshipQuestUpdated value="false"/>
      <raceBooksDiscovered/>
      <charactersEncountered>
        <id value="-1,Lilaya"/>
        <id value="-1,Rose"/>
      </charactersEncountered>
      <questMap>
        <entry q0="MAIN_PROLOGUE" q1="MAIN_1_A_LILAYAS_TESTS" questLine="MAIN"/>
      </questMap>
      <questFailedMap/>
      <friendlyOccupants/>
      <worldsVisited>
        <world id="MUSEUM"/>
        <world id="LILAYAS_HOUSE_FIRST_FLOOR"/>
      </worldsVisited>
      <itemsDiscovered>
        <type>SPELL_BOOK_CLEANSE</type>
        <type>SPELL_BOOK_TELEPATHIC_COMMUNICATION</type>
        <type>DYE_BRUSH</type>
        <type>SPELL_BOOK_FLASH</type>
        <type>SPELL_BOOK_FIREBALL</type>
        <type>SPELL_BOOK_STEAL</type>
        <type>SPELL_BOOK_TELEPORT</type>
        <type>SPELL_SCROLL_ARCANE</type>
        <type>SPELL_BOOK_ARCANE_AROUSAL</type>
        <type>SPELL_BOOK_LILITHS_COMMAND</type>
        <type>SPELL_BOOK_ARCANE_CLOUD</type>
        <type>SPELL_BOOK_CLOAK_OF_FLAMES</type>
      </itemsDiscovered>
      <weaponsDiscovered>
        <type>innoxia_crystal_epic</type>
        <type>innoxia_crystal_rare</type>
      </weaponsDiscovered>
      <clothingDiscovered>
        <type>innoxia_leg_cargo_trousers</type>
        <type>innoxia_finger_ring</type>
        <type>dsg_hlf_equip_sbandana</type>
        <type>innoxia_foot_trainers</type>
        <type>sage_Clothestwo_2BBlind</type>
        <type>WRIST_MENS_WATCH</type>
        <type>innoxia_torso_tshirt</type>
        <type>dsg_ljacket_ljacket</type>
      </clothingDiscovered>
      <racesDiscovered>
        <race>HALF_DEMON</race>
        <race>CAT_MORPH</race>
        <race>HUMAN</race>
      </racesDiscovered>
      <racesDiscoveredAdvanced/>
    </playerSpecific>
  </character>
</playerCharacter>
