<?xml version="1.0" encoding="UTF-8" standalone="no"?>
<playerCharacter>
  <character>
    <!--If you want to edit any of these values, just be warned that it might break the game...-->
    <core>
      <id value="PlayerCharacter"/>
      <pathName value="com.lilithsthrone.game.character.PlayerCharacter"/>
      <name nameAndrogynous="Tiro" nameFeminine="Tira" nameMasculine="Tiron"/>
      <surname value="Firma"/>
      <genericName value=""/>
      <description value="Having been pulled into an enchanted mirror in your aunt Lily's museum, you woke up to find yourself in another world. By a stroke of good fortune, one of the first people you met was Lilaya; this world's version of your aunt. Having convinced her that your story is true, you're now working towards finding a way to get back to your old world."/>
      <playerKnowsName value="true"/>
      <playerOnFirstNameTerms value="false"/>
      <raceConcealed value="false"/>
      <level value="10"/>
      <ageAppearanceDifference value="-3"/>
      <yearOfBirth value="2003"/>
      <monthOfBirth value="MARCH"/>
      <dayOfBirth value="21"/>
      <version value="0.4.1.1"/>
      <history value="UNEMPLOYED"/>
      <elemental value=""/>
      <elementalSummoned value="false"/>
      <combatBehaviour value="BALANCED"/>
      <lastTimeHadSex value="-1"/>
      <lastTimeOrgasmed value="-1"/>
      <desiredJobs/>
      <petNames/>
      <personality>
        <trait>LEWD</trait>
        <trait>KIND</trait>
        <trait>NAIVE</trait>
      </personality>
      <sexualOrientation value="AMBIPHILIC"/>
      <obedience value="0.0"/>
      <genderIdentity value="N_P_TRAP"/>
      <foughtPlayerCount value="0"/>
      <lostCombatCount value="0"/>
      <wonCombatCount value="0"/>
      <experience value="0"/>
      <perkPoints value="0"/>
      <perkCategoryPoints/>
      <health value="73.8255"/>
      <mana value="53.221287"/>
      <areasKnownByCharacters/>
    </core>
    <locationInformation>
      <worldLocation value="LILAYAS_HOUSE_FIRST_FLOOR"/>
      <homeWorldLocation value="MUSEUM"/>
      <location x="4" y="3"/>
      <homeLocation x="2" y="0"/>
      <globalLocation x="20" y="17"/>
    </locationInformation>
    <body>
      <bodyCore bodyMaterial="FLESH" bodySize="30" femininity="49" feral="false" genitalArrangement="NORMAL" height="170" muscle="10" piercedStomach="false" pubicHair="FOUR_NATURAL" takesAfterMother="true" version="0.4.1.1">
        <bodyCovering c1="COVERING_GINGER" c2="COVERING_JET_BLACK" modifier="FLUFFY" pattern="STRIPED" type="dsg_dragon_fur"/>
        <bodyCovering c1="COVERING_RED_DARK" c2="COVERING_YELLOW" modifier="SHIMMERING" pattern="NONE" type="dsg_dragon_scales"/>
        <bodyCovering c1="COVERING_BROWN" c2="COVERING_BROWN" modifier="SMOOTH" pattern="NONE" type="dsg_dragon_feathers"/>
        <bodyCovering c1="COVERING_BROWN" c2="COVERING_BROWN" modifier="COARSE" pattern="NONE" type="dsg_dragon_body_hair"/>
        <bodyCovering c1="COVERING_BROWN_DARK" c2="COVERING_BROWN" modifier="SILKEN" pattern="NONE" type="dsg_dragon_hair"/>
        <bodyCovering c1="COVERING_GINGER" c2="COVERING_JET_BLACK" modifier="FLUFFY" pattern="STRIPED" type="innoxia_panther_fur"/>
        <bodyCovering c1="EYE_CRIMSON" c2="EYE_YELLOW" modifier="EYE" pattern="EYE_IRISES" type="innoxia_panther_eye"/>
        <bodyCovering c1="SKIN_LIGHT" c2="SKIN_LIGHT" modifier="SMOOTH" pattern="NONE" type="HUMAN"/>
        <bodyCovering c1="SKIN_LIGHT" c2="ORIFICE_INTERIOR" modifier="SMOOTH" pattern="NONE" type="PENIS"/>
        <bodyCovering c1="SKIN_LIGHT" c2="ORIFICE_INTERIOR" modifier="SMOOTH" pattern="ORIFICE_ANUS" type="ANUS"/>
        <bodyCovering c1="SKIN_LIGHT" c2="ORIFICE_INTERIOR" modifier="SMOOTH" pattern="ORIFICE_MOUTH" type="MOUTH"/>
        <bodyCovering c1="SKIN_LIGHT" c2="ORIFICE_INTERIOR" modifier="SMOOTH" pattern="ORIFICE_NIPPLE" type="NIPPLES"/>
        <bodyCovering c1="SKIN_LIGHT" c2="ORIFICE_INTERIOR" modifier="SMOOTH" pattern="ORIFICE_NIPPLE_CROTCH" type="NIPPLES_CROTCH"/>
        <bodyCovering c1="SKIN_LIGHT" c2="ORIFICE_INTERIOR" modifier="SMOOTH" pattern="ORIFICE_VAGINA" type="VAGINA"/>
        <bodyCovering c1="SKIN_LIGHT" c2="ORIFICE_INTERIOR" modifier="SMOOTH" pattern="ORIFICE_SPINNERET" type="SPINNERET"/>
        <bodyCovering c1="COVERING_BLACK" c2="COVERING_BROWN_DARK" modifier="SMOOTH" pattern="NONE" type="ANTENNA"/>
        <bodyCovering c1="COVERING_BLACK" c2="COVERING_WHITE" modifier="SMOOTH" pattern="NONE" type="HORN"/>
        <bodyCovering c1="ORIFICE_INTERIOR" c2="ORIFICE_INTERIOR" modifier="SMOOTH" pattern="NONE" type="TONGUE"/>
        <bodyCovering c1="COVERING_BROWN" c2="COVERING_BROWN" modifier="SMOOTH" pattern="NONE" type="HAIR_HUMAN"/>
        <bodyCovering c1="COVERING_BROWN" c2="COVERING_BROWN" modifier="COARSE" pattern="NONE" type="BODY_HAIR_HUMAN"/>
        <bodyCovering c1="EYE_BROWN" c2="EYE_BROWN" modifier="EYE" pattern="EYE_IRISES" type="EYE_HUMAN"/>
        <bodyCovering c1="EYE_BLACK" c2="EYE_BLACK" modifier="EYE" pattern="EYE_PUPILS" type="EYE_PUPILS"/>
        <bodyCovering c1="EYE_WHITE" c2="EYE_WHITE" modifier="EYE" pattern="EYE_SCLERA" type="EYE_SCLERA"/>
        <bodyCovering c1="COVERING_WHITE" c2="COVERING_WHITE" modifier="FLUID" pattern="FLUID" type="CUM"/>
        <bodyCovering c1="COVERING_CLEAR" c2="COVERING_CLEAR" modifier="FLUID" pattern="FLUID" type="GIRL_CUM"/>
        <bodyCovering c1="COVERING_WHITE" c2="COVERING_WHITE" modifier="FLUID" pattern="FLUID" type="MILK"/>
      </bodyCore>
      <antennae antennaePerRow="2" length="22" rows="1" type="NONE"/>
      <arm rows="1" type="innoxia_panther_arm" underarmHair="FOUR_NATURAL"/>
      <ass assSize="4" hipSize="3" type="dsg_dragon_ass"/>
      <anus assHair="FOUR_NATURAL" bleached="false" capacity="1.75" depth="2" elasticity="3" plasticity="3" stretchedCapacity="1.75" virgin="false" wetness="0">
        <anusModifiers/>
      </anus>
      <breasts milkRegeneration="500" milkStorage="0" nippleCountPerBreast="1" rows="1" shape="ROUND" size="3" storedMilk="0.0" type="dsg_dragon_breastFurred"/>
      <nipples areolaeShape="NORMAL" areolaeSize="0" capacity="0.5" depth="2" elasticity="3" nippleShape="NORMAL" nippleSize="0" pierced="false" plasticity="3" stretchedCapacity="0.5" virgin="true">
        <nippleModifiers/>
      </nipples>
      <milk flavour="MILK" type="dsg_dragon_milk">
        <milkModifiers/>
      </milk>
      <breastsCrotch milkRegeneration="500" milkStorage="0" nippleCountPerBreast="1" rows="1" shape="WIDE" size="7" storedMilk="0.0" type="NONE"/>
      <nipplesCrotch areolaeShape="NORMAL" areolaeSize="2" capacity="0.5" depth="2" elasticity="3" nippleShape="NORMAL" nippleSize="2" pierced="false" plasticity="3" stretchedCapacity="0.5" virgin="true">
        <nippleModifiers/>
      </nipplesCrotch>
      <milkCrotch flavour="MILK" type="MILK_HUMAN">
        <milkModifiers/>
      </milkCrotch>
      <ear pierced="true" type="innoxia_panther_ear"/>
      <eye eyePairs="1" irisShape="ROUND" pupilShape="ROUND" type="innoxia_panther_eye"/>
      <face facialHair="ZERO_NONE" piercedNose="false" type="dsg_dragon_faceFurred"/>
      <mouth capacity="6.25" depth="2" elasticity="4" lipSize="1" piercedLip="false" plasticity="3" stretchedCapacity="6.25" virgin="false" wetness="3">
        <mouthModifiers/>
      </mouth>
      <tongue piercedTongue="false" tongueLength="3">
        <tongueModifiers STRONG="true" TAPERED="true"/>
      </tongue>
      <hair hairStyle="NONE" length="22" type="dsg_dragon_hair"/>
      <horn hornsPerRow="2" length="2" rows="1" type="NONE"/>
      <leg configuration="BIPEDAL" footStructure="DIGITIGRADE" type="innoxia_panther_leg"/>
      <penis capacity="0.0" depth="2" elasticity="0" girth="3" pierced="false" plasticity="3" size="10" stretchedCapacity="0.0" type="innoxia_panther_penis" urethraVirgin="true" virgin="false">
        <penisModifiers BARBED="true" SHEATHED="true"/>
        <urethraModifiers/>
      </penis>
      <testicles cumExpulsion="60" cumRegeneration="10000" cumStorage="11" internal="false" numberOfTesticles="2" storedCum="11.0" testicleSize="1"/>
      <cum flavour="CUM" type="innoxia_panther_cum">
        <cumModifiers SLIMY="true" STICKY="true"/>
      </cum>
      <spinneret capacity="1.75" depth="2" elasticity="4" plasticity="3" stretchedCapacity="1.75" virgin="true" wetness="1">
        <spinneretModifiers/>
      </spinneret>
      <torso type="dsg_dragon_torsoFurred"/>
      <tail count="1" girth="4" length="0.8" type="innoxia_panther_tail"/>
      <tentacle count="1" girth="3" length="0.0" type="NONE"/>
      <vagina capacity="0.0" clitGirth="0" clitSize="0" depth="2" eggLayer="false" elasticity="3" hymen="true" labiaSize="0" pierced="false" plasticity="3" squirter="false" stretchedCapacity="0.0" type="NONE" urethraCapacity="0.0" urethraDepth="2" urethraElasticity="0" urethraPlasticity="3" urethraStretchedCapacity="0.0" urethraVirgin="true" virgin="true" wetness="0">
        <clitModifiers/>
        <vaginaModifiers/>
        <urethraModifiers/>
      </vagina>
      <girlcum flavour="GIRL_CUM" type="GIRL_CUM_HUMAN">
        <girlcumModifiers SLIMY="true"/>
      </girlcum>
      <wing size="3" type="dsg_dragon_wing"/>
    </body>
    <characterInventory>
      <maxInventorySpace value="120"/>
      <money value="0"/>
      <essenceCount value="0"/>
      <dirtySlots/>
      <mainWeapon0>
        <weapon coreEnchantment="DAMAGE_PHYSICAL" damageType="PHYSICAL" id="innoxia_crystal_rare" name="opaque demonstone">
          <effects>
            <effect limit="0" mod1="CLOTHING_ATTRIBUTE" mod2="DAMAGE_PHYSICAL" potency="MAJOR_BOOST" timer="2850" type="WEAPON"/>
          </effects>
          <spells>
            <spell value="SLAM"/>
          </spells>
          <combatMoves/>
        </weapon>
      </mainWeapon0>
      <clothingEquipped>
        <clothing enchantmentKnown="true" id="innoxia_neck_bell_collar" isDirty="false" name="bell collar" slotEquippedTo="NECK">
          <colours>
            <colour i="0">CLOTHING_DESATURATED_BROWN_DARK</colour>
            <colour i="1">CLOTHING_STEEL</colour>
            <colour i="2">CLOTHING_STEEL</colour>
          </colours>
        </clothing>
        <clothing enchantmentKnown="true" id="TORSO_VIRGIN_KILLER_SWEATER" isDirty="false" name="'Virgin-killer' sweater" slotEquippedTo="TORSO_UNDER">
          <colours>
            <colour i="0">CLOTHING_ORANGE_BRIGHT</colour>
          </colours>
        </clothing>
        <clothing enchantmentKnown="true" id="innoxia_finger_ring" isDirty="false" name="ring" slotEquippedTo="FINGER">
          <colours>
            <colour i="0">CLOTHING_SILVER</colour>
          </colours>
        </clothing>
        <clothing enchantmentKnown="true" id="innoxia_leg_yoga_pants" isDirty="false" name="yoga pants" slotEquippedTo="LEG">
          <colours>
            <colour i="0">CLOTHING_BLACK</colour>
          </colours>
        </clothing>
        <clothing enchantmentKnown="true" id="Phobos_Adapation mod Tlavoc_Tyrant Dildo" isDirty="false" name="Tyrant Dildo" slotEquippedTo="ANUS">
          <colours>
            <colour i="0">CLOTHING_ORANGE</colour>
            <colour i="1">CLOTHING_ORANGE</colour>
            <colour i="2">CLOTHING_BLACK</colour>
          </colours>
        </clothing>
        <clothing enchantmentKnown="true" id="Phobos_Adapation mod Tlavoc_Tyrant Dildo" isDirty="false" name="Tyrant Dildo" slotEquippedTo="MOUTH">
          <colours>
            <colour i="0">CLOTHING_ORANGE</colour>
            <colour i="1">CLOTHING_ORANGE</colour>
            <colour i="2">CLOTHING_BLACK</colour>
          </colours>
        </clothing>
        <clothing enchantmentKnown="true" id="innoxia_piercing_ear_ring" isDirty="false" name="earrings" slotEquippedTo="PIERCING_EAR">
          <colours>
            <colour i="0">CLOTHING_GOLD</colour>
            <colour i="1">CLOTHING_STEEL</colour>
          </colours>
        </clothing>
        <clothing enchantmentKnown="true" id="YowaneSan_Mandarin Gown Set_Long Sleeve Jacket" isDirty="false" name="Long Sleeve Jacket" slotEquippedTo="TORSO_OVER">
          <colours>
            <colour i="0">CLOTHING_BLACK</colour>
            <colour i="1">CLOTHING_ORANGE_BRIGHT</colour>
            <colour i="2">CLOTHING_BLACK</colour>
          </colours>
        </clothing>
        <clothing enchantmentKnown="true" id="dsg_ckls_ckls_bra" isDirty="false" name="kitty bra" slotEquippedTo="CHEST">
          <colours>
            <colour i="0">CLOTHING_ORANGE_BRIGHT</colour>
            <colour i="1">CLOTHING_BLACK_JET</colour>
          </colours>
          <effects>
            <effect limit="0" mod1="CLOTHING_ATTRIBUTE" mod2="DAMAGE_LUST" potency="MAJOR_BOOST" timer="0" type="CLOTHING"/>
          </effects>
        </clothing>
        <clothing enchantmentKnown="true" id="dsg_ckls_ckls_panties" isDirty="false" name="kitty panties" slotEquippedTo="GROIN">
          <colours>
            <colour i="0">CLOTHING_ORANGE_BRIGHT</colour>
            <colour i="1">CLOTHING_BLACK</colour>
            <colour i="2">CLOTHING_BRONZE</colour>
          </colours>
          <effects>
            <effect limit="0" mod1="CLOTHING_ATTRIBUTE" mod2="DAMAGE_LUST" potency="MAJOR_BOOST" timer="0" type="CLOTHING"/>
          </effects>
        </clothing>
        <clothing enchantmentKnown="true" id="dsg_ckls_ckls_stockings" isDirty="false" name="kitty stockings" slotEquippedTo="SOCK">
          <colours>
            <colour i="0">CLOTHING_ORANGE_BRIGHT</colour>
            <colour i="1">CLOTHING_BLACK_JET</colour>
            <colour i="2">CLOTHING_BLACK_JET</colour>
          </colours>
          <effects>
            <effect limit="0" mod1="CLOTHING_ATTRIBUTE" mod2="DAMAGE_LUST" potency="MAJOR_BOOST" timer="0" type="CLOTHING"/>
          </effects>
        </clothing>
      </clothingEquipped>
      <weaponsInInventory>
        <weapon coreEnchantment="MAJOR_PHYSIQUE" count="1" damageType="LUST" id="tlavoc_tyrant_tyrant" name="Tyrant">
          <colours>
            <colour i="0">CLOTHING_PINK_LIGHT</colour>
            <colour i="1">CLOTHING_BLACK</colour>
          </colours>
          <effects>
            <effect limit="0" mod1="CLOTHING_MAJOR_ATTRIBUTE" mod2="STRENGTH" potency="MAJOR_BOOST" timer="0" type="CLOTHING"/>
            <effect limit="0" mod1="CLOTHING_MAJOR_ATTRIBUTE" mod2="STRENGTH" potency="MAJOR_BOOST" timer="0" type="CLOTHING"/>
            <effect limit="0" mod1="CLOTHING_MAJOR_ATTRIBUTE" mod2="STRENGTH" potency="MAJOR_BOOST" timer="0" type="CLOTHING"/>
            <effect limit="0" mod1="CLOTHING_MAJOR_ATTRIBUTE" mod2="STRENGTH" potency="MAJOR_BOOST" timer="0" type="CLOTHING"/>
            <effect limit="0" mod1="CLOTHING_MAJOR_ATTRIBUTE" mod2="STRENGTH" potency="MAJOR_BOOST" timer="0" type="CLOTHING"/>
          </effects>
          <spells/>
          <combatMoves/>
        </weapon>
      </weaponsInInventory>
    </characterInventory>
    <attributes>
      <attribute type="LUST" value="18.0"/>
      <attribute type="MAJOR_CORRUPTION" value="36.0"/>
    </attributes>
    <potionAttributes/>
    <traits>
      <perk type="NYMPHOMANIAC"/>
      <perk type="MALE_ATTRACTION"/>
      <perk type="FEMALE_ATTRACTION"/>
    </traits>
    <specialPerks/>
    <perks>
      <perk row="1" type="LEWD_KNOWLEDGE"/>
      <perk row="1" type="ARCANE_BASE"/>
      <perk row="1" type="PHYSICAL_BASE"/>
      <perk row="2" type="SEDUCTION_BOOST"/>
      <perk row="3" type="SEDUCTION_BOOST"/>
      <perk row="4" type="SEDUCTION_BOOST"/>
      <perk row="5" type="CRITICAL_BOOST_ALT"/>
      <perk row="6" type="MALE_ATTRACTION"/>
      <perk row="6" type="FEMALE_ATTRACTION"/>
      <perk row="6" type="SEDUCTION_BOOST_MAJOR"/>
      <perk row="7" type="SEDUCTION_BOOST_ALT"/>
      <perk row="8" type="CONVINCING_REQUESTS"/>
      <perk row="8" type="OBJECT_OF_DESIRE"/>
      <perk row="8" type="SEDUCTION_BOOST_MAJOR"/>
      <perk row="9" type="SEDUCTION_BOOST_ALT"/>
      <perk row="10" type="NYMPHOMANIAC"/>
    </perks>
    <knownSpells>
      <spell type="TELEKENETIC_SHOWER"/>
      <spell type="STONE_SHELL"/>
      <spell type="SLAM"/>
    </knownSpells>
    <spellUpgrades/>
    <spellUpgradePoints>
      <upgradeEntry points="0" school="EARTH"/>
      <upgradeEntry points="0" school="WATER"/>
      <upgradeEntry points="0" school="AIR"/>
      <upgradeEntry points="0" school="FIRE"/>
      <upgradeEntry points="0" school="ARCANE"/>
    </spellUpgradePoints>
    <fetishes>
      <fetish type="FETISH_KINK_RECEIVING"/>
      <fetish type="FETISH_SUBMISSIVE"/>
      <fetish type="FETISH_ORAL_GIVING"/>
      <fetish type="FETISH_CUM_ADDICT"/>
      <fetish type="FETISH_PENIS_RECEIVING"/>
      <fetish type="FETISH_EXHIBITIONIST"/>
      <fetish type="FETISH_CROSS_DRESSER"/>
      <fetish type="FETISH_LEG_LOVER"/>
      <fetish type="FETISH_STRUTTER"/>
      <fetish type="FETISH_ANAL_RECEIVING"/>
      <fetish type="FETISH_VOYEURIST"/>
      <fetish type="FETISH_FOOT_RECEIVING"/>
      <fetish type="FETISH_VAGINAL_RECEIVING"/>
      <fetish type="FETISH_SIZE_QUEEN"/>
    </fetishes>
    <fetishDesire>
      <entry desire="FOUR_LOVE" fetish="FETISH_KINK_RECEIVING"/>
      <entry desire="FOUR_LOVE" fetish="FETISH_SUBMISSIVE"/>
      <entry desire="FOUR_LOVE" fetish="FETISH_ORAL_GIVING"/>
      <entry desire="FOUR_LOVE" fetish="FETISH_CUM_ADDICT"/>
      <entry desire="FOUR_LOVE" fetish="FETISH_PENIS_RECEIVING"/>
      <entry desire="FOUR_LOVE" fetish="FETISH_EXHIBITIONIST"/>
      <entry desire="FOUR_LOVE" fetish="FETISH_BIMBO"/>
      <entry desire="FOUR_LOVE" fetish="FETISH_CROSS_DRESSER"/>
      <entry desire="FOUR_LOVE" fetish="FETISH_NON_CON_SUB"/>
      <entry desire="ZERO_HATE" fetish="FETISH_MASTURBATION"/>
      <entry desire="FOUR_LOVE" fetish="FETISH_LEG_LOVER"/>
      <entry desire="FOUR_LOVE" fetish="FETISH_STRUTTER"/>
      <entry desire="FOUR_LOVE" fetish="FETISH_ANAL_RECEIVING"/>
      <entry desire="FOUR_LOVE" fetish="FETISH_VOYEURIST"/>
      <entry desire="FOUR_LOVE" fetish="FETISH_FOOT_RECEIVING"/>
      <entry desire="FOUR_LOVE" fetish="FETISH_VAGINAL_RECEIVING"/>
      <entry desire="FOUR_LOVE" fetish="FETISH_SIZE_QUEEN"/>
    </fetishDesire>
    <fetishExperience/>
    <statusEffects>
      <statusEffect lta="78450" sp="4740" sr="-1" type="AROUSAL_PERK_0"/>
      <statusEffect lta="78450" sp="4740" sr="-1" type="ORIENTATION_AMBIPHILIC"/>
      <statusEffect lta="78450" sp="4740" sr="-1" type="COMPANIONS_LEAVING"/>
      <statusEffect lta="78450" sp="4740" sr="-1" type="CUM_FULL"/>
      <statusEffect lta="78450" sp="3600" sr="-1" type="WEATHER_STORM_PROTECTED"/>
      <statusEffect lta="78450" sp="0" sr="-1" type="LUST_PERK_1"/>
      <statusEffect lta="78450" sp="0" sr="-1" type="SUBSPECIES_BONUS"/>
      <statusEffect lta="78450" sp="0" sr="-1" type="INTELLIGENCE_PERK_4"/>
      <statusEffect lta="78450" sp="0" sr="-1" type="STRETCHING_ORIFICE"/>
      <statusEffect lta="78450" sp="0" sr="-1" type="SET_KITTY"/>
      <statusEffect lta="78450" sp="0" sr="-1" type="PHYSIQUE_PERK_3"/>
      <statusEffect lta="78450" sp="0" sr="-1" type="CORRUPTION_PERK_2"/>
    </statusEffects>
    <knownMoves/>
    <equippedMoves>
      <move type="BASIC_STRIKE"/>
      <move type="BASIC_TWIN_STRIKE"/>
      <move type="BASIC_BLOCK"/>
      <move type="BASIC_TEASE"/>
      <move type="BASIC_TEASE_BLOCK"/>
    </equippedMoves>
    <characterRelationships/>
    <pregnancy littersGenerated="0" timeProgressedToFinalPregnancyStage="1"/>
    <family>
      <motherId value=""/>
      <motherName value="???"/>
      <motherFemininity value="FEMININE"/>
      <motherSubspecies value="HUMAN"/>
      <fatherId value=""/>
      <fatherName value="???"/>
      <fatherFemininity value="MASCULINE"/>
      <fatherSubspecies value="HUMAN"/>
      <yearOfConception value="1998"/>
      <monthOfConception value="NOVEMBER"/>
      <dayOfConception value="15"/>
    </family>
    <slavery>
      <slavesOwned/>
      <owner value=""/>
    </slavery>
    <companions>
      <companionsFollowing/>
      <partyLeader value=""/>
      <maxCompanions value="1"/>
    </companions>
    <sexStats>
      <fluidsStoredMap>
        <entry orifice="NIPPLE"/>
        <entry orifice="URETHRA_PENIS"/>
        <entry orifice="ANUS"/>
        <entry orifice="NIPPLE_CROTCH"/>
        <entry orifice="VAGINA"/>
        <entry orifice="MOUTH"/>
        <entry orifice="SPINNERET"/>
        <entry orifice="URETHRA_VAGINA"/>
      </fluidsStoredMap>
      <daysOrgasmCount value="0"/>
      <daysOrgasmCountRecord value="0"/>
      <totalOrgasmCount value="0"/>
      <sexPartners>
        <sexCount asDom="0" asSub="0" consensual="0" id="unknown">
          <sexType other="VAGINA" participant="NORMAL" self="FINGER" sex="100"/>
          <sexType other="FINGER" participant="NORMAL" self="VAGINA" sex="0"/>
          <sexType other="PENIS" participant="NORMAL" self="VAGINA" sex="0"/>
          <sexType other="VAGINA" participant="NORMAL" self="PENIS" sex="100"/>
          <sexType other="PENIS" participant="NORMAL" self="FINGER" sex="100"/>
          <sexType other="ANUS" participant="NORMAL" self="PENIS" sex="100"/>
          <sexType other="TONGUE" participant="NORMAL" self="VAGINA" sex="0"/>
          <sexType other="PENIS" participant="NORMAL" self="MOUTH" sex="100"/>
          <sexType other="PENIS" participant="NORMAL" self="ANUS" sex="100"/>
          <sexType other="FINGER" participant="NORMAL" self="PENIS" sex="100"/>
          <sexType other="VAGINA" participant="NORMAL" self="TONGUE" sex="100"/>
          <sexType other="MOUTH" participant="NORMAL" self="PENIS" sex="100"/>
        </sexCount>
      </sexPartners>
      <virginityLosses>
        <sexType other="PENIS" participant="NORMAL" self="FINGER" takenBy="" takenDescription="your boyfriend"/>
        <sexType other="ANUS" participant="NORMAL" self="PENIS" takenBy="" takenDescription="your boyfriend"/>
        <sexType other="PENIS" participant="NORMAL" self="MOUTH" takenBy="" takenDescription="your boyfriend"/>
        <sexType other="PENIS" participant="NORMAL" self="ANUS" takenBy="" takenDescription="your boyfriend"/>
        <sexType other="FINGER" participant="NORMAL" self="PENIS" takenBy="" takenDescription="your boyfriend"/>
        <sexType other="MOUTH" participant="NORMAL" self="PENIS" takenBy="" takenDescription="your boyfriend"/>
      </virginityLosses>
    </sexStats>
    <addictionsCore alcoholLevel="0.0">
      <addictions/>
      <psychoactiveFluids/>
    </addictionsCore>
    <playerSpecific>
      <title value="The Human"/>
      <karma value="0"/>
      <questUpdates/>
      <mainQuestUpdated value="false"/>
      <sideQuestUpdated value="false"/>
      <relationshipQuestUpdated value="false"/>
      <raceBooksDiscovered/>
      <charactersEncountered>
        <id value="-1,Lilaya"/>
        <id value="-1,Rose"/>
      </charactersEncountered>
      <questMap>
        <entry q0="MAIN_PROLOGUE" q1="MAIN_1_A_LILAYAS_TESTS" questLine="MAIN"/>
      </questMap>
      <questFailedMap/>
      <friendlyOccupants/>
      <worldsVisited>
        <world id="MUSEUM"/>
        <world id="LILAYAS_HOUSE_FIRST_FLOOR"/>
      </worldsVisited>
      <itemsDiscovered>
        <type>SPELL_BOOK_TELEKENETIC_SHOWER</type>
        <type>SPELL_BOOK_STONE_SHELL</type>
        <type>SPELL_BOOK_SLAM</type>
      </itemsDiscovered>
      <weaponsDiscovered>
        <type>innoxia_crystal_rare</type>
        <type>tlavoc_tyrant_tyrant</type>
      </weaponsDiscovered>
      <clothingDiscovered>
        <type>innoxia_sock_socks</type>
        <type>TORSO_VIRGIN_KILLER_SWEATER</type>
        <type>innoxia_torso_blouse</type>
        <type>innoxia_leg_yoga_pants</type>
        <type>GROIN_THONG</type>
        <type>innoxia_neck_heart_necklace</type>
        <type>CHEST_CROPTOP_BRA</type>
        <type>innoxia_neck_bell_collar</type>
        <type>dsg_ckls_ckls_stockings</type>
        <type>innoxia_finger_ring</type>
        <type>innoxia_foot_low_top_skater_shoes</type>
        <type>innoxia_torso_tshirt</type>
        <type>dsg_ckls_ckls_panties</type>
        <type>YowaneSan_Mandarin Gown Set_Long Sleeve Jacket</type>
        <type>Phobos_Adapation mod Tlavoc_Tyrant Dildo</type>
        <type>dsg_ckls_ckls_bra</type>
      </clothingDiscovered>
      <racesDiscovered>
        <race>HALF_DEMON</race>
        <race>CAT_MORPH</race>
        <race>HUMAN</race>
      </racesDiscovered>
      <racesDiscoveredAdvanced/>
    </playerSpecific>
  </character>
</playerCharacter>
