<?xml version="1.0" encoding="UTF-8" standalone="no"?>
<playerCharacter>
  <character>
    <!--If you want to edit any of these values, just be warned that it might break the game...-->
    <core>
      <id value="PlayerCharacter"/>
      <pathName value="com.lilithsthrone.game.character.PlayerCharacter"/>
      <name nameAndrogynous="Yuka" nameFeminine="Yuka" nameMasculine="Yuka"/>
      <surname value="Omi"/>
      <genericName value=""/>
      <description value="Having been pulled into an enchanted mirror in your aunt Lily's museum, you woke up to find yourself in another world. By a stroke of good fortune, one of the first people you met was Lilaya; this world's version of your aunt. Having convinced her that your story is true, you're now working towards finding a way to get back to your old world."/>
      <playerKnowsName value="true"/>
      <playerOnFirstNameTerms value="false"/>
      <raceConcealed value="false"/>
      <level value="35"/>
      <ageAppearanceDifference value="-9970"/>
      <yearOfBirth value="1000"/>
      <monthOfBirth value="FEBRUARY"/>
      <dayOfBirth value="28"/>
      <version value="0.4"/>
      <history value="MUSICIAN"/>
      <elemental value="41,Elemental"/>
      <elementalSummoned value="true"/>
      <combatBehaviour value="BALANCED"/>
      <lastTimeHadSex value="2038"/>
      <lastTimeOrgasmed value="121975"/>
      <desiredJobs/>
      <petNames/>
      <personality>
        <trait>CONFIDENT</trait>
        <trait>LEWD</trait>
      </personality>
      <sexualOrientation value="AMBIPHILIC"/>
      <obedience value="0.0"/>
      <genderIdentity value="F_V_B_FEMALE"/>
      <foughtPlayerCount value="0"/>
      <lostCombatCount value="0"/>
      <wonCombatCount value="0"/>
      <experience value="0"/>
      <perkPoints value="0"/>
      <perkCategoryPoints/>
      <health value="154.0"/>
      <mana value="510.2"/>
      <areasKnownByCharacters>
        <area type="ASS">
          <character id="-1,Kate"/>
        </area>
        <area type="ANUS">
          <character id="-1,Kate"/>
        </area>
        <area type="VAGINA">
          <character id="-1,Kate"/>
        </area>
        <area type="MOUND">
          <character id="-1,Kate"/>
        </area>
        <area type="PENIS">
          <character id="-1,Kate"/>
        </area>
        <area type="TESTICLES">
          <character id="-1,Kate"/>
        </area>
        <area type="BREASTS">
          <character id="-1,Kate"/>
        </area>
        <area type="NIPPLES">
          <character id="-1,Kate"/>
        </area>
        <area type="BREASTS_CROTCH">
          <character id="-1,Kate"/>
        </area>
        <area type="NIPPLES_CROTCH">
          <character id="-1,Kate"/>
        </area>
        <area type="MOUTH">
          <character id="-1,Kate"/>
        </area>
      </areasKnownByCharacters>
    </core>
    <locationInformation>
      <worldLocation value="SHOPPING_ARCADE"/>
      <homeWorldLocation value="MUSEUM"/>
      <location x="5" y="4"/>
      <homeLocation x="2" y="0"/>
      <globalLocation x="20" y="17"/>
    </locationInformation>
    <body>
      <bodyCore bodyMaterial="FLESH" bodySize="30" femininity="90" feral="false" genitalArrangement="NORMAL" height="160" muscle="20" piercedStomach="false" pubicHair="SEVEN_WILD" subspeciesOverride="FOX_ASCENDANT" takesAfterMother="true" version="0.4">
        <bodyCovering c1="SKIN_PALE" c2="SKIN_PALE" g2="true" modifier="SMOOTH" pattern="NONE" type="HUMAN"/>
        <bodyCovering c1="COVERING_BLUE_LIGHT" c2="COVERING_WHITE" g1="true" modifier="FLUFFY" pattern="MARKED" type="FOX_FUR"/>
        <bodyCovering c1="SKIN_LIGHT" c2="ORIFICE_INTERIOR" modifier="SMOOTH" pattern="NONE" type="PENIS"/>
        <bodyCovering c1="SKIN_LIGHT" c2="ORIFICE_INTERIOR" modifier="SMOOTH" pattern="ORIFICE_ANUS" type="ANUS"/>
        <bodyCovering c1="SKIN_LIGHT" c2="ORIFICE_INTERIOR" modifier="SMOOTH" pattern="ORIFICE_MOUTH" type="MOUTH"/>
        <bodyCovering c1="SKIN_LIGHT" c2="ORIFICE_INTERIOR" modifier="SMOOTH" pattern="ORIFICE_NIPPLE" type="NIPPLES"/>
        <bodyCovering c1="SKIN_LIGHT" c2="ORIFICE_INTERIOR" modifier="SMOOTH" pattern="ORIFICE_NIPPLE_CROTCH" type="NIPPLES_CROTCH"/>
        <bodyCovering c1="SKIN_LIGHT" c2="ORIFICE_INTERIOR" modifier="SMOOTH" pattern="ORIFICE_VAGINA" type="VAGINA"/>
        <bodyCovering c1="SKIN_LIGHT" c2="ORIFICE_INTERIOR" modifier="SMOOTH" pattern="ORIFICE_SPINNERET" type="SPINNERET"/>
        <bodyCovering c1="COVERING_WHITE" c2="COVERING_BROWN" modifier="SMOOTH" pattern="NONE" type="ANTENNA"/>
        <bodyCovering c1="COVERING_WHITE" c2="COVERING_WHITE" modifier="SMOOTH" pattern="NONE" type="HORN"/>
        <bodyCovering c1="ORIFICE_INTERIOR" c2="ORIFICE_INTERIOR" modifier="SMOOTH" pattern="NONE" type="TONGUE"/>
        <bodyCovering c1="COVERING_BROWN" c2="COVERING_BROWN" modifier="SMOOTH" pattern="NONE" type="HAIR_HUMAN"/>
        <bodyCovering c1="COVERING_WHITE" c2="COVERING_BLONDE" modifier="FURRY" pattern="NONE" type="HAIR_FOX_FUR"/>
        <bodyCovering c1="COVERING_BROWN" c2="COVERING_BROWN" modifier="COARSE" pattern="NONE" type="BODY_HAIR_HUMAN"/>
        <bodyCovering c1="COVERING_WHITE" c2="COVERING_WHITE" modifier="FURRY" pattern="NONE" type="BODY_HAIR_FOX_FUR"/>
        <bodyCovering c1="EYE_BROWN" c2="EYE_BROWN" modifier="EYE" pattern="EYE_IRISES" type="EYE_HUMAN"/>
        <bodyCovering c1="EYE_BLUE" c2="EYE_GREEN" g1="true" modifier="EYE" pattern="EYE_IRISES" type="EYE_FOX_MORPH"/>
        <bodyCovering c1="EYE_BLACK" c2="EYE_BLACK" modifier="EYE" pattern="EYE_PUPILS" type="EYE_PUPILS"/>
        <bodyCovering c1="EYE_WHITE" c2="EYE_WHITE" modifier="EYE" pattern="EYE_SCLERA" type="EYE_SCLERA"/>
        <bodyCovering c1="COVERING_WHITE" c2="COVERING_WHITE" modifier="FLUID" pattern="FLUID" type="CUM"/>
        <bodyCovering c1="COVERING_CLEAR" c2="COVERING_CLEAR" modifier="FLUID" pattern="FLUID" type="GIRL_CUM"/>
        <bodyCovering c1="COVERING_WHITE" c2="COVERING_WHITE" modifier="FLUID" pattern="FLUID" type="MILK"/>
      </bodyCore>
      <antennae antennaePerRow="2" length="22" rows="1" type="NONE"/>
      <arm rows="1" type="FOX_MORPH" underarmHair="SIX_BUSHY"/>
      <ass assSize="4" hipSize="4" type="FOX_MORPH"/>
      <anus assHair="FIVE_UNKEMPT" bleached="false" capacity="20.0" depth="7" elasticity="7" plasticity="7" stretchedCapacity="20.0" virgin="true" wetness="0">
        <anusModifiers MUSCLE_CONTROL="true"/>
      </anus>
      <breasts milkRegeneration="500" milkStorage="0" nippleCountPerBreast="1" rows="1" shape="POINTY" size="15" storedMilk="0.0" type="FOX_MORPH"/>
      <nipples areolaeShape="NORMAL" areolaeSize="2" capacity="20.0" depth="7" elasticity="7" nippleShape="NORMAL" nippleSize="2" pierced="false" plasticity="7" stretchedCapacity="20.0" virgin="true">
        <nippleModifiers/>
      </nipples>
      <milk flavour="MILK" type="MILK_FOX_MORPH">
        <milkModifiers/>
      </milk>
      <breastsCrotch milkRegeneration="500" milkStorage="0" nippleCountPerBreast="1" rows="1" shape="POINTY" size="0" storedMilk="0.0" type="NONE"/>
      <nipplesCrotch areolaeShape="NORMAL" areolaeSize="2" capacity="0.5" depth="2" elasticity="3" nippleShape="NORMAL" nippleSize="2" pierced="false" plasticity="3" stretchedCapacity="0.5" virgin="true">
        <nippleModifiers/>
      </nipplesCrotch>
      <milkCrotch flavour="MILK" type="MILK_HUMAN">
        <milkModifiers/>
      </milkCrotch>
      <ear pierced="true" type="FOX_MORPH"/>
      <eye eyePairs="1" irisShape="ROUND" pupilShape="VERTICAL" type="FOX_MORPH"/>
      <face facialHair="ZERO_NONE" piercedNose="true" type="FOX_MORPH"/>
      <mouth capacity="6.25" depth="2" elasticity="4" lipSize="2" piercedLip="false" plasticity="3" stretchedCapacity="6.25" virgin="true" wetness="3">
        <mouthModifiers/>
      </mouth>
      <tongue piercedTongue="false" tongueLength="6">
        <tongueModifiers FLAT="true"/>
      </tongue>
      <hair hairStyle="SLICKED_BACK" length="45" type="FOX_MORPH"/>
      <horn hornsPerRow="2" length="2" rows="1" type="NONE"/>
      <leg configuration="BIPEDAL" footStructure="DIGITIGRADE" type="FOX_MORPH"/>
      <penis capacity="0.0" depth="2" elasticity="0" girth="0" pierced="false" plasticity="3" size="0" stretchedCapacity="0.0" type="NONE" urethraVirgin="true" virgin="true">
        <penisModifiers/>
        <urethraModifiers/>
      </penis>
      <testicles cumExpulsion="60" cumRegeneration="10000" cumStorage="0" internal="false" numberOfTesticles="2" storedCum="0.0" testicleSize="0"/>
      <cum flavour="CUM" type="CUM_HUMAN">
        <cumModifiers SLIMY="true" STICKY="true"/>
      </cum>
      <spinneret capacity="1.75" depth="2" elasticity="4" plasticity="3" stretchedCapacity="1.75" virgin="true" wetness="1">
        <spinneretModifiers/>
      </spinneret>
      <torso type="FOX_MORPH"/>
      <tail count="9" girth="7" length="1.0" type="FOX_MORPH_MAGIC"/>
      <tentacle count="1" girth="3" length="0.0" type="NONE"/>
      <vagina capacity="20.0" clitGirth="3" clitSize="0" depth="7" eggLayer="false" elasticity="7" hymen="true" labiaSize="3" pierced="false" plasticity="7" squirter="false" stretchedCapacity="20.0" type="FOX_MORPH" urethraCapacity="20.0" urethraDepth="7" urethraElasticity="7" urethraPlasticity="7" urethraStretchedCapacity="20.0" urethraVirgin="true" virgin="true" wetness="3">
        <clitModifiers/>
        <vaginaModifiers MUSCLE_CONTROL="true" PUFFY="true"/>
        <urethraModifiers/>
      </vagina>
      <girlcum flavour="GIRL_CUM" type="GIRL_CUM_FOX_MORPH">
        <girlcumModifiers SLIMY="true"/>
      </girlcum>
      <wing size="0" type="NONE"/>
    </body>
    <characterInventory>
      <maxInventorySpace value="120"/>
      <money value="1842"/>
      <essenceCount value="999999"/>
      <dirtySlots/>
      <mainWeapon0>
        <weapon coreEnchantment="DAMAGE_MELEE_WEAPON" damageType="LUST" id="c4mg1rl_swords_muramasa" name="Muramasa">
          <colours>
            <colour i="0">CLOTHING_BLACK_JET</colour>
            <colour i="1">CLOTHING_TURQUOISE</colour>
          </colours>
          <effects>
            <effect limit="0" mod1="CLOTHING_ATTRIBUTE" mod2="DAMAGE_LUST" potency="MAJOR_BOOST" timer="2850" type="WEAPON"/>
            <effect limit="0" mod1="CLOTHING_ATTRIBUTE" mod2="DAMAGE_LUST" potency="MAJOR_BOOST" timer="2850" type="WEAPON"/>
            <effect limit="0" mod1="CLOTHING_ATTRIBUTE" mod2="DAMAGE_MELEE_WEAPON" potency="MAJOR_BOOST" timer="0" type="CLOTHING"/>
            <effect limit="0" mod1="CLOTHING_ATTRIBUTE" mod2="DAMAGE_MELEE_WEAPON" potency="MAJOR_BOOST" timer="0" type="CLOTHING"/>
          </effects>
          <spells/>
          <combatMoves/>
        </weapon>
      </mainWeapon0>
      <offhandWeapon0>
        <weapon coreEnchantment="DAMAGE_LUST" damageType="LUST" id="innoxia_lightningGlobe_lightning_globe" name="Arcane lightning globe">
          <colours>
            <colour i="0">CLOTHING_BLACK_JET</colour>
          </colours>
          <effects>
            <effect limit="0" mod1="CLOTHING_ATTRIBUTE" mod2="DAMAGE_LUST" potency="MAJOR_BOOST" timer="0" type="WEAPON"/>
            <effect limit="0" mod1="CLOTHING_ATTRIBUTE" mod2="DAMAGE_LUST" potency="MAJOR_BOOST" timer="0" type="WEAPON"/>
            <effect limit="0" mod1="CLOTHING_ATTRIBUTE" mod2="DAMAGE_LUST" potency="MAJOR_BOOST" timer="0" type="WEAPON"/>
            <effect limit="0" mod1="CLOTHING_ATTRIBUTE" mod2="DAMAGE_LUST" potency="MAJOR_BOOST" timer="0" type="WEAPON"/>
            <effect limit="0" mod1="CLOTHING_ATTRIBUTE" mod2="DAMAGE_LUST" potency="MAJOR_BOOST" timer="0" type="WEAPON"/>
            <effect limit="0" mod1="CLOTHING_ATTRIBUTE" mod2="DAMAGE_LUST" potency="MAJOR_BOOST" timer="0" type="WEAPON"/>
            <effect limit="0" mod1="CLOTHING_ATTRIBUTE" mod2="DAMAGE_LUST" potency="MAJOR_BOOST" timer="0" type="WEAPON"/>
            <effect limit="0" mod1="CLOTHING_ATTRIBUTE" mod2="DAMAGE_LUST" potency="MAJOR_BOOST" timer="0" type="WEAPON"/>
            <effect limit="0" mod1="CLOTHING_ATTRIBUTE" mod2="DAMAGE_LUST" potency="MAJOR_BOOST" timer="0" type="WEAPON"/>
            <effect limit="0" mod1="CLOTHING_ATTRIBUTE" mod2="DAMAGE_LUST" potency="MAJOR_BOOST" timer="0" type="WEAPON"/>
          </effects>
          <spells>
            <spell value="LIGHTNING_SPHERE_DISCHARGE"/>
            <spell value="LIGHTNING_SPHERE_OVERCHARGE"/>
          </spells>
          <combatMoves/>
        </weapon>
      </offhandWeapon0>
      <clothingEquipped>
        <clothing enchantmentKnown="true" id="NIPPLE_TAPE_CROSSES" isDirty="false" name="tape crosses" slotEquippedTo="NIPPLE">
          <colours>
            <colour i="0">CLOTHING_WHITE</colour>
          </colours>
        </clothing>
        <clothing enchantmentKnown="true" id="WRIST_BANGLE" isDirty="false" name="bangle" slotEquippedTo="WRIST">
          <colours>
            <colour i="0">CLOTHING_ROSE_GOLD</colour>
          </colours>
        </clothing>
        <clothing enchantmentKnown="true" id="innoxia_finger_ring" isDirty="false" name="ring" slotEquippedTo="FINGER">
          <colours>
            <colour i="0">CLOTHING_ROSE_GOLD</colour>
          </colours>
        </clothing>
        <clothing enchantmentKnown="true" id="innoxia_leg_asymmetrical_skirt" isDirty="false" name="asymmetrical skirt" slotEquippedTo="LEG">
          <colours>
            <colour i="0">CLOTHING_BLACK</colour>
          </colours>
        </clothing>
        <clothing enchantmentKnown="true" id="innoxia_sock_pantyhose" isDirty="false" name="pantyhose" slotEquippedTo="SOCK">
          <colours>
            <colour i="0">CLOTHING_BLACK</colour>
          </colours>
        </clothing>
        <clothing enchantmentKnown="true" id="innoxia_gothicHeels_gothic_heels" isDirty="false" name="gothic heels" slotEquippedTo="FOOT">
          <colours>
            <colour i="0">CLOTHING_BLUE</colour>
            <colour i="1">CLOTHING_BLACK</colour>
            <colour i="2">CLOTHING_BLACK</colour>
          </colours>
          <effects>
            <effect limit="0" mod1="CLOTHING_ATTRIBUTE" mod2="DAMAGE_LUST" potency="MAJOR_BOOST" timer="44245" type="CLOTHING"/>
            <effect limit="0" mod1="CLOTHING_ATTRIBUTE" mod2="DAMAGE_LUST" potency="MAJOR_BOOST" timer="44245" type="CLOTHING"/>
            <effect limit="0" mod1="CLOTHING_ATTRIBUTE" mod2="DAMAGE_LUST" potency="MAJOR_BOOST" timer="44245" type="CLOTHING"/>
          </effects>
        </clothing>
        <clothing enchantmentKnown="true" id="STOMACH_LOWBACK_BODY" isDirty="false" name="lowback bodysuit" slotEquippedTo="STOMACH">
          <colours>
            <colour i="0">CLOTHING_BLACK_JET</colour>
          </colours>
          <effects>
            <effect limit="0" mod1="CLOTHING_ATTRIBUTE" mod2="DAMAGE_FIRE" potency="BOOST" timer="47095" type="CLOTHING"/>
            <effect limit="0" mod1="CLOTHING_ATTRIBUTE" mod2="DAMAGE_SPELLS" potency="MAJOR_BOOST" timer="47095" type="CLOTHING"/>
          </effects>
        </clothing>
        <clothing enchantmentKnown="true" id="innoxia_elemental_snowflake_necklace" isDirty="false" name="snowflake necklace" slotEquippedTo="NECK">
          <colours>
            <colour i="0">CLOTHING_SILVER</colour>
            <colour i="1">CLOTHING_SILVER</colour>
          </colours>
          <effects>
            <effect limit="0" mod1="CLOTHING_ATTRIBUTE" mod2="RESISTANCE_ICE" potency="MAJOR_BOOST" timer="93280" type="CLOTHING"/>
            <effect limit="0" mod1="CLOTHING_ATTRIBUTE" mod2="DAMAGE_ICE" potency="MAJOR_BOOST" timer="93280" type="CLOTHING"/>
          </effects>
        </clothing>
        <clothing enchantmentKnown="true" id="innoxia_elemental_piercing_ear_snowflakes" isDirty="false" name="snowflake earrings" slotEquippedTo="PIERCING_EAR">
          <colours>
            <colour i="0">CLOTHING_SILVER</colour>
          </colours>
          <effects>
            <effect limit="0" mod1="CLOTHING_ATTRIBUTE" mod2="RESISTANCE_ICE" potency="BOOST" timer="98810" type="CLOTHING"/>
            <effect limit="0" mod1="CLOTHING_ATTRIBUTE" mod2="DAMAGE_ICE" potency="BOOST" timer="98810" type="CLOTHING"/>
          </effects>
        </clothing>
        <clothing enchantmentKnown="true" id="innoxia_elemental_piercing_nose_snowflake" isDirty="false" name="snowflake nose stud" slotEquippedTo="PIERCING_NOSE">
          <colours>
            <colour i="0">CLOTHING_SILVER</colour>
          </colours>
          <effects>
            <effect limit="0" mod1="CLOTHING_ATTRIBUTE" mod2="RESISTANCE_ICE" potency="MINOR_BOOST" timer="49775" type="CLOTHING"/>
            <effect limit="0" mod1="CLOTHING_ATTRIBUTE" mod2="RESISTANCE_ICE" potency="MINOR_BOOST" timer="49775" type="CLOTHING"/>
            <effect limit="0" mod1="CLOTHING_ATTRIBUTE" mod2="DAMAGE_ICE" potency="MINOR_BOOST" timer="49775" type="CLOTHING"/>
            <effect limit="0" mod1="CLOTHING_ATTRIBUTE" mod2="DAMAGE_ICE" potency="MINOR_BOOST" timer="49775" type="CLOTHING"/>
          </effects>
        </clothing>
        <clothing enchantmentKnown="true" id="c4mg1rl_trickster_mask" isDirty="false" name="Trickster's mask" slotEquippedTo="EYES">
          <colours>
            <colour i="0">CLOTHING_GREY_LIGHT</colour>
            <colour i="1">CLOTHING_BLACK</colour>
            <colour i="2">CLOTHING_BLUE_LIGHT</colour>
          </colours>
        </clothing>
        <clothing enchantmentKnown="true" id="c4mg1rl_trickster_cloak" isDirty="false" name="Trickster's Cloak" slotEquippedTo="TORSO_OVER">
          <colours>
            <colour i="0">CLOTHING_BLACK_JET</colour>
            <colour i="1">CLOTHING_BLUE_LIGHT</colour>
            <colour i="2">CLOTHING_ROSE_GOLD</colour>
          </colours>
          <effects>
            <effect limit="0" mod1="CLOTHING_MAJOR_ATTRIBUTE" mod2="INTELLIGENCE" potency="MAJOR_BOOST" timer="44245" type="CLOTHING"/>
            <effect limit="0" mod1="CLOTHING_MAJOR_ATTRIBUTE" mod2="DAMAGE_SPELLS" potency="MAJOR_BOOST" timer="44245" type="CLOTHING"/>
            <effect limit="0" mod1="CLOTHING_ATTRIBUTE" mod2="SPELL_COST_MODIFIER" potency="MAJOR_BOOST" timer="44245" type="CLOTHING"/>
          </effects>
        </clothing>
        <clothing enchantmentKnown="true" id="c4mg1rl_trickster_tunic" isDirty="false" name="Trickster's tunic" slotEquippedTo="TORSO_UNDER">
          <colours>
            <colour i="0">CLOTHING_BLACK_JET</colour>
            <colour i="1">CLOTHING_TURQUOISE</colour>
            <colour i="2">CLOTHING_ROSE_GOLD</colour>
          </colours>
        </clothing>
      </clothingEquipped>
      <clothingInInventory>
        <clothing count="1" enchantmentKnown="true" id="FINGER_LYSSIETHS_RING" isDirty="false" name="Lyssieth's Signet Ring">
          <colours>
            <colour i="0">CLOTHING_ROSE_GOLD</colour>
            <colour i="1">CLOTHING_RED_DARK</colour>
            <colour i="2">CLOTHING_ROSE_GOLD</colour>
          </colours>
          <effects>
            <effect limit="0" mod1="CLOTHING_ATTRIBUTE" mod2="DAMAGE_LUST" potency="MAJOR_BOOST" timer="2040" type="CLOTHING"/>
            <effect limit="0" mod1="CLOTHING_ATTRIBUTE" mod2="DAMAGE_LUST" potency="MAJOR_BOOST" timer="2040" type="CLOTHING"/>
            <effect limit="0" mod1="CLOTHING_ATTRIBUTE" mod2="DAMAGE_LUST" potency="MAJOR_BOOST" timer="2040" type="CLOTHING"/>
            <effect limit="0" mod1="CLOTHING_ATTRIBUTE" mod2="DAMAGE_LUST" potency="MAJOR_BOOST" timer="2040" type="CLOTHING"/>
            <effect limit="0" mod1="CLOTHING_ATTRIBUTE" mod2="DAMAGE_SPELLS" potency="MAJOR_BOOST" timer="2040" type="CLOTHING"/>
            <effect limit="0" mod1="CLOTHING_ATTRIBUTE" mod2="DAMAGE_SPELLS" potency="MAJOR_BOOST" timer="2040" type="CLOTHING"/>
            <effect limit="0" mod1="CLOTHING_ATTRIBUTE" mod2="DAMAGE_SPELLS" potency="MAJOR_BOOST" timer="2040" type="CLOTHING"/>
            <effect limit="0" mod1="CLOTHING_ATTRIBUTE" mod2="SPELL_COST_MODIFIER" potency="MAJOR_BOOST" timer="2040" type="CLOTHING"/>
            <effect limit="0" mod1="CLOTHING_ATTRIBUTE" mod2="SPELL_COST_MODIFIER" potency="MAJOR_BOOST" timer="2040" type="CLOTHING"/>
            <effect limit="0" mod1="CLOTHING_ATTRIBUTE" mod2="SPELL_COST_MODIFIER" potency="MAJOR_BOOST" timer="2040" type="CLOTHING"/>
            <effect limit="0" mod1="CLOTHING_MAJOR_ATTRIBUTE" mod2="CORRUPTION" potency="MAJOR_BOOST" timer="2040" type="CLOTHING"/>
            <effect limit="0" mod1="CLOTHING_MAJOR_ATTRIBUTE" mod2="CORRUPTION" potency="MAJOR_BOOST" timer="2040" type="CLOTHING"/>
            <effect limit="0" mod1="CLOTHING_MAJOR_ATTRIBUTE" mod2="CORRUPTION" potency="MAJOR_BOOST" timer="2040" type="CLOTHING"/>
            <effect limit="0" mod1="CLOTHING_MAJOR_ATTRIBUTE" mod2="CORRUPTION" potency="MAJOR_BOOST" timer="2040" type="CLOTHING"/>
            <effect limit="0" mod1="CLOTHING_MAJOR_ATTRIBUTE" mod2="CORRUPTION" potency="MAJOR_BOOST" timer="2040" type="CLOTHING"/>
          </effects>
        </clothing>
      </clothingInInventory>
    </characterInventory>
    <attributes>
      <attribute type="AROUSAL" value="25.63"/>
      <attribute type="LUST" value="5.92"/>
      <attribute type="MAJOR_CORRUPTION" value="40.0"/>
    </attributes>
    <potionAttributes/>
    <traits>
      <perk type="ARCANE_CRITICALS"/>
      <perk type="CHUUNI"/>
      <perk type="ARCANE_COMBATANT"/>
      <perk type="ARCANE_VAMPYRISM"/>
    </traits>
    <specialPerks>
      <perk type="ELEMENTAL_ARCANE"/>
      <perk type="NINE_TAILED_YOUKO"/>
    </specialPerks>
    <perks>
      <perk row="1" type="PHYSICAL_BASE"/>
      <perk row="1" type="ARCANE_BASE"/>
      <perk row="1" type="LEWD_KNOWLEDGE"/>
      <perk row="2" type="ARCANE_CRITICALS"/>
      <perk row="2" type="ARCANE_BOOST"/>
      <perk row="2" type="ENCHANTMENT_STABILITY"/>
      <perk row="2" type="ENCHANTMENT_STABILITY_ALT"/>
      <perk row="3" type="SPELL_DAMAGE"/>
      <perk row="3" type="AURA_BOOST"/>
      <perk row="3" type="ENCHANTMENT_STABILITY"/>
      <perk row="3" type="ENCHANTMENT_STABILITY_ALT"/>
      <perk row="3" type="SPELL_EFFICIENCY"/>
      <perk row="4" type="SPELL_DAMAGE"/>
      <perk row="4" type="WEAPON_ENCHANTER"/>
      <perk row="4" type="AURA_BOOST"/>
      <perk row="4" type="CLOTHING_ENCHANTER"/>
      <perk row="4" type="SPELL_EFFICIENCY"/>
      <perk row="5" type="CHUUNI"/>
      <perk row="5" type="CRITICAL_BOOST_ALT_2"/>
      <perk row="5" type="ARCANE_COMBATANT"/>
      <perk row="5" type="ELEMENTAL_BOOST"/>
      <perk row="6" type="ARCANE_BOOST_MAJOR"/>
      <perk row="7" type="SPELL_DAMAGE"/>
      <perk row="7" type="SPELL_EFFICIENCY"/>
      <perk row="8" type="SPELL_DAMAGE"/>
      <perk row="8" type="SPELL_EFFICIENCY"/>
      <perk row="9" type="AURA_BOOST"/>
      <perk row="9" type="SPELL_DAMAGE_MAJOR"/>
      <perk row="9" type="SPELL_EFFICIENCY"/>
      <perk row="10" type="ARCANE_VAMPYRISM"/>
    </perks>
    <knownSpells>
      <spell type="POISON_VAPOURS"/>
      <spell type="SOOTHING_WATERS"/>
      <spell type="PROTECTIVE_GUSTS"/>
      <spell type="CLEANSE"/>
      <spell type="STEAL"/>
      <spell type="TELEPORT"/>
      <spell type="STONE_SHELL"/>
      <spell type="FIREBALL"/>
      <spell type="FLASH"/>
      <spell type="VACUUM"/>
      <spell type="CLOAK_OF_FLAMES"/>
      <spell type="ARCANE_CLOUD"/>
      <spell type="RAIN_CLOUD"/>
      <spell type="ARCANE_AROUSAL"/>
      <spell type="LILITHS_COMMAND"/>
      <spell type="TELEPATHIC_COMMUNICATION"/>
      <spell type="TELEKENETIC_SHOWER"/>
      <spell type="ICE_SHARD"/>
      <spell type="SLAM"/>
      <spell type="ELEMENTAL_WATER"/>
    </knownSpells>
    <spellUpgrades>
      <upgrade type="FIREBALL_1"/>
      <upgrade type="FIREBALL_2"/>
      <upgrade type="FIREBALL_3"/>
      <upgrade type="FLASH_1"/>
      <upgrade type="FLASH_2"/>
      <upgrade type="FLASH_3"/>
      <upgrade type="CLOAK_OF_FLAMES_1"/>
      <upgrade type="CLOAK_OF_FLAMES_2"/>
      <upgrade type="CLOAK_OF_FLAMES_3"/>
      <upgrade type="ICE_SHARD_1"/>
      <upgrade type="ICE_SHARD_2"/>
      <upgrade type="ICE_SHARD_3"/>
      <upgrade type="RAIN_CLOUD_1"/>
      <upgrade type="RAIN_CLOUD_2"/>
      <upgrade type="RAIN_CLOUD_3"/>
      <upgrade type="SOOTHING_WATERS_1_CLEAN"/>
      <upgrade type="SOOTHING_WATERS_2_CLEAN"/>
      <upgrade type="SOOTHING_WATERS_1"/>
      <upgrade type="SOOTHING_WATERS_2"/>
      <upgrade type="SOOTHING_WATERS_3"/>
      <upgrade type="ELEMENTAL_WATER_1"/>
      <upgrade type="ELEMENTAL_WATER_2"/>
      <upgrade type="ELEMENTAL_WATER_3B"/>
      <upgrade type="POISON_VAPOURS_1"/>
      <upgrade type="POISON_VAPOURS_2"/>
      <upgrade type="POISON_VAPOURS_3"/>
      <upgrade type="VACUUM_1"/>
      <upgrade type="VACUUM_2"/>
      <upgrade type="VACUUM_3"/>
      <upgrade type="PROTECTIVE_GUSTS_1"/>
      <upgrade type="PROTECTIVE_GUSTS_2"/>
      <upgrade type="PROTECTIVE_GUSTS_3"/>
      <upgrade type="SLAM_1"/>
      <upgrade type="SLAM_2"/>
      <upgrade type="SLAM_3"/>
      <upgrade type="TELEKENETIC_SHOWER_1"/>
      <upgrade type="TELEKENETIC_SHOWER_2"/>
      <upgrade type="TELEKENETIC_SHOWER_3"/>
      <upgrade type="STONE_SHELL_1"/>
      <upgrade type="STONE_SHELL_2"/>
      <upgrade type="STONE_SHELL_3"/>
      <upgrade type="ARCANE_AROUSAL_1"/>
      <upgrade type="ARCANE_AROUSAL_2"/>
      <upgrade type="ARCANE_AROUSAL_3"/>
      <upgrade type="TELEPATHIC_COMMUNICATION_1"/>
      <upgrade type="TELEPATHIC_COMMUNICATION_2"/>
      <upgrade type="TELEPATHIC_COMMUNICATION_3"/>
      <upgrade type="ARCANE_CLOUD_1"/>
      <upgrade type="ARCANE_CLOUD_2"/>
      <upgrade type="ARCANE_CLOUD_3"/>
      <upgrade type="CLEANSE_1"/>
      <upgrade type="CLEANSE_2"/>
      <upgrade type="CLEANSE_3"/>
      <upgrade type="STEAL_1"/>
      <upgrade type="STEAL_2"/>
      <upgrade type="STEAL_3A"/>
      <upgrade type="STEAL_3B"/>
      <upgrade type="TELEPORT_1"/>
      <upgrade type="TELEPORT_2"/>
      <upgrade type="TELEPORT_3"/>
      <upgrade type="LILITHS_COMMAND_1"/>
      <upgrade type="LILITHS_COMMAND_2"/>
      <upgrade type="LILITHS_COMMAND_3"/>
    </spellUpgrades>
    <spellUpgradePoints>
      <upgradeEntry points="141" school="EARTH"/>
      <upgradeEntry points="101" school="WATER"/>
      <upgradeEntry points="146" school="AIR"/>
      <upgradeEntry points="147" school="FIRE"/>
      <upgradeEntry points="0" school="ARCANE"/>
    </spellUpgradePoints>
    <fetishes>
      <fetish type="FETISH_TRANSFORMATION_GIVING"/>
      <fetish type="FETISH_ORAL_GIVING"/>
      <fetish type="FETISH_DOMINANT"/>
      <fetish type="FETISH_LEG_LOVER"/>
      <fetish type="FETISH_SIZE_QUEEN"/>
      <fetish type="FETISH_CUM_STUD"/>
      <fetish type="FETISH_BREASTS_OTHERS"/>
      <fetish type="FETISH_VAGINAL_RECEIVING"/>
      <fetish type="FETISH_STRUTTER"/>
      <fetish type="FETISH_PREGNANCY"/>
      <fetish type="FETISH_SUBMISSIVE"/>
      <fetish type="FETISH_FOOT_RECEIVING"/>
      <fetish type="FETISH_BREEDER"/>
      <fetish type="FETISH_VOYEURIST"/>
      <fetish type="FETISH_MASTURBATION"/>
      <fetish type="FETISH_BREASTS_SELF"/>
      <fetish type="FETISH_PENIS_RECEIVING"/>
      <fetish type="FETISH_ANAL_GIVING"/>
      <fetish type="FETISH_PENIS_GIVING"/>
      <fetish type="FETISH_CUM_ADDICT"/>
      <fetish type="FETISH_KINK_GIVING"/>
      <fetish type="FETISH_FOOT_GIVING"/>
      <fetish type="FETISH_DEFLOWERING"/>
      <fetish type="FETISH_ANAL_RECEIVING"/>
      <fetish type="FETISH_IMPREGNATION"/>
      <fetish type="FETISH_LACTATION_OTHERS"/>
      <fetish type="FETISH_VAGINAL_GIVING"/>
      <fetish type="FETISH_LACTATION_SELF"/>
      <fetish type="FETISH_SWITCH"/>
      <fetish type="FETISH_ORAL_RECEIVING"/>
    </fetishes>
    <fetishDesire>
      <entry desire="FOUR_LOVE" fetish="FETISH_TRANSFORMATION_GIVING"/>
      <entry desire="FOUR_LOVE" fetish="FETISH_ORAL_GIVING"/>
      <entry desire="FOUR_LOVE" fetish="FETISH_DOMINANT"/>
      <entry desire="FOUR_LOVE" fetish="FETISH_LEG_LOVER"/>
      <entry desire="FOUR_LOVE" fetish="FETISH_BREASTS_OTHERS"/>
      <entry desire="FOUR_LOVE" fetish="FETISH_CUM_STUD"/>
      <entry desire="FOUR_LOVE" fetish="FETISH_SIZE_QUEEN"/>
      <entry desire="FOUR_LOVE" fetish="FETISH_VAGINAL_RECEIVING"/>
      <entry desire="FOUR_LOVE" fetish="FETISH_STRUTTER"/>
      <entry desire="FOUR_LOVE" fetish="FETISH_PREGNANCY"/>
      <entry desire="FOUR_LOVE" fetish="FETISH_SUBMISSIVE"/>
      <entry desire="FOUR_LOVE" fetish="FETISH_FOOT_RECEIVING"/>
      <entry desire="FOUR_LOVE" fetish="FETISH_VOYEURIST"/>
      <entry desire="FOUR_LOVE" fetish="FETISH_MASTURBATION"/>
      <entry desire="FOUR_LOVE" fetish="FETISH_BREASTS_SELF"/>
      <entry desire="FOUR_LOVE" fetish="FETISH_PENIS_RECEIVING"/>
      <entry desire="FOUR_LOVE" fetish="FETISH_PENIS_GIVING"/>
      <entry desire="FOUR_LOVE" fetish="FETISH_ANAL_GIVING"/>
      <entry desire="FOUR_LOVE" fetish="FETISH_CUM_ADDICT"/>
      <entry desire="FOUR_LOVE" fetish="FETISH_KINK_GIVING"/>
      <entry desire="FOUR_LOVE" fetish="FETISH_FOOT_GIVING"/>
      <entry desire="FOUR_LOVE" fetish="FETISH_DEFLOWERING"/>
      <entry desire="FOUR_LOVE" fetish="FETISH_ANAL_RECEIVING"/>
      <entry desire="FOUR_LOVE" fetish="FETISH_IMPREGNATION"/>
      <entry desire="FOUR_LOVE" fetish="FETISH_LACTATION_OTHERS"/>
      <entry desire="FOUR_LOVE" fetish="FETISH_VAGINAL_GIVING"/>
      <entry desire="FOUR_LOVE" fetish="FETISH_LACTATION_SELF"/>
      <entry desire="FOUR_LOVE" fetish="FETISH_ORAL_RECEIVING"/>
    </fetishDesire>
    <fetishExperience>
      <entry experience="16" fetish="FETISH_PURE_VIRGIN"/>
    </fetishExperience>
    <statusEffects>
      <statusEffect lta="123075" sp="49035" sr="-1" type="ORIENTATION_AMBIPHILIC"/>
      <statusEffect lta="123075" sp="49035" sr="-1" type="COMPANIONS_LEAVING"/>
      <statusEffect lta="123075" sp="49035" sr="-1" type="PHYSIQUE_PERK_1"/>
      <statusEffect lta="123075" sp="48375" sr="-1" type="CORRUPTION_PERK_2"/>
      <statusEffect lta="123075" sp="44625" sr="-1" type="SUBSPECIES_BONUS"/>
      <statusEffect lta="123075" sp="44625" sr="-1" type="INTELLIGENCE_PERK_5"/>
      <statusEffect lta="78450" sp="44625" sr="-1" type="FIRE_MANA_BURN"/>
      <statusEffect lta="123075" sp="44625" sr="34575" type="WELL_RESTED"/>
      <statusEffect lta="123075" sp="1425" sr="-1" type="WEATHER_CLEAR"/>
      <statusEffect lta="123075" sp="1100" sr="13300" type="RECOVERING_AURA"/>
      <statusEffect lta="123075" sp="740" sr="-1" type="AROUSAL_PERK_2"/>
      <statusEffect lta="123075" sp="740" sr="-1" type="c4mg1rl_trickster_set"/>
      <statusEffect lta="123075" sp="740" sr="-1" type="LUST_PERK_0"/>
      <statusEffect lta="123075" sp="740" sr="-1" type="SET_SNOWFLAKE"/>
      <statusEffect lta="123075" sp="0" sr="-1" type="ELEMENTAL_WATER_CRASHING_WAVES"/>
      <statusEffect lta="123075" sp="0" sr="-1" type="ELEMENTAL_WATER_CALM_WATERS"/>
      <statusEffect lta="123075" sp="0" sr="-1" type="ELEMENTAL_WATER_BINDING_OF_WATER"/>
    </statusEffects>
    <knownMoves/>
    <equippedMoves>
      <move type="BASIC_STRIKE"/>
      <move type="BASIC_BLOCK"/>
      <move type="BASIC_TEASE_BLOCK"/>
      <move type="SPELL_LIGHTNING_SPHERE_OVERCHARGE"/>
      <move type="SPELL_ICE_SHARD"/>
      <move type="SPELL_SOOTHING_WATERS"/>
      <move type="SPELL_TELEPORT"/>
      <move type="SPELL_CLEANSE"/>
    </equippedMoves>
    <characterRelationships>
      <relationship character="-1,Kate" value="0.0"/>
    </characterRelationships>
    <pregnancy littersGenerated="0" timeProgressedToFinalPregnancyStage="1"/>
    <family>
      <motherId value=""/>
      <fatherId value=""/>
      <yearOfConception value="1998"/>
      <monthOfConception value="SEPTEMBER"/>
      <dayOfConception value="9"/>
    </family>
    <slavery>
      <slavesOwned/>
      <owner value=""/>
    </slavery>
    <companions>
      <companionsFollowing/>
      <partyLeader value=""/>
      <maxCompanions value="1"/>
    </companions>
    <sexStats>
      <fluidsStoredMap>
        <entry orifice="VAGINA"/>
        <entry orifice="NIPPLE_CROTCH"/>
        <entry orifice="ANUS"/>
        <entry orifice="URETHRA_PENIS"/>
        <entry orifice="SPINNERET"/>
        <entry orifice="MOUTH"/>
        <entry orifice="URETHRA_VAGINA"/>
        <entry orifice="NIPPLE"/>
      </fluidsStoredMap>
      <daysOrgasmCount value="3"/>
      <daysOrgasmCountRecord value="3"/>
      <totalOrgasmCount value="3"/>
      <sexPartners>
        <sexCount asDom="1" asSub="0" consensual="1" id="PlayerCharacter"/>
        <sexCount asDom="1" asSub="0" consensual="1" id="-1,Kate"/>
        <sexCount asDom="0" asSub="0" consensual="0" id="unknown">
          <sexType other="MOUTH" participant="NORMAL" self="PENIS" sex="0"/>
          <sexType other="VAGINA" participant="NORMAL" self="PENIS" sex="100"/>
          <sexType other="FINGER" participant="NORMAL" self="VAGINA" sex="100"/>
          <sexType other="TONGUE" participant="NORMAL" self="VAGINA" sex="100"/>
          <sexType other="ANUS" participant="NORMAL" self="PENIS" sex="100"/>
          <sexType other="PENIS" participant="NORMAL" self="VAGINA" sex="100"/>
          <sexType other="PENIS" participant="NORMAL" self="ANUS" sex="100"/>
          <sexType other="VAGINA" participant="NORMAL" self="TONGUE" sex="100"/>
          <sexType other="PENIS" participant="NORMAL" self="MOUTH" sex="100"/>
          <sexType other="FINGER" participant="NORMAL" self="PENIS" sex="0"/>
          <sexType other="PENIS" participant="NORMAL" self="FINGER" sex="100"/>
          <sexType other="VAGINA" participant="NORMAL" self="FINGER" sex="100"/>
        </sexCount>
      </sexPartners>
      <virginityLosses>
        <sexType other="FINGER" participant="NORMAL" self="VAGINA" takenBy="" takenDescription="your boyfriend"/>
        <sexType other="TONGUE" participant="NORMAL" self="VAGINA" takenBy="" takenDescription="your boyfriend"/>
        <sexType other="PENIS" participant="NORMAL" self="VAGINA" takenBy="" takenDescription="your boyfriend"/>
        <sexType other="PENIS" participant="NORMAL" self="ANUS" takenBy="" takenDescription="your boyfriend"/>
        <sexType other="VAGINA" participant="NORMAL" self="TONGUE" takenBy="" takenDescription="your boyfriend"/>
        <sexType other="PENIS" participant="NORMAL" self="MOUTH" takenBy="" takenDescription="your boyfriend"/>
        <sexType other="PENIS" participant="NORMAL" self="FINGER" takenBy="" takenDescription="your boyfriend"/>
        <sexType other="VAGINA" participant="NORMAL" self="FINGER" takenBy="" takenDescription="your boyfriend"/>
      </virginityLosses>
    </sexStats>
    <addictionsCore alcoholLevel="0.0">
      <addictions/>
      <psychoactiveFluids/>
    </addictionsCore>
    <playerSpecific>
      <title value="The Human"/>
      <karma value="0"/>
      <questUpdates/>
      <mainQuestUpdated value="false"/>
      <sideQuestUpdated value="false"/>
      <relationshipQuestUpdated value="false"/>
      <raceBooksDiscovered>
        <race>ELEMENTAL_WATER</race>
      </raceBooksDiscovered>
      <charactersEncountered>
        <id value="-1,Kate"/>
        <id value="-1,Lilaya"/>
        <id value="-1,Nyan"/>
        <id value="-1,Rose"/>
        <id value="-1,Vicky"/>
      </charactersEncountered>
      <questMap>
        <entry q0="SIDE_ENCHANTMENTS_LILAYA_HELP" questLine="SIDE_ENCHANTMENT_DISCOVERY"/>
        <entry q0="MAIN_PROLOGUE" q1="MAIN_1_A_LILAYAS_TESTS" questLine="MAIN"/>
      </questMap>
      <questFailedMap/>
      <friendlyOccupants/>
      <worldsVisited>
        <world id="SHOPPING_ARCADE"/>
        <world id="MUSEUM"/>
        <world id="LILAYAS_HOUSE_FIRST_FLOOR"/>
      </worldsVisited>
      <itemsDiscovered>
        <type>SPELL_BOOK_ELEMENTAL_AIR</type>
        <type>SPELL_BOOK_STEAL</type>
        <type>SPELL_BOOK_RAIN_CLOUD</type>
        <type>SPELL_BOOK_SLAM</type>
        <type>SPELL_BOOK_POISON_VAPOURS</type>
        <type>SPELL_BOOK_TELEPATHIC_COMMUNICATION</type>
        <type>SPELL_BOOK_TELEPORT</type>
        <type>SPELL_BOOK_FIREBALL</type>
        <type>SPELL_BOOK_ARCANE_CLOUD</type>
        <type>SPELL_BOOK_ARCANE_AROUSAL</type>
        <type>SPELL_BOOK_ICE_SHARD</type>
        <type>SPELL_BOOK_FLASH</type>
        <type>SPELL_BOOK_LILITHS_COMMAND</type>
        <type>SPELL_BOOK_CLEANSE</type>
        <type>SPELL_BOOK_CLOAK_OF_FLAMES</type>
        <type>SPELL_BOOK_PROTECTIVE_GUSTS</type>
        <type>SPELL_BOOK_STONE_SHELL</type>
        <type>SPELL_BOOK_VACUUM</type>
        <type>SPELL_BOOK_ELEMENTAL_WATER</type>
        <type>SPELL_BOOK_TELEKENETIC_SHOWER</type>
        <type>SPELL_BOOK_SOOTHING_WATERS</type>
      </itemsDiscovered>
      <weaponsDiscovered>
        <type>innoxia_crystal_rare</type>
        <type>innoxia_lightningGlobe_lightning_globe</type>
        <type>c4mg1rl_swords_muramasa</type>
      </weaponsDiscovered>
      <clothingDiscovered>
        <type>innoxia_leg_asymmetrical_skirt</type>
        <type>c4mg1rl_trickster_mask</type>
        <type>STOMACH_UNDERBUST_CORSET</type>
        <type>innoxia_foot_stiletto_heels</type>
        <type>innoxia_elemental_piercing_nose_snowflake</type>
        <type>STOMACH_LOWBACK_BODY</type>
        <type>innoxia_elemental_snowflake_necklace</type>
        <type>NIPPLE_TAPE_CROSSES</type>
        <type>CHEST_PLUNGE_BRA</type>
        <type>innoxia_elemental_piercing_ear_snowflakes</type>
        <type>c4mg1rl_trickster_cloak</type>
        <type>innoxia_finger_ring</type>
        <type>innoxia_neck_heart_necklace</type>
        <type>innoxia_gothicHeels_gothic_heels</type>
        <type>WRIST_WOMENS_WATCH</type>
        <type>WRIST_BANGLE</type>
        <type>TORSO_SLIP_DRESS</type>
        <type>GROIN_THONG</type>
        <type>c4mg1rl_trickster_tunic</type>
      </clothingDiscovered>
      <racesDiscovered>
        <race>DEMON</race>
        <race>HUMAN</race>
        <race>WOLF_MORPH</race>
        <race>HALF_DEMON</race>
        <race>CAT_MORPH</race>
      </racesDiscovered>
      <racesDiscoveredAdvanced>
        <race>ELEMENTAL_WATER</race>
      </racesDiscoveredAdvanced>
    </playerSpecific>
  </character>
</playerCharacter>
