<?xml version="1.0" encoding="UTF-8" standalone="no"?>
<playerCharacter>
  <character>
    <!--If you want to edit any of these values, just be warned that it might break the game...-->
    <core>
      <id value="PlayerCharacter"/>
      <pathName value="com.lilithsthrone.game.character.PlayerCharacter"/>
      <name nameAndrogynous="Pyruvic" nameFeminine="Pyruvic" nameMasculine="Pyruvic"/>
      <surname value=""/>
      <genericName value=""/>
      <description value="Having been pulled into an enchanted mirror in your aunt Lily's museum, you woke up to find yourself in another world. By a stroke of good fortune, one of the first people you met was Lilaya; this world's version of your aunt. Having convinced her that your story is true, you're now working towards finding a way to get back to your old world."/>
      <playerKnowsName value="true"/>
      <playerOnFirstNameTerms value="false"/>
      <raceConcealed value="false"/>
      <level value="30"/>
      <ageAppearanceDifference value="-3"/>
      <yearOfBirth value="1999"/>
      <monthOfBirth value="OCTOBER"/>
      <dayOfBirth value="3"/>
      <version value="0.4.1.1"/>
      <history value="MUSICIAN"/>
      <elemental value=""/>
      <elementalSummoned value="false"/>
      <combatBehaviour value="BALANCED"/>
      <lastTimeHadSex value="-1"/>
      <lastTimeOrgasmed value="-1"/>
      <desiredJobs/>
      <petNames/>
      <personality>
        <trait>LEWD</trait>
      </personality>
      <sexualOrientation value="AMBIPHILIC"/>
      <obedience value="0.0"/>
      <genderIdentity value="F_V_B_FEMALE"/>
      <foughtPlayerCount value="0"/>
      <lostCombatCount value="0"/>
      <wonCombatCount value="0"/>
      <experience value="160"/>
      <perkPoints value="0"/>
      <perkCategoryPoints/>
      <health value="205.0"/>
      <mana value="271.0"/>
      <areasKnownByCharacters/>
    </core>
    <locationInformation>
      <worldLocation value="LILAYAS_HOUSE_FIRST_FLOOR"/>
      <homeWorldLocation value="MUSEUM"/>
      <location x="4" y="3"/>
      <homeLocation x="2" y="0"/>
      <globalLocation x="20" y="17"/>
    </locationInformation>
    <body>
      <bodyCore bodyMaterial="FLESH" bodySize="30" femininity="69" feral="false" genitalArrangement="NORMAL" height="148" muscle="10" piercedStomach="false" pubicHair="ZERO_NONE" subspeciesOverride="HALF_DEMON" takesAfterMother="true" version="0.4.1.1">
        <bodyCovering c1="SKIN_LIGHT" c2="SKIN_LIGHT" modifier="SMOOTH" pattern="NONE" type="HUMAN"/>
        <bodyCovering c1="COVERING_RED_DARK" c2="COVERING_JET_BLACK" modifier="FLUFFY" pattern="MOTTLED" type="FOX_FUR"/>
        <bodyCovering c1="SKIN_RED_DARK" c2="SKIN_JET_BLACK" modifier="SMOOTH" pattern="MOTTLED" type="DEMON_COMMON"/>
        <bodyCovering c1="SKIN_LIGHT" c2="ORIFICE_INTERIOR" modifier="SMOOTH" pattern="NONE" type="PENIS"/>
        <bodyCovering c1="SKIN_RED_DARK" c2="SKIN_PURPLE" modifier="SMOOTH" pattern="ORIFICE_ANUS" type="ANUS"/>
        <bodyCovering c1="SKIN_RED_DARK" c2="SKIN_PURPLE" modifier="SMOOTH" pattern="ORIFICE_MOUTH" type="MOUTH"/>
        <bodyCovering c1="SKIN_PURPLE" c2="SKIN_PURPLE" modifier="SMOOTH" pattern="ORIFICE_NIPPLE" type="NIPPLES"/>
        <bodyCovering c1="SKIN_LIGHT" c2="ORIFICE_INTERIOR" modifier="SMOOTH" pattern="ORIFICE_NIPPLE_CROTCH" type="NIPPLES_CROTCH"/>
        <bodyCovering c1="SKIN_PURPLE" c2="SKIN_PURPLE" modifier="SMOOTH" pattern="ORIFICE_VAGINA" type="VAGINA"/>
        <bodyCovering c1="SKIN_LIGHT" c2="ORIFICE_INTERIOR" modifier="SMOOTH" pattern="ORIFICE_SPINNERET" type="SPINNERET"/>
        <bodyCovering c1="COVERING_BROWN" c2="COVERING_WHITE" modifier="SMOOTH" pattern="NONE" type="ANTENNA"/>
        <bodyCovering c1="COVERING_PURPLE_DARK" c2="COVERING_WHITE" modifier="SMOOTH" pattern="NONE" type="HORN"/>
        <bodyCovering c1="SKIN_PURPLE" c2="ORIFICE_INTERIOR" modifier="SMOOTH" pattern="NONE" type="TONGUE"/>
        <bodyCovering c1="COVERING_BROWN" c2="COVERING_BROWN" modifier="SMOOTH" pattern="NONE" type="HAIR_HUMAN"/>
        <bodyCovering c1="COVERING_SCARLET" c2="COVERING_PURPLE" modifier="SILKEN" pattern="HIGHLIGHTS" type="HAIR_DEMON"/>
        <bodyCovering c1="COVERING_BROWN" c2="COVERING_BROWN" modifier="COARSE" pattern="NONE" type="BODY_HAIR_HUMAN"/>
        <bodyCovering c1="COVERING_RED_DARK" c2="COVERING_BLONDE" modifier="SILKEN" pattern="NONE" type="BODY_HAIR_DEMON"/>
        <bodyCovering c1="COVERING_WHITE" c2="COVERING_WHITE" modifier="FURRY" pattern="NONE" type="BODY_HAIR_FOX_FUR"/>
        <bodyCovering c1="EYE_BROWN" c2="EYE_BROWN" modifier="EYE" pattern="EYE_IRISES" type="EYE_HUMAN"/>
        <bodyCovering c1="EYE_PINK" c2="EYE_GREEN" g1="true" modifier="EYE" pattern="EYE_IRISES" type="EYE_DEMON_COMMON"/>
        <bodyCovering c1="EYE_BLACK" c2="EYE_BLACK" modifier="EYE" pattern="EYE_PUPILS" type="EYE_PUPILS"/>
        <bodyCovering c1="EYE_PINK" c2="EYE_WHITE" g1="true" modifier="EYE" pattern="EYE_SCLERA" type="EYE_SCLERA"/>
        <bodyCovering c1="COVERING_WHITE" c2="COVERING_WHITE" modifier="FLUID" pattern="FLUID" type="CUM"/>
        <bodyCovering c1="COVERING_CLEAR" c2="COVERING_CLEAR" modifier="FLUID" pattern="FLUID" type="GIRL_CUM"/>
        <bodyCovering c1="COVERING_WHITE" c2="COVERING_WHITE" modifier="FLUID" pattern="FLUID" type="MILK"/>
      </bodyCore>
      <antennae antennaePerRow="2" length="22" rows="1" type="NONE"/>
      <arm rows="1" type="FOX_MORPH" underarmHair="ZERO_NONE"/>
      <ass assSize="4" hipSize="3" type="DEMON_COMMON"/>
      <anus assHair="TWO_MANICURED" bleached="false" capacity="8.75" depth="4" elasticity="4" plasticity="4" stretchedCapacity="8.75" virgin="false" wetness="0">
        <anusModifiers MUSCLE_CONTROL="true"/>
      </anus>
      <breasts milkRegeneration="500" milkStorage="0" nippleCountPerBreast="1" rows="1" shape="ROUND" size="7" storedMilk="0.0" type="DEMON_COMMON"/>
      <nipples areolaeShape="NORMAL" areolaeSize="2" capacity="8.75" depth="4" elasticity="4" nippleShape="NORMAL" nippleSize="2" pierced="false" plasticity="4" stretchedCapacity="8.75" virgin="true">
        <nippleModifiers MUSCLE_CONTROL="true"/>
      </nipples>
      <milk flavour="MILK" type="MILK_DEMON">
        <milkModifiers/>
      </milk>
      <breastsCrotch milkRegeneration="500" milkStorage="0" nippleCountPerBreast="1" rows="1" shape="ROUND" size="7" storedMilk="0.0" type="NONE"/>
      <nipplesCrotch areolaeShape="NORMAL" areolaeSize="2" capacity="0.5" depth="2" elasticity="3" nippleShape="NORMAL" nippleSize="2" pierced="false" plasticity="3" stretchedCapacity="0.5" virgin="true">
        <nippleModifiers/>
      </nipplesCrotch>
      <milkCrotch flavour="MILK" type="MILK_HUMAN">
        <milkModifiers/>
      </milkCrotch>
      <ear pierced="false" type="FOX_MORPH"/>
      <eye eyePairs="1" irisShape="ROUND" pupilShape="VERTICAL" type="DEMON_COMMON"/>
      <face facialHair="ZERO_NONE" piercedNose="false" type="FOX_MORPH"/>
      <mouth capacity="6.25" depth="2" elasticity="4" lipSize="2" piercedLip="false" plasticity="3" stretchedCapacity="6.25" virgin="false" wetness="3">
        <mouthModifiers MUSCLE_CONTROL="true"/>
      </mouth>
      <tongue piercedTongue="false" tongueLength="7">
        <tongueModifiers FLAT="true" TAPERED="true"/>
      </tongue>
      <hair hairStyle="MESSY" length="22" type="DEMON"/>
      <horn hornsPerRow="2" length="22" rows="1" type="CURLED"/>
      <leg configuration="BIPEDAL" footStructure="UNGULIGRADE" type="DEMON_HOOFED"/>
      <penis capacity="0.0" depth="2" elasticity="0" girth="0" pierced="false" plasticity="3" size="0" stretchedCapacity="0.0" type="NONE" urethraVirgin="true" virgin="true">
        <penisModifiers/>
        <urethraModifiers/>
      </penis>
      <testicles cumExpulsion="60" cumRegeneration="10000" cumStorage="0" internal="false" numberOfTesticles="2" storedCum="0.0" testicleSize="0"/>
      <cum flavour="CUM" type="CUM_HUMAN">
        <cumModifiers SLIMY="true" STICKY="true"/>
      </cum>
      <spinneret capacity="1.75" depth="2" elasticity="4" plasticity="3" stretchedCapacity="1.75" virgin="true" wetness="1">
        <spinneretModifiers/>
      </spinneret>
      <torso type="FOX_MORPH"/>
      <tail count="1" girth="1" length="1.0" type="DEMON_COMMON"/>
      <tentacle count="1" girth="3" length="0.0" type="NONE"/>
      <vagina capacity="11.25" clitGirth="3" clitSize="0" depth="4" eggLayer="false" elasticity="4" hymen="false" labiaSize="2" pierced="false" plasticity="4" squirter="false" stretchedCapacity="11.25" type="DEMON_COMMON" urethraCapacity="8.75" urethraDepth="4" urethraElasticity="4" urethraPlasticity="4" urethraStretchedCapacity="8.75" urethraVirgin="true" virgin="false" wetness="2">
        <clitModifiers/>
        <vaginaModifiers MUSCLE_CONTROL="true"/>
        <urethraModifiers MUSCLE_CONTROL="true"/>
      </vagina>
      <girlcum flavour="GIRL_CUM" type="GIRL_CUM_DEMON">
        <girlcumModifiers SLIMY="true"/>
      </girlcum>
      <wing size="0" type="NONE"/>
    </body>
    <characterInventory>
      <maxInventorySpace value="120"/>
      <money value="5000"/>
      <essenceCount value="920"/>
      <dirtySlots/>
      <mainWeapon0>
        <weapon coreEnchantment="DAMAGE_POISON" damageType="POISON" id="innoxia_scythe_scythe" name="Dark Siren's Scythe">
          <colours>
            <colour i="0">CLOTHING_BLACK_STEEL</colour>
            <colour i="1">CLOTHING_RED_VERY_DARK</colour>
          </colours>
          <effects>
            <effect limit="0" mod1="CLOTHING_ATTRIBUTE" mod2="DAMAGE_POISON" potency="MAJOR_BOOST" timer="2940" type="WEAPON"/>
            <effect limit="0" mod1="CLOTHING_ATTRIBUTE" mod2="DAMAGE_POISON" potency="MAJOR_BOOST" timer="2940" type="WEAPON"/>
            <effect limit="0" mod1="CLOTHING_ATTRIBUTE" mod2="DAMAGE_POISON" potency="MAJOR_BOOST" timer="2940" type="WEAPON"/>
            <effect limit="0" mod1="CLOTHING_ATTRIBUTE" mod2="DAMAGE_POISON" potency="MAJOR_BOOST" timer="2940" type="WEAPON"/>
            <effect limit="0" mod1="CLOTHING_ATTRIBUTE" mod2="DAMAGE_POISON" potency="MAJOR_BOOST" timer="2940" type="WEAPON"/>
            <effect limit="0" mod1="CLOTHING_ATTRIBUTE" mod2="DAMAGE_MELEE_WEAPON" potency="MAJOR_BOOST" timer="0" type="WEAPON"/>
            <effect limit="0" mod1="CLOTHING_ATTRIBUTE" mod2="DAMAGE_MELEE_WEAPON" potency="MAJOR_BOOST" timer="0" type="WEAPON"/>
            <effect limit="0" mod1="CLOTHING_ATTRIBUTE" mod2="DAMAGE_MELEE_WEAPON" potency="MAJOR_BOOST" timer="0" type="WEAPON"/>
            <effect limit="0" mod1="CLOTHING_ATTRIBUTE" mod2="DAMAGE_MELEE_WEAPON" potency="MAJOR_BOOST" timer="0" type="WEAPON"/>
            <effect limit="0" mod1="CLOTHING_ATTRIBUTE" mod2="DAMAGE_MELEE_WEAPON" potency="MAJOR_BOOST" timer="0" type="WEAPON"/>
          </effects>
          <spells>
            <spell value="DARK_SIREN_SIRENS_CALL"/>
          </spells>
          <combatMoves/>
        </weapon>
      </mainWeapon0>
      <clothingEquipped>
        <clothing enchantmentKnown="true" id="Faiq_skydancer_ribbon" isDirty="false" name="Sky Dancer's Twin Ribbons" slotEquippedTo="HAIR">
          <colours>
            <colour i="0">CLOTHING_BLACK_JET</colour>
            <colour i="1">CLOTHING_RED_VERY_DARK</colour>
            <colour i="2">CLOTHING_PURPLE_ROYAL</colour>
          </colours>
          <effects>
            <effect limit="0" mod1="CLOTHING_ATTRIBUTE" mod2="SPELL_COST_MODIFIER" potency="MAJOR_BOOST" timer="0" type="CLOTHING"/>
            <effect limit="0" mod1="CLOTHING_ATTRIBUTE" mod2="SPELL_COST_MODIFIER" potency="MAJOR_BOOST" timer="0" type="CLOTHING"/>
            <effect limit="0" mod1="CLOTHING_ATTRIBUTE" mod2="RESISTANCE_FIRE" potency="MAJOR_BOOST" timer="0" type="CLOTHING"/>
            <effect limit="0" mod1="CLOTHING_ATTRIBUTE" mod2="RESISTANCE_ICE" potency="MAJOR_BOOST" timer="0" type="CLOTHING"/>
            <effect limit="0" mod1="CLOTHING_ATTRIBUTE" mod2="RESISTANCE_POISON" potency="MAJOR_BOOST" timer="0" type="CLOTHING"/>
          </effects>
        </clothing>
        <clothing enchantmentKnown="true" id="Faiq_skydancer_bra" isDirty="false" name="Sky Dancer's Bra" slotEquippedTo="CHEST">
          <colours>
            <colour i="0">CLOTHING_PINK_DARK</colour>
            <colour i="1">CLOTHING_BLACK_JET</colour>
            <colour i="2">CLOTHING_RED_VERY_DARK</colour>
          </colours>
          <effects>
            <effect limit="0" mod1="CLOTHING_ATTRIBUTE" mod2="DAMAGE_LUST" potency="MAJOR_BOOST" timer="0" type="CLOTHING"/>
            <effect limit="0" mod1="CLOTHING_ATTRIBUTE" mod2="RESISTANCE_LUST" potency="MAJOR_BOOST" timer="0" type="CLOTHING"/>
            <effect limit="0" mod1="CLOTHING_ATTRIBUTE" mod2="RESISTANCE_FIRE" potency="MAJOR_BOOST" timer="0" type="CLOTHING"/>
            <effect limit="0" mod1="CLOTHING_ATTRIBUTE" mod2="RESISTANCE_ICE" potency="MAJOR_BOOST" timer="0" type="CLOTHING"/>
            <effect limit="0" mod1="CLOTHING_ATTRIBUTE" mod2="RESISTANCE_POISON" potency="MAJOR_BOOST" timer="0" type="CLOTHING"/>
          </effects>
        </clothing>
        <clothing enchantmentKnown="true" id="Faiq_skydancer_gloves" isDirty="false" name="Sky Dancer's Gloves" slotEquippedTo="HAND">
          <colours>
            <colour i="0">CLOTHING_RED_BURGUNDY</colour>
            <colour i="1">CLOTHING_BLACK_JET</colour>
            <colour i="2">CLOTHING_PURPLE_ROYAL</colour>
          </colours>
          <effects>
            <effect limit="0" mod1="CLOTHING_ATTRIBUTE" mod2="RESISTANCE_FIRE" potency="MAJOR_BOOST" timer="0" type="CLOTHING"/>
            <effect limit="0" mod1="CLOTHING_ATTRIBUTE" mod2="RESISTANCE_ICE" potency="MAJOR_BOOST" timer="0" type="CLOTHING"/>
            <effect limit="0" mod1="CLOTHING_ATTRIBUTE" mod2="RESISTANCE_POISON" potency="MAJOR_BOOST" timer="0" type="CLOTHING"/>
          </effects>
        </clothing>
        <clothing enchantmentKnown="true" id="Faiq_skydancer_feather" isDirty="false" name="Sky Dancer's Wing" slotEquippedTo="HIPS">
          <colours>
            <colour i="0">CLOTHING_BLACK</colour>
            <colour i="1">CLOTHING_RED_VERY_DARK</colour>
            <colour i="2">CLOTHING_GUNMETAL</colour>
          </colours>
          <effects>
            <effect limit="0" mod1="CLOTHING_ATTRIBUTE" mod2="DAMAGE_LUST" potency="MAJOR_BOOST" timer="0" type="CLOTHING"/>
            <effect limit="0" mod1="CLOTHING_ATTRIBUTE" mod2="RESISTANCE_FIRE" potency="MAJOR_BOOST" timer="0" type="CLOTHING"/>
            <effect limit="0" mod1="CLOTHING_ATTRIBUTE" mod2="RESISTANCE_ICE" potency="MAJOR_BOOST" timer="0" type="CLOTHING"/>
            <effect limit="0" mod1="CLOTHING_ATTRIBUTE" mod2="RESISTANCE_POISON" potency="MAJOR_BOOST" timer="0" type="CLOTHING"/>
          </effects>
        </clothing>
        <clothing enchantmentKnown="true" id="Faiq_skydancer_main" isDirty="false" name="Sky Dancer's String" slotEquippedTo="GROIN">
          <colours>
            <colour i="0">CLOTHING_BLACK_JET</colour>
            <colour i="1">CLOTHING_RED_VERY_DARK</colour>
            <colour i="2">CLOTHING_RED_BURGUNDY</colour>
          </colours>
          <effects>
            <effect limit="0" mod1="CLOTHING_ATTRIBUTE" mod2="DAMAGE_LUST" potency="MAJOR_BOOST" timer="0" type="CLOTHING"/>
            <effect limit="0" mod1="CLOTHING_ATTRIBUTE" mod2="DAMAGE_LUST" potency="MAJOR_BOOST" timer="0" type="CLOTHING"/>
            <effect limit="0" mod1="CLOTHING_ATTRIBUTE" mod2="DAMAGE_LUST" potency="MAJOR_BOOST" timer="0" type="CLOTHING"/>
            <effect limit="0" mod1="TF_MOD_FETISH_BEHAVIOUR" mod2="TF_MOD_FETISH_EXHIBITIONIST" potency="MAJOR_BOOST" timer="0" type="CLOTHING"/>
            <effect limit="0" mod1="TF_MOD_FETISH_BEHAVIOUR" mod2="TF_MOD_FETISH_MASTURBATION" potency="MAJOR_BOOST" timer="0" type="CLOTHING"/>
          </effects>
        </clothing>
      </clothingEquipped>
      <itemsInInventory>
        <item colour="CLOTHING_WHITE" count="4" id="DYE_BRUSH" name="dye-brush">
          <itemEffects>
            <effect limit="0" mod1="null" mod2="null" potency="null" timer="6" type="DYE_BRUSH"/>
          </itemEffects>
        </item>
      </itemsInInventory>
    </characterInventory>
    <attributes>
      <attribute type="HEALTH_MAXIMUM" value="1.0"/>
      <attribute type="MANA_MAXIMUM" value="1.0"/>
      <attribute type="LUST" value="30.8"/>
      <attribute type="MAJOR_CORRUPTION" value="40.0"/>
    </attributes>
    <potionAttributes/>
    <traits>
      <perk type="FEMALE_ATTRACTION"/>
      <perk type="MALE_ATTRACTION"/>
    </traits>
    <specialPerks/>
    <perks>
      <perk row="1" type="LEWD_KNOWLEDGE"/>
      <perk row="1" type="ARCANE_BASE"/>
      <perk row="1" type="PHYSICAL_BASE"/>
      <perk row="2" type="SEDUCTION_BOOST"/>
      <perk row="2" type="ENCHANTMENT_STABILITY_ALT"/>
      <perk row="2" type="ENCHANTMENT_STABILITY"/>
      <perk row="3" type="SEDUCTION_BOOST"/>
      <perk row="3" type="ENCHANTMENT_STABILITY_ALT"/>
      <perk row="3" type="ENCHANTMENT_STABILITY"/>
      <perk row="4" type="SEDUCTION_BOOST"/>
      <perk row="4" type="WEAPON_ENCHANTER"/>
      <perk row="4" type="CLOTHING_ENCHANTER"/>
      <perk row="5" type="CRITICAL_BOOST_ALT"/>
      <perk row="6" type="FEMALE_ATTRACTION"/>
      <perk row="6" type="MALE_ATTRACTION"/>
      <perk row="6" type="SEDUCTION_BOOST_MAJOR"/>
    </perks>
    <knownSpells>
      <spell type="TELEPORT"/>
      <spell type="LILITHS_COMMAND"/>
      <spell type="ARCANE_CLOUD"/>
      <spell type="TELEPATHIC_COMMUNICATION"/>
      <spell type="ARCANE_AROUSAL"/>
    </knownSpells>
    <spellUpgrades>
      <upgrade type="ARCANE_AROUSAL_1"/>
      <upgrade type="ARCANE_AROUSAL_2"/>
      <upgrade type="ARCANE_AROUSAL_3"/>
      <upgrade type="TELEPATHIC_COMMUNICATION_1"/>
      <upgrade type="TELEPATHIC_COMMUNICATION_2"/>
      <upgrade type="TELEPATHIC_COMMUNICATION_3"/>
      <upgrade type="ARCANE_CLOUD_1"/>
      <upgrade type="ARCANE_CLOUD_2"/>
      <upgrade type="ARCANE_CLOUD_3"/>
      <upgrade type="TELEPORT_1"/>
      <upgrade type="TELEPORT_2"/>
      <upgrade type="TELEPORT_3"/>
      <upgrade type="LILITHS_COMMAND_1"/>
      <upgrade type="LILITHS_COMMAND_2"/>
    </spellUpgrades>
    <spellUpgradePoints>
      <upgradeEntry points="0" school="EARTH"/>
      <upgradeEntry points="0" school="WATER"/>
      <upgradeEntry points="0" school="AIR"/>
      <upgradeEntry points="0" school="FIRE"/>
      <upgradeEntry points="2" school="ARCANE"/>
    </spellUpgradePoints>
    <fetishes>
      <fetish type="FETISH_DOMINANT"/>
      <fetish type="FETISH_ORAL_RECEIVING"/>
      <fetish type="FETISH_TRANSFORMATION_GIVING"/>
      <fetish type="FETISH_KINK_RECEIVING"/>
      <fetish type="FETISH_VOYEURIST"/>
      <fetish type="FETISH_BREASTS_SELF"/>
      <fetish type="FETISH_SUBMISSIVE"/>
      <fetish type="FETISH_PENIS_RECEIVING"/>
      <fetish type="FETISH_KINK_GIVING"/>
      <fetish type="FETISH_STRUTTER"/>
      <fetish type="FETISH_SWITCH"/>
      <fetish type="FETISH_VAGINAL_GIVING"/>
      <fetish type="FETISH_EXHIBITIONIST"/>
      <fetish type="FETISH_SIZE_QUEEN"/>
      <fetish type="FETISH_ORAL_GIVING"/>
      <fetish type="FETISH_BREASTS_OTHERS"/>
      <fetish type="FETISH_ANAL_RECEIVING"/>
    </fetishes>
    <fetishDesire>
      <entry desire="FOUR_LOVE" fetish="FETISH_DOMINANT"/>
      <entry desire="FOUR_LOVE" fetish="FETISH_ORAL_RECEIVING"/>
      <entry desire="FOUR_LOVE" fetish="FETISH_TRANSFORMATION_GIVING"/>
      <entry desire="FOUR_LOVE" fetish="FETISH_KINK_RECEIVING"/>
      <entry desire="FOUR_LOVE" fetish="FETISH_VOYEURIST"/>
      <entry desire="FOUR_LOVE" fetish="FETISH_BREASTS_SELF"/>
      <entry desire="FOUR_LOVE" fetish="FETISH_SUBMISSIVE"/>
      <entry desire="FOUR_LOVE" fetish="FETISH_PENIS_RECEIVING"/>
      <entry desire="FOUR_LOVE" fetish="FETISH_KINK_GIVING"/>
      <entry desire="FOUR_LOVE" fetish="FETISH_STRUTTER"/>
      <entry desire="FOUR_LOVE" fetish="FETISH_VAGINAL_GIVING"/>
      <entry desire="TWO_NEUTRAL" fetish="FETISH_LEG_LOVER"/>
      <entry desire="FOUR_LOVE" fetish="FETISH_EXHIBITIONIST"/>
      <entry desire="FOUR_LOVE" fetish="FETISH_SIZE_QUEEN"/>
      <entry desire="FOUR_LOVE" fetish="FETISH_ORAL_GIVING"/>
      <entry desire="FOUR_LOVE" fetish="FETISH_BREASTS_OTHERS"/>
      <entry desire="FOUR_LOVE" fetish="FETISH_ANAL_RECEIVING"/>
    </fetishDesire>
    <fetishExperience/>
    <statusEffects>
      <statusEffect lta="74040" sp="0" sr="-1" type="AROUSAL_PERK_0"/>
      <statusEffect lta="74040" sp="0" sr="-1" type="ORIENTATION_AMBIPHILIC"/>
      <statusEffect lta="74040" sp="0" sr="-1" type="COMPANIONS_LEAVING"/>
      <statusEffect lta="74040" sp="0" sr="-1" type="PHYSIQUE_PERK_1"/>
      <statusEffect lta="74040" sp="0" sr="-1" type="WEATHER_STORM_PROTECTED"/>
      <statusEffect lta="74040" sp="0" sr="-1" type="SUBSPECIES_BONUS"/>
      <statusEffect lta="74040" sp="0" sr="-1" type="INTELLIGENCE_PERK_2"/>
      <statusEffect lta="74040" sp="0" sr="-1" type="CORRUPTION_PERK_5"/>
      <statusEffect lta="74040" sp="0" sr="-1" type="FETISH_EXHIBITIONIST"/>
      <statusEffect lta="74040" sp="0" sr="-1" type="Faiq_set_skydancer_combat"/>
      <statusEffect lta="74040" sp="0" sr="-1" type="Faiq_set_skydancer"/>
      <statusEffect lta="74040" sp="0" sr="-1" type="LUST_PERK_2"/>
    </statusEffects>
    <knownMoves/>
    <equippedMoves>
      <move type="BASIC_STRIKE"/>
      <move type="SPELL_LILITHS_COMMAND"/>
      <move type="SPELL_TELEPATHIC_COMMUNICATION"/>
      <move type="SPELL_ARCANE_AROUSAL"/>
      <move type="SPELL_ARCANE_CLOUD"/>
      <move type="BASIC_ARCANE_STRIKE"/>
      <move type="BASIC_TEASE"/>
    </equippedMoves>
    <characterRelationships/>
    <pregnancy littersGenerated="0" timeProgressedToFinalPregnancyStage="1"/>
    <family>
      <motherId value=""/>
      <motherName value="???"/>
      <motherFemininity value="FEMININE"/>
      <motherSubspecies value="HUMAN"/>
      <fatherId value=""/>
      <fatherName value="???"/>
      <fatherFemininity value="MASCULINE"/>
      <fatherSubspecies value="HUMAN"/>
      <yearOfConception value="1998"/>
      <monthOfConception value="AUGUST"/>
      <dayOfConception value="27"/>
    </family>
    <slavery>
      <slavesOwned/>
      <owner value=""/>
    </slavery>
    <companions>
      <companionsFollowing/>
      <partyLeader value=""/>
      <maxCompanions value="1"/>
    </companions>
    <sexStats>
      <fluidsStoredMap>
        <entry orifice="ANUS"/>
        <entry orifice="NIPPLE"/>
        <entry orifice="MOUTH"/>
        <entry orifice="VAGINA"/>
        <entry orifice="SPINNERET"/>
        <entry orifice="URETHRA_PENIS"/>
        <entry orifice="NIPPLE_CROTCH"/>
        <entry orifice="URETHRA_VAGINA"/>
      </fluidsStoredMap>
      <daysOrgasmCount value="0"/>
      <daysOrgasmCountRecord value="0"/>
      <totalOrgasmCount value="0"/>
      <sexPartners/>
      <virginityLosses/>
    </sexStats>
    <addictionsCore alcoholLevel="0.0">
      <addictions/>
      <psychoactiveFluids/>
    </addictionsCore>
    <playerSpecific>
      <title value="The Human"/>
      <karma value="0"/>
      <questUpdates/>
      <mainQuestUpdated value="true"/>
      <sideQuestUpdated value="false"/>
      <relationshipQuestUpdated value="false"/>
      <raceBooksDiscovered/>
      <charactersEncountered>
        <id value="-1,Lilaya"/>
        <id value="-1,Rose"/>
      </charactersEncountered>
      <questMap>
        <entry q0="MAIN_PROLOGUE" q1="MAIN_1_A_LILAYAS_TESTS" questLine="MAIN"/>
      </questMap>
      <questFailedMap/>
      <friendlyOccupants/>
      <worldsVisited>
        <world id="LILAYAS_HOUSE_FIRST_FLOOR"/>
        <world id="MUSEUM_LOST"/>
      </worldsVisited>
      <itemsDiscovered>
        <type>SPELL_BOOK_ARCANE_CLOUD</type>
        <type>SPELL_BOOK_ARCANE_AROUSAL</type>
        <type>SPELL_BOOK_TELEPORT</type>
        <type>DYE_BRUSH</type>
        <type>SPELL_BOOK_LILITHS_COMMAND</type>
        <type>SPELL_BOOK_TELEPATHIC_COMMUNICATION</type>
        <type>SPELL_SCROLL_ARCANE</type>
        <type>SPELL_BOOK_POISON_VAPOURS</type>
      </itemsDiscovered>
      <weaponsDiscovered>
        <type>innoxia_crystal_rare</type>
        <type>sage_Arcane_Arcane003</type>
        <type>innoxia_scythe_scythe</type>
        <type>boondocks_avenging_angel_wep_avenging_blade</type>
        <type>innoxia_lightningGlobe_lightning_globe</type>
      </weaponsDiscovered>
      <clothingDiscovered>
        <type>GROIN_THONG</type>
        <type>innoxia_leg_hotpants</type>
        <type>Faiq_skydancer_gloves</type>
        <type>TORSO_VIRGIN_KILLER_SWEATER</type>
        <type>CHEST_PLUNGE_BRA</type>
        <type>Faiq_skydancer_feather</type>
        <type>Faiq_skydancer_bra</type>
        <type>innoxia_milking_vagina_pump</type>
        <type>Faiq_skydancer_ribbon</type>
        <type>Faiq_skydancer_main</type>
        <type>innoxia_chest_lacy_plunge_bra</type>
        <type>innoxia_foot_heels</type>
        <type>Faiq_skydancer_shoes</type>
        <type>WRIST_BANGLE</type>
        <type>innoxia_groin_lacy_panties</type>
      </clothingDiscovered>
      <racesDiscovered>
        <race>HALF_DEMON</race>
        <race>HUMAN</race>
        <race>CAT_MORPH</race>
      </racesDiscovered>
      <racesDiscoveredAdvanced/>
    </playerSpecific>
  </character>
</playerCharacter>
