<?xml version="1.0" encoding="UTF-8" standalone="no"?>
<playerCharacter>
  <character>
    <!--If you want to edit any of these values, just be warned that it might break the game...-->
    <core>
      <id value="PlayerCharacter"/>
      <pathName value="com.lilithsthrone.game.character.PlayerCharacter"/>
      <name nameAndrogynous="Butterscotch" nameFeminine="Butterscotch" nameMasculine="Butterscotch"/>
      <surname value=""/>
      <genericName value=""/>
      <description value="Having been pulled into an enchanted mirror in your aunt Lily's museum, you woke up to find yourself in another world. By a stroke of good fortune, one of the first people you met was Lilaya; this world's version of your aunt. Having convinced her that your story is true, you're now working towards finding a way to get back to your old world."/>
      <playerKnowsName value="true"/>
      <playerOnFirstNameTerms value="false"/>
      <raceConcealed value="false"/>
      <level value="1"/>
      <ageAppearanceDifference value="-3"/>
      <yearOfBirth value="1999"/>
      <monthOfBirth value="NOVEMBER"/>
      <dayOfBirth value="29"/>
      <version value="0.4"/>
      <history value="UNEMPLOYED"/>
      <elemental value=""/>
      <elementalSummoned value="false"/>
      <combatBehaviour value="BALANCED"/>
      <lastTimeHadSex value="-1"/>
      <lastTimeOrgasmed value="-1"/>
      <desiredJobs/>
      <petNames/>
      <personality>
        <trait>KIND</trait>
        <trait>MUTE</trait>
        <trait>LEWD</trait>
      </personality>
      <sexualOrientation value="AMBIPHILIC"/>
      <obedience value="0.0"/>
      <genderIdentity value="F_V_B_FEMALE"/>
      <foughtPlayerCount value="0"/>
      <lostCombatCount value="0"/>
      <wonCombatCount value="0"/>
      <experience value="5"/>
      <perkPoints value="0"/>
      <perkCategoryPoints/>
      <health value="39.0"/>
      <mana value="11.0"/>
      <areasKnownByCharacters/>
    </core>
    <locationInformation>
      <worldLocation value="LILAYAS_HOUSE_FIRST_FLOOR"/>
      <homeWorldLocation value="MUSEUM"/>
      <location x="4" y="3"/>
      <homeLocation x="2" y="0"/>
      <globalLocation x="20" y="17"/>
    </locationInformation>
    <body>
      <bodyCore bodyMaterial="FLESH" bodySize="50" femininity="70" feral="false" genitalArrangement="NORMAL" height="160" muscle="50" piercedStomach="false" pubicHair="TWO_MANICURED" takesAfterMother="true" version="0.4">
        <bodyCovering c1="SKIN_LIGHT" c2="SKIN_LIGHT" modifier="SMOOTH" pattern="NONE" type="HUMAN"/>
        <bodyCovering c1="COVERING_TAN" c2="COVERING_WHITE" modifier="SHORT" pattern="HIGHLIGHTS" type="CANINE_FUR"/>
        <bodyCovering c1="SKIN_LIGHT" c2="ORIFICE_INTERIOR" modifier="SMOOTH" pattern="NONE" type="PENIS"/>
        <bodyCovering c1="SKIN_LIGHT" c2="ORIFICE_INTERIOR" modifier="SMOOTH" pattern="ORIFICE_ANUS" type="ANUS"/>
        <bodyCovering c1="SKIN_LIGHT" c2="ORIFICE_INTERIOR" modifier="SMOOTH" pattern="ORIFICE_MOUTH" type="MOUTH"/>
        <bodyCovering c1="SKIN_LIGHT" c2="ORIFICE_INTERIOR" modifier="SMOOTH" pattern="ORIFICE_NIPPLE" type="NIPPLES"/>
        <bodyCovering c1="SKIN_LIGHT" c2="ORIFICE_INTERIOR" modifier="SMOOTH" pattern="ORIFICE_NIPPLE_CROTCH" type="NIPPLES_CROTCH"/>
        <bodyCovering c1="SKIN_LIGHT" c2="ORIFICE_INTERIOR" modifier="SMOOTH" pattern="ORIFICE_VAGINA" type="VAGINA"/>
        <bodyCovering c1="SKIN_LIGHT" c2="ORIFICE_INTERIOR" modifier="SMOOTH" pattern="ORIFICE_SPINNERET" type="SPINNERET"/>
        <bodyCovering c1="COVERING_BLACK" c2="COVERING_BROWN_DARK" modifier="SMOOTH" pattern="NONE" type="ANTENNA"/>
        <bodyCovering c1="COVERING_WHITE" c2="COVERING_BLACK" modifier="SMOOTH" pattern="NONE" type="HORN"/>
        <bodyCovering c1="ORIFICE_INTERIOR" c2="ORIFICE_INTERIOR" modifier="SMOOTH" pattern="NONE" type="TONGUE"/>
        <bodyCovering c1="COVERING_BROWN" c2="COVERING_BROWN" modifier="SMOOTH" pattern="NONE" type="HAIR_HUMAN"/>
        <bodyCovering c1="COVERING_DIRTY_BLONDE" c2="COVERING_BROWN" modifier="FURRY" pattern="HIGHLIGHTS" type="HAIR_CANINE_FUR"/>
        <bodyCovering c1="COVERING_BROWN" c2="COVERING_BROWN" modifier="COARSE" pattern="NONE" type="BODY_HAIR_HUMAN"/>
        <bodyCovering c1="COVERING_TAN" c2="COVERING_BLACK" modifier="FURRY" pattern="NONE" type="BODY_HAIR_CANINE_FUR"/>
        <bodyCovering c1="EYE_GREY" c2="EYE_BROWN" modifier="EYE" pattern="EYE_IRISES" type="EYE_HUMAN"/>
        <bodyCovering c1="EYE_BROWN" c2="EYE_BROWN" modifier="EYE" pattern="EYE_IRISES" type="EYE_DOG_MORPH"/>
        <bodyCovering c1="EYE_BLACK" c2="EYE_BLACK" modifier="EYE" pattern="EYE_PUPILS" type="EYE_PUPILS"/>
        <bodyCovering c1="EYE_WHITE" c2="EYE_WHITE" modifier="EYE" pattern="EYE_SCLERA" type="EYE_SCLERA"/>
        <bodyCovering c1="COVERING_WHITE" c2="COVERING_WHITE" modifier="FLUID" pattern="FLUID" type="CUM"/>
        <bodyCovering c1="COVERING_CLEAR" c2="COVERING_CLEAR" modifier="FLUID" pattern="FLUID" type="GIRL_CUM"/>
        <bodyCovering c1="COVERING_WHITE" c2="COVERING_WHITE" modifier="FLUID" pattern="FLUID" type="MILK"/>
      </bodyCore>
      <antennae antennaePerRow="2" length="22" rows="1" type="NONE"/>
      <arm rows="1" type="DOG_MORPH" underarmHair="ZERO_NONE"/>
      <ass assSize="3" hipSize="3" type="DOG_MORPH"/>
      <anus assHair="ZERO_NONE" bleached="false" capacity="1.75" depth="2" elasticity="3" plasticity="3" stretchedCapacity="1.75" virgin="true" wetness="0">
        <anusModifiers/>
      </anus>
      <breasts milkRegeneration="500" milkStorage="0" nippleCountPerBreast="1" rows="1" shape="POINTY" size="8" storedMilk="0.0" type="DOG_MORPH"/>
      <nipples areolaeShape="NORMAL" areolaeSize="2" capacity="0.5" depth="2" elasticity="3" nippleShape="NORMAL" nippleSize="2" pierced="false" plasticity="3" stretchedCapacity="0.5" virgin="true">
        <nippleModifiers/>
      </nipples>
      <milk flavour="MILK" type="MILK_DOG_MORPH">
        <milkModifiers/>
      </milk>
      <breastsCrotch milkRegeneration="500" milkStorage="0" nippleCountPerBreast="1" rows="2" shape="PERKY" size="4" storedMilk="0.0" type="NONE"/>
      <nipplesCrotch areolaeShape="NORMAL" areolaeSize="2" capacity="0.5" depth="2" elasticity="3" nippleShape="NORMAL" nippleSize="2" pierced="false" plasticity="3" stretchedCapacity="0.5" virgin="true">
        <nippleModifiers/>
      </nipplesCrotch>
      <milkCrotch flavour="MILK" type="MILK_HUMAN">
        <milkModifiers/>
      </milkCrotch>
      <ear pierced="false" type="DOG_MORPH_POINTED"/>
      <eye eyePairs="1" irisShape="ROUND" pupilShape="ROUND" type="DOG_MORPH"/>
      <face facialHair="ZERO_NONE" piercedNose="false" type="DOG_MORPH"/>
      <mouth capacity="6.25" depth="2" elasticity="4" lipSize="2" piercedLip="false" plasticity="3" stretchedCapacity="6.25" virgin="true" wetness="3">
        <mouthModifiers/>
      </mouth>
      <tongue piercedTongue="false" tongueLength="8">
        <tongueModifiers FLAT="true" WIDE="true"/>
      </tongue>
      <hair hairStyle="CURLY" length="22" type="DOG_MORPH"/>
      <horn hornsPerRow="2" length="2" rows="1" type="NONE"/>
      <leg configuration="BIPEDAL" footStructure="DIGITIGRADE" type="DOG_MORPH"/>
      <penis capacity="0.0" depth="2" elasticity="0" girth="0" pierced="false" plasticity="3" size="0" stretchedCapacity="0.0" type="NONE" urethraVirgin="true" virgin="true">
        <penisModifiers/>
        <urethraModifiers/>
      </penis>
      <testicles cumExpulsion="60" cumRegeneration="10000" cumStorage="0" internal="false" numberOfTesticles="2" storedCum="0.0" testicleSize="0"/>
      <cum flavour="CUM" type="CUM_HUMAN">
        <cumModifiers SLIMY="true" STICKY="true"/>
      </cum>
      <spinneret capacity="1.75" depth="2" elasticity="4" plasticity="3" stretchedCapacity="1.75" virgin="true" wetness="1">
        <spinneretModifiers/>
      </spinneret>
      <torso type="DOG_MORPH"/>
      <tail count="1" girth="3" length="0.4" type="NeverLucky_shiba_tail"/>
      <tentacle count="1" girth="3" length="0.0" type="NONE"/>
      <vagina capacity="3.75" clitGirth="3" clitSize="0" depth="2" eggLayer="false" elasticity="4" hymen="true" labiaSize="3" pierced="false" plasticity="3" squirter="false" stretchedCapacity="3.75" type="DOG_MORPH" urethraCapacity="0.0" urethraDepth="2" urethraElasticity="0" urethraPlasticity="3" urethraStretchedCapacity="0.0" urethraVirgin="true" virgin="true" wetness="3">
        <clitModifiers/>
        <vaginaModifiers PUFFY="true"/>
        <urethraModifiers/>
      </vagina>
      <girlcum flavour="GIRL_CUM" type="GIRL_CUM_DOG_MORPH">
        <girlcumModifiers SLIMY="true"/>
      </girlcum>
      <wing size="0" type="NONE"/>
    </body>
    <characterInventory>
      <maxInventorySpace value="120"/>
      <money value="5000"/>
      <essenceCount value="0"/>
      <dirtySlots/>
      <mainWeapon0>
        <weapon coreEnchantment="RESISTANCE_LUST" damageType="LUST" id="NeverLucky_bat_wooden_horny_silly" name="wooden 'HORNY!' bat">
          <colours>
            <colour i="0">CLOTHING_TAN</colour>
            <colour i="1">CLOTHING_BLACK</colour>
            <colour i="2">CLOTHING_PINK_DARK</colour>
          </colours>
          <effects>
            <effect limit="0" mod1="CLOTHING_ATTRIBUTE" mod2="RESISTANCE_LUST" potency="MAJOR_BOOST" timer="0" type="CLOTHING"/>
            <effect limit="0" mod1="CLOTHING_ATTRIBUTE" mod2="RESISTANCE_LUST" potency="MAJOR_BOOST" timer="0" type="CLOTHING"/>
            <effect limit="0" mod1="CLOTHING_ATTRIBUTE" mod2="RESISTANCE_LUST" potency="MAJOR_BOOST" timer="0" type="CLOTHING"/>
            <effect limit="0" mod1="CLOTHING_ATTRIBUTE" mod2="RESISTANCE_LUST" potency="MINOR_BOOST" timer="0" type="CLOTHING"/>
          </effects>
          <spells/>
          <combatMoves/>
        </weapon>
      </mainWeapon0>
      <clothingEquipped>
        <clothing enchantmentKnown="true" id="innoxia_neck_heart_necklace" isDirty="false" name="heart necklace" slotEquippedTo="NECK">
          <colours>
            <colour i="0">CLOTHING_SILVER</colour>
            <colour i="1">CLOTHING_STEEL</colour>
          </colours>
        </clothing>
        <clothing enchantmentKnown="true" id="TORSO_CAMITOP_STRAPS" isDirty="false" name="cami top" slotEquippedTo="TORSO_UNDER">
          <colours>
            <colour i="0">CLOTHING_PINK_HOT</colour>
          </colours>
        </clothing>
        <clothing enchantmentKnown="true" id="CHEST_PLUNGE_BRA" isDirty="false" name="plunge bra" slotEquippedTo="CHEST">
          <colours>
            <colour i="0">CLOTHING_WHITE</colour>
          </colours>
        </clothing>
        <clothing enchantmentKnown="true" id="innoxia_leg_hotpants" isDirty="false" name="hot pants" slotEquippedTo="LEG">
          <colours>
            <colour i="0">CLOTHING_WHITE</colour>
          </colours>
        </clothing>
        <clothing enchantmentKnown="true" id="GROIN_PANTIES" isDirty="false" name="panties" slotEquippedTo="GROIN">
          <colours>
            <colour i="0">CLOTHING_WHITE</colour>
          </colours>
        </clothing>
        <clothing enchantmentKnown="true" id="innoxia_foot_low_top_skater_shoes" isDirty="false" name="low-top skater shoes" slotEquippedTo="FOOT">
          <colours>
            <colour i="0">CLOTHING_PINK_LIGHT</colour>
            <colour i="1">CLOTHING_WHITE</colour>
            <colour i="2">CLOTHING_STEEL</colour>
          </colours>
        </clothing>
        <clothing enchantmentKnown="true" id="innoxia_sock_trainer_socks" isDirty="false" name="trainer socks" slotEquippedTo="SOCK">
          <colours>
            <colour i="0">CLOTHING_WHITE</colour>
          </colours>
        </clothing>
      </clothingEquipped>
      <itemsInInventory>
        <item colour="CLOTHING_PURPLE_LIGHT" count="1" id="innoxia_quest_special_pass_elle" name="Elle's Contractor Pass">
          <itemEffects/>
        </item>
      </itemsInInventory>
    </characterInventory>
    <attributes>
      <attribute type="HEALTH_MAXIMUM" value="1.0"/>
      <attribute type="MANA_MAXIMUM" value="1.0"/>
      <attribute type="LUST" value="20.0"/>
      <attribute type="MAJOR_CORRUPTION" value="40.0"/>
    </attributes>
    <potionAttributes/>
    <traits/>
    <specialPerks/>
    <perks>
      <perk row="1" type="PHYSICAL_BASE"/>
      <perk row="1" type="ARCANE_BASE"/>
      <perk row="1" type="LEWD_KNOWLEDGE"/>
    </perks>
    <knownSpells/>
    <spellUpgrades/>
    <spellUpgradePoints>
      <upgradeEntry points="0" school="EARTH"/>
      <upgradeEntry points="0" school="WATER"/>
      <upgradeEntry points="0" school="AIR"/>
      <upgradeEntry points="0" school="FIRE"/>
      <upgradeEntry points="0" school="ARCANE"/>
    </spellUpgradePoints>
    <fetishes/>
    <fetishDesire/>
    <fetishExperience/>
    <statusEffects>
      <statusEffect lta="78450" sp="0" sr="-1" type="AROUSAL_PERK_0"/>
      <statusEffect lta="78450" sp="0" sr="-1" type="ORIENTATION_AMBIPHILIC"/>
      <statusEffect lta="78450" sp="0" sr="-1" type="COMPANIONS_LEAVING"/>
      <statusEffect lta="78450" sp="0" sr="-1" type="CORRUPTION_PERK_2"/>
      <statusEffect lta="78450" sp="0" sr="-1" type="LUST_PERK_1"/>
      <statusEffect lta="78450" sp="0" sr="-1" type="SUBSPECIES_BONUS"/>
      <statusEffect lta="78450" sp="0" sr="-1" type="WEATHER_STORM_PROTECTED"/>
      <statusEffect lta="78450" sp="0" sr="-1" type="PHYSIQUE_PERK_1"/>
      <statusEffect lta="78450" sp="0" sr="-1" type="INTELLIGENCE_PERK_2"/>
    </statusEffects>
    <knownMoves/>
    <equippedMoves>
      <move type="BASIC_STRIKE"/>
      <move type="BASIC_TWIN_STRIKE"/>
      <move type="BASIC_BLOCK"/>
      <move type="BASIC_TEASE"/>
      <move type="BASIC_TEASE_BLOCK"/>
      <move type="BITE"/>
      <move type="BASIC_OFFHAND_STRIKE"/>
    </equippedMoves>
    <characterRelationships/>
    <pregnancy littersGenerated="0" timeProgressedToFinalPregnancyStage="1"/>
    <family>
      <motherId value=""/>
      <fatherId value=""/>
      <yearOfConception value="1998"/>
      <monthOfConception value="AUGUST"/>
      <dayOfConception value="1"/>
    </family>
    <slavery>
      <slavesOwned/>
      <owner value=""/>
    </slavery>
    <companions>
      <companionsFollowing/>
      <partyLeader value=""/>
      <maxCompanions value="1"/>
    </companions>
    <sexStats>
      <fluidsStoredMap>
        <entry orifice="MOUTH"/>
        <entry orifice="URETHRA_PENIS"/>
        <entry orifice="ANUS"/>
        <entry orifice="SPINNERET"/>
        <entry orifice="VAGINA"/>
        <entry orifice="NIPPLE"/>
        <entry orifice="NIPPLE_CROTCH"/>
        <entry orifice="URETHRA_VAGINA"/>
      </fluidsStoredMap>
      <daysOrgasmCount value="0"/>
      <daysOrgasmCountRecord value="0"/>
      <totalOrgasmCount value="0"/>
      <sexPartners>
        <sexCount asDom="0" asSub="0" consensual="0" id="unknown">
          <sexType other="PENIS" participant="NORMAL" self="FINGER" sex="100"/>
          <sexType other="FINGER" participant="NORMAL" self="VAGINA" sex="100"/>
          <sexType other="TONGUE" participant="NORMAL" self="VAGINA" sex="100"/>
          <sexType other="PENIS" participant="NORMAL" self="VAGINA" sex="100"/>
          <sexType other="VAGINA" participant="NORMAL" self="FINGER" sex="100"/>
          <sexType other="VAGINA" participant="NORMAL" self="TONGUE" sex="100"/>
          <sexType other="ANUS" participant="NORMAL" self="PENIS" sex="100"/>
          <sexType other="PENIS" participant="NORMAL" self="ANUS" sex="100"/>
          <sexType other="VAGINA" participant="NORMAL" self="PENIS" sex="100"/>
          <sexType other="PENIS" participant="NORMAL" self="MOUTH" sex="100"/>
          <sexType other="MOUTH" participant="NORMAL" self="PENIS" sex="0"/>
          <sexType other="FINGER" participant="NORMAL" self="PENIS" sex="0"/>
        </sexCount>
      </sexPartners>
      <virginityLosses>
        <sexType other="PENIS" participant="NORMAL" self="FINGER" takenBy="" takenDescription="your boyfriend"/>
        <sexType other="FINGER" participant="NORMAL" self="VAGINA" takenBy="" takenDescription="your boyfriend"/>
        <sexType other="TONGUE" participant="NORMAL" self="VAGINA" takenBy="" takenDescription="your boyfriend"/>
        <sexType other="PENIS" participant="NORMAL" self="VAGINA" takenBy="" takenDescription="your boyfriend"/>
        <sexType other="VAGINA" participant="NORMAL" self="FINGER" takenBy="" takenDescription="your boyfriend"/>
        <sexType other="VAGINA" participant="NORMAL" self="TONGUE" takenBy="" takenDescription="your boyfriend"/>
        <sexType other="PENIS" participant="NORMAL" self="ANUS" takenBy="" takenDescription="your boyfriend"/>
        <sexType other="PENIS" participant="NORMAL" self="MOUTH" takenBy="" takenDescription="your boyfriend"/>
      </virginityLosses>
    </sexStats>
    <addictionsCore alcoholLevel="0.0">
      <addictions/>
      <psychoactiveFluids/>
    </addictionsCore>
    <playerSpecific>
      <title value="The Human"/>
      <karma value="0"/>
      <questUpdates/>
      <mainQuestUpdated value="true"/>
      <sideQuestUpdated value="false"/>
      <relationshipQuestUpdated value="false"/>
      <raceBooksDiscovered/>
      <charactersEncountered>
        <id value="-1,Lilaya"/>
        <id value="-1,Rose"/>
      </charactersEncountered>
      <questMap>
        <entry q0="MAIN_PROLOGUE" q1="MAIN_1_A_LILAYAS_TESTS" questLine="MAIN"/>
      </questMap>
      <questFailedMap/>
      <friendlyOccupants/>
      <worldsVisited>
        <world id="MUSEUM"/>
        <world id="LILAYAS_HOUSE_FIRST_FLOOR"/>
      </worldsVisited>
      <itemsDiscovered>
        <type>innoxia_quest_special_pass_elle</type>
        <type>SPELL_BOOK_ICE_SHARD</type>
      </itemsDiscovered>
      <weaponsDiscovered>
        <type>innoxia_crystal_rare</type>
      </weaponsDiscovered>
      <clothingDiscovered>
        <type>innoxia_foot_low_top_skater_shoes</type>
        <type>WRIST_WOMENS_WATCH</type>
        <type>innoxia_finger_ring</type>
        <type>innoxia_leg_hotpants</type>
        <type>TORSO_CAMITOP_STRAPS</type>
      </clothingDiscovered>
      <racesDiscovered>
        <race>HUMAN</race>
        <race>HALF_DEMON</race>
        <race>CAT_MORPH</race>
      </racesDiscovered>
      <racesDiscoveredAdvanced/>
    </playerSpecific>
  </character>
</playerCharacter>
