<?xml version="1.0" encoding="UTF-8" standalone="no"?>
<playerCharacter>
  <character>
    <!--If you want to edit any of these values, just be warned that it might break the game...-->
    <core>
      <id value="PlayerCharacter"/>
      <pathName value="com.lilithsthrone.game.character.PlayerCharacter"/>
      <name nameAndrogynous="Cliffdo" nameFeminine="Cliffa" nameMasculine="Clifford"/>
      <surname value=""/>
      <genericName value=""/>
      <description value="Having been pulled into an enchanted mirror in your aunt Lily's museum, you woke up to find yourself in another world. By a stroke of good fortune, one of the first people you met was Lilaya; this world's version of your aunt. Having convinced her that your story is true, you're now working towards finding a way to get back to your old world."/>
      <playerKnowsName value="true"/>
      <playerOnFirstNameTerms value="false"/>
      <raceConcealed value="false"/>
      <level value="1"/>
      <ageAppearanceDifference value="-3"/>
      <yearOfBirth value="2001"/>
      <monthOfBirth value="JUNE"/>
      <dayOfBirth value="3"/>
      <version value="0.4"/>
      <history value="UNEMPLOYED"/>
      <elemental value=""/>
      <elementalSummoned value="false"/>
      <combatBehaviour value="BALANCED"/>
      <lastTimeHadSex value="-1"/>
      <lastTimeOrgasmed value="-1"/>
      <desiredJobs/>
      <petNames/>
      <personality>
        <trait>KIND</trait>
      </personality>
      <sexualOrientation value="AMBIPHILIC"/>
      <obedience value="0.0"/>
      <genderIdentity value="F_V_B_FEMALE"/>
      <foughtPlayerCount value="0"/>
      <lostCombatCount value="0"/>
      <wonCombatCount value="0"/>
      <experience value="5"/>
      <perkPoints value="0"/>
      <perkCategoryPoints/>
      <health value="41.88889"/>
      <mana value="11.0"/>
      <areasKnownByCharacters/>
    </core>
    <locationInformation>
      <worldLocation value="LILAYAS_HOUSE_FIRST_FLOOR"/>
      <homeWorldLocation value="MUSEUM"/>
      <location x="4" y="3"/>
      <homeLocation x="2" y="0"/>
      <globalLocation x="20" y="17"/>
    </locationInformation>
    <body>
      <bodyCore bodyMaterial="FLESH" bodySize="50" femininity="69" feral="false" genitalArrangement="NORMAL" height="763" muscle="20" piercedStomach="false" pubicHair="ZERO_NONE" takesAfterMother="true" version="0.4">
        <bodyCovering c1="SKIN_LIGHT" c2="SKIN_LIGHT" modifier="SMOOTH" pattern="NONE" type="HUMAN"/>
        <bodyCovering c1="COVERING_RED" c2="COVERING_WHITE" modifier="FLUFFY" pattern="NONE" type="CANINE_FUR"/>
        <bodyCovering c1="SKIN_LIGHT" c2="ORIFICE_INTERIOR" modifier="SMOOTH" pattern="NONE" type="PENIS"/>
        <bodyCovering c1="SKIN_LIGHT" c2="ORIFICE_INTERIOR" modifier="SMOOTH" pattern="ORIFICE_ANUS" type="ANUS"/>
        <bodyCovering c1="SKIN_LIGHT" c2="ORIFICE_INTERIOR" modifier="SMOOTH" pattern="ORIFICE_MOUTH" type="MOUTH"/>
        <bodyCovering c1="SKIN_LIGHT" c2="ORIFICE_INTERIOR" modifier="SMOOTH" pattern="ORIFICE_NIPPLE" type="NIPPLES"/>
        <bodyCovering c1="SKIN_LIGHT" c2="ORIFICE_INTERIOR" modifier="SMOOTH" pattern="ORIFICE_NIPPLE_CROTCH" type="NIPPLES_CROTCH"/>
        <bodyCovering c1="SKIN_LIGHT" c2="ORIFICE_INTERIOR" modifier="SMOOTH" pattern="ORIFICE_VAGINA" type="VAGINA"/>
        <bodyCovering c1="SKIN_LIGHT" c2="ORIFICE_INTERIOR" modifier="SMOOTH" pattern="ORIFICE_SPINNERET" type="SPINNERET"/>
        <bodyCovering c1="COVERING_BROWN" c2="COVERING_WHITE" modifier="SMOOTH" pattern="NONE" type="ANTENNA"/>
        <bodyCovering c1="COVERING_WHITE" c2="COVERING_WHITE" modifier="SMOOTH" pattern="NONE" type="HORN"/>
        <bodyCovering c1="ORIFICE_INTERIOR" c2="ORIFICE_INTERIOR" modifier="SMOOTH" pattern="NONE" type="TONGUE"/>
        <bodyCovering c1="COVERING_SCARLET" c2="COVERING_BROWN" modifier="SMOOTH" pattern="NONE" type="HAIR_HUMAN"/>
        <bodyCovering c1="COVERING_RED" c2="COVERING_GINGER" modifier="FURRY" pattern="NONE" type="HAIR_CANINE_FUR"/>
        <bodyCovering c1="COVERING_BROWN" c2="COVERING_BROWN" modifier="COARSE" pattern="NONE" type="BODY_HAIR_HUMAN"/>
        <bodyCovering c1="COVERING_BROWN" c2="COVERING_BROWN" modifier="FURRY" pattern="NONE" type="BODY_HAIR_CANINE_FUR"/>
        <bodyCovering c1="EYE_BLUE" c2="EYE_BROWN" modifier="EYE" pattern="EYE_IRISES" type="EYE_HUMAN"/>
        <bodyCovering c1="EYE_BROWN" c2="EYE_GREEN" modifier="EYE" pattern="EYE_IRISES" type="EYE_DOG_MORPH"/>
        <bodyCovering c1="EYE_BLACK" c2="EYE_BLACK" modifier="EYE" pattern="EYE_PUPILS" type="EYE_PUPILS"/>
        <bodyCovering c1="EYE_WHITE" c2="EYE_WHITE" modifier="EYE" pattern="EYE_SCLERA" type="EYE_SCLERA"/>
        <bodyCovering c1="COVERING_WHITE" c2="COVERING_WHITE" modifier="FLUID" pattern="FLUID" type="CUM"/>
        <bodyCovering c1="COVERING_CLEAR" c2="COVERING_CLEAR" modifier="FLUID" pattern="FLUID" type="GIRL_CUM"/>
        <bodyCovering c1="COVERING_WHITE" c2="COVERING_WHITE" modifier="FLUID" pattern="FLUID" type="MILK"/>
        <bodyCovering c1="COVERING_JET_BLACK" c2="COVERING_NONE" modifier="MAKEUP" pattern="NONE" type="MAKEUP_EYE_LINER"/>
        <bodyCovering c1="COVERING_BLUE_DARK" c2="COVERING_NONE" modifier="MATTE" pattern="NONE" type="MAKEUP_EYE_SHADOW"/>
      </bodyCore>
      <antennae antennaePerRow="2" length="22" rows="1" type="NONE"/>
      <arm rows="1" type="DOG_MORPH" underarmHair="ZERO_NONE"/>
      <ass assSize="7" hipSize="7" type="DOG_MORPH"/>
      <anus assHair="TWO_MANICURED" bleached="false" capacity="20.0" depth="7" elasticity="7" plasticity="7" stretchedCapacity="20.0" virgin="false" wetness="0">
        <anusModifiers MUSCLE_CONTROL="true"/>
      </anus>
      <breasts milkRegeneration="500" milkStorage="0" nippleCountPerBreast="1" rows="1" shape="ROUND" size="15" storedMilk="0.0" type="DOG_MORPH"/>
      <nipples areolaeShape="NORMAL" areolaeSize="3" capacity="20.0" depth="7" elasticity="7" nippleShape="NORMAL" nippleSize="3" pierced="false" plasticity="7" stretchedCapacity="20.0" virgin="true">
        <nippleModifiers MUSCLE_CONTROL="true"/>
      </nipples>
      <milk flavour="MILK" type="MILK_DOG_MORPH">
        <milkModifiers/>
      </milk>
      <breastsCrotch milkRegeneration="500" milkStorage="0" nippleCountPerBreast="1" rows="1" shape="NARROW" size="7" storedMilk="0.0" type="NONE"/>
      <nipplesCrotch areolaeShape="NORMAL" areolaeSize="2" capacity="0.5" depth="2" elasticity="3" nippleShape="NORMAL" nippleSize="2" pierced="false" plasticity="3" stretchedCapacity="0.5" virgin="true">
        <nippleModifiers/>
      </nipplesCrotch>
      <milkCrotch flavour="MILK" type="MILK_HUMAN">
        <milkModifiers/>
      </milkCrotch>
      <ear pierced="false" type="DOG_MORPH"/>
      <eye eyePairs="1" irisShape="ROUND" pupilShape="ROUND" type="DOG_MORPH"/>
      <face facialHair="ZERO_NONE" piercedNose="false" type="DOG_MORPH"/>
      <mouth capacity="20.0" depth="7" elasticity="7" lipSize="2" piercedLip="false" plasticity="7" stretchedCapacity="20.0" virgin="false" wetness="7">
        <mouthModifiers MUSCLE_CONTROL="true"/>
      </mouth>
      <tongue piercedTongue="false" tongueLength="3">
        <tongueModifiers FLAT="true" WIDE="true"/>
      </tongue>
      <hair hairStyle="NONE" length="11" type="DOG_MORPH"/>
      <horn hornsPerRow="2" length="2" rows="1" type="NONE"/>
      <leg configuration="BIPEDAL" footStructure="DIGITIGRADE" type="DOG_MORPH"/>
      <penis capacity="0.0" depth="2" elasticity="0" girth="0" pierced="false" plasticity="3" size="0" stretchedCapacity="0.0" type="NONE" urethraVirgin="true" virgin="true">
        <penisModifiers/>
        <urethraModifiers/>
      </penis>
      <testicles cumExpulsion="60" cumRegeneration="10000" cumStorage="0" internal="false" numberOfTesticles="2" storedCum="0.0" testicleSize="0"/>
      <cum flavour="CUM" type="CUM_HUMAN">
        <cumModifiers SLIMY="true" STICKY="true"/>
      </cum>
      <spinneret capacity="1.75" depth="2" elasticity="4" plasticity="3" stretchedCapacity="1.75" virgin="true" wetness="1">
        <spinneretModifiers/>
      </spinneret>
      <torso type="DOG_MORPH"/>
      <tail count="1" girth="3" length="0.4" type="DOG_MORPH"/>
      <tentacle count="1" girth="3" length="0.0" type="NONE"/>
      <vagina capacity="20.0" clitGirth="3" clitSize="4" depth="7" eggLayer="false" elasticity="7" hymen="false" labiaSize="4" pierced="false" plasticity="7" squirter="false" stretchedCapacity="20.0" type="DOG_MORPH" urethraCapacity="20.0" urethraDepth="7" urethraElasticity="7" urethraPlasticity="7" urethraStretchedCapacity="20.0" urethraVirgin="true" virgin="false" wetness="2">
        <clitModifiers/>
        <vaginaModifiers MUSCLE_CONTROL="true" PUFFY="true"/>
        <urethraModifiers MUSCLE_CONTROL="true"/>
      </vagina>
      <girlcum flavour="GIRL_CUM" type="GIRL_CUM_DOG_MORPH">
        <girlcumModifiers SLIMY="true"/>
      </girlcum>
      <wing size="0" type="NONE"/>
    </body>
    <characterInventory>
      <maxInventorySpace value="120"/>
      <money value="5000"/>
      <essenceCount value="809"/>
      <dirtySlots/>
      <mainWeapon0>
        <weapon coreEnchantment="DAMAGE_PHYSICAL" damageType="PHYSICAL" id="innoxia_crystal_rare" name="opaque demonstone">
          <effects>
            <effect limit="0" mod1="CLOTHING_ATTRIBUTE" mod2="DAMAGE_PHYSICAL" potency="MAJOR_BOOST" timer="2850" type="WEAPON"/>
          </effects>
          <spells>
            <spell value="SLAM"/>
          </spells>
          <combatMoves/>
        </weapon>
      </mainWeapon0>
      <clothingEquipped>
        <clothing enchantmentKnown="true" id="innoxia_chest_strapless_bra" isDirty="false" name="strapless bra" slotEquippedTo="CHEST">
          <colours>
            <colour i="0">CLOTHING_BLACK_JET</colour>
          </colours>
        </clothing>
        <clothing enchantmentKnown="true" id="innoxia_hand_elbow_length_gloves" isDirty="false" name="elbow-length gloves" slotEquippedTo="HAND">
          <colours>
            <colour i="0">CLOTHING_BLACK</colour>
          </colours>
        </clothing>
        <clothing enchantmentKnown="true" id="innoxia_leg_hotpants" isDirty="false" name="hot pants" slotEquippedTo="LEG">
          <colours>
            <colour i="0">CLOTHING_BLACK_JET</colour>
          </colours>
        </clothing>
        <clothing enchantmentKnown="true" id="GROIN_THONG" isDirty="false" name="thong" slotEquippedTo="GROIN">
          <colours>
            <colour i="0">CLOTHING_BLACK</colour>
          </colours>
        </clothing>
        <clothing enchantmentKnown="true" id="innoxia_foot_stiletto_heels" isDirty="false" name="stiletto heels" slotEquippedTo="FOOT">
          <colours>
            <colour i="0">CLOTHING_BLACK_JET</colour>
            <colour i="1">CLOTHING_TAN</colour>
            <colour i="2">CLOTHING_GREY</colour>
          </colours>
        </clothing>
        <clothing enchantmentKnown="true" id="innoxia_sock_pantyhose" isDirty="false" name="pantyhose" slotEquippedTo="SOCK">
          <colours>
            <colour i="0">CLOTHING_BLACK</colour>
          </colours>
        </clothing>
        <clothing enchantmentKnown="true" id="WRIST_BANGLE" isDirty="false" name="bangle" slotEquippedTo="WRIST">
          <colours>
            <colour i="0">CLOTHING_BLACK_STEEL</colour>
          </colours>
          <effects>
            <effect limit="0" mod1="CLOTHING_ATTRIBUTE" mod2="FERTILITY" potency="MAJOR_BOOST" timer="2850" type="CLOTHING"/>
            <effect limit="0" mod1="CLOTHING_ATTRIBUTE" mod2="FERTILITY" potency="MAJOR_BOOST" timer="2850" type="CLOTHING"/>
            <effect limit="0" mod1="CLOTHING_ATTRIBUTE" mod2="DAMAGE_LUST" potency="MAJOR_BOOST" timer="2850" type="CLOTHING"/>
            <effect limit="0" mod1="CLOTHING_ATTRIBUTE" mod2="DAMAGE_LUST" potency="MAJOR_BOOST" timer="2850" type="CLOTHING"/>
            <effect limit="244" mod1="TF_CORE" mod2="TF_MOD_SIZE" potency="MAJOR_BOOST" timer="2850" type="CLOTHING"/>
          </effects>
        </clothing>
      </clothingEquipped>
    </characterInventory>
    <tattoos>
      <tattooEntry slot="VAGINA">
        <tattoo glowing="false" id="innoxia_animal_paw" name="paw-print" primaryColour="CLOTHING_RED_BRIGHT">
          <tattooWriting colour="CLOTHING_BLACK" glow="false"><![CDATA[BIG PUSSY]]>
            <styles>
              <style value="BOLD"/>
              <style value="ITALICISED"/>
            </styles>
          </tattooWriting>
          <tattooCounter colour="BASE_GREY" countType="NUMBERS" glow="false" type="NONE"/>
          <effects/>
        </tattoo>
      </tattooEntry>
    </tattoos>
    <attributes>
      <attribute type="LUST" value="20.0"/>
      <attribute type="MAJOR_CORRUPTION" value="40.0"/>
    </attributes>
    <potionAttributes/>
    <traits/>
    <specialPerks/>
    <perks>
      <perk row="1" type="PHYSICAL_BASE"/>
      <perk row="1" type="ARCANE_BASE"/>
      <perk row="1" type="LEWD_KNOWLEDGE"/>
    </perks>
    <knownSpells/>
    <spellUpgrades/>
    <spellUpgradePoints>
      <upgradeEntry points="0" school="EARTH"/>
      <upgradeEntry points="0" school="WATER"/>
      <upgradeEntry points="0" school="AIR"/>
      <upgradeEntry points="0" school="FIRE"/>
      <upgradeEntry points="0" school="ARCANE"/>
    </spellUpgradePoints>
    <fetishes>
      <fetish type="FETISH_PENIS_RECEIVING"/>
      <fetish type="FETISH_BREASTS_SELF"/>
      <fetish type="FETISH_VAGINAL_GIVING"/>
      <fetish type="FETISH_VAGINAL_RECEIVING"/>
      <fetish type="FETISH_VOYEURIST"/>
      <fetish type="FETISH_ORAL_GIVING"/>
      <fetish type="FETISH_SUBMISSIVE"/>
      <fetish type="FETISH_BREASTS_OTHERS"/>
      <fetish type="FETISH_ANAL_RECEIVING"/>
      <fetish type="FETISH_CUM_ADDICT"/>
      <fetish type="FETISH_KINK_RECEIVING"/>
      <fetish type="FETISH_PREGNANCY"/>
      <fetish type="FETISH_SIZE_QUEEN"/>
      <fetish type="FETISH_STRUTTER"/>
    </fetishes>
    <fetishDesire>
      <entry desire="FOUR_LOVE" fetish="FETISH_PENIS_RECEIVING"/>
      <entry desire="FOUR_LOVE" fetish="FETISH_BREASTS_SELF"/>
      <entry desire="FOUR_LOVE" fetish="FETISH_VAGINAL_GIVING"/>
      <entry desire="FOUR_LOVE" fetish="FETISH_VAGINAL_RECEIVING"/>
      <entry desire="FOUR_LOVE" fetish="FETISH_VOYEURIST"/>
      <entry desire="TWO_NEUTRAL" fetish="FETISH_ORAL_RECEIVING"/>
      <entry desire="FOUR_LOVE" fetish="FETISH_ORAL_GIVING"/>
      <entry desire="FOUR_LOVE" fetish="FETISH_SUBMISSIVE"/>
      <entry desire="FOUR_LOVE" fetish="FETISH_BREASTS_OTHERS"/>
      <entry desire="FOUR_LOVE" fetish="FETISH_ANAL_RECEIVING"/>
      <entry desire="FOUR_LOVE" fetish="FETISH_CUM_ADDICT"/>
      <entry desire="FOUR_LOVE" fetish="FETISH_KINK_RECEIVING"/>
      <entry desire="FOUR_LOVE" fetish="FETISH_PREGNANCY"/>
      <entry desire="FOUR_LOVE" fetish="FETISH_SIZE_QUEEN"/>
      <entry desire="FOUR_LOVE" fetish="FETISH_STRUTTER"/>
    </fetishDesire>
    <fetishExperience/>
    <statusEffects>
      <statusEffect lta="78450" sp="4410" sr="-1" type="AROUSAL_PERK_0"/>
      <statusEffect lta="78450" sp="4410" sr="-1" type="ORIENTATION_AMBIPHILIC"/>
      <statusEffect lta="78450" sp="4410" sr="-1" type="COMPANIONS_LEAVING"/>
      <statusEffect lta="78450" sp="4410" sr="-1" type="PHYSIQUE_PERK_1"/>
      <statusEffect lta="78450" sp="3750" sr="-1" type="CORRUPTION_PERK_2"/>
      <statusEffect lta="78450" sp="3600" sr="-1" type="INTELLIGENCE_PERK_1"/>
      <statusEffect lta="78450" sp="3600" sr="-1" type="WEATHER_STORM_PROTECTED"/>
      <statusEffect lta="78450" sp="0" sr="-1" type="LUST_PERK_1"/>
      <statusEffect lta="78450" sp="0" sr="-1" type="SUBSPECIES_BONUS"/>
    </statusEffects>
    <knownMoves/>
    <equippedMoves>
      <move type="BASIC_STRIKE"/>
      <move type="BASIC_BLOCK"/>
      <move type="BASIC_TEASE"/>
      <move type="BASIC_TEASE_BLOCK"/>
      <move type="TEASE_SUBMISSIVE"/>
      <move type="TEASE_CUM_ADDICT"/>
    </equippedMoves>
    <characterRelationships/>
    <pregnancy littersGenerated="0" timeProgressedToFinalPregnancyStage="1"/>
    <family>
      <motherId value=""/>
      <fatherId value=""/>
      <yearOfConception value="1998"/>
      <monthOfConception value="AUGUST"/>
      <dayOfConception value="27"/>
    </family>
    <slavery>
      <slavesOwned/>
      <owner value=""/>
    </slavery>
    <companions>
      <companionsFollowing/>
      <partyLeader value=""/>
      <maxCompanions value="1"/>
    </companions>
    <sexStats>
      <fluidsStoredMap>
        <entry orifice="SPINNERET"/>
        <entry orifice="URETHRA_VAGINA"/>
        <entry orifice="ANUS"/>
        <entry orifice="MOUTH"/>
        <entry orifice="NIPPLE"/>
        <entry orifice="URETHRA_PENIS"/>
        <entry orifice="NIPPLE_CROTCH"/>
        <entry orifice="VAGINA"/>
      </fluidsStoredMap>
      <daysOrgasmCount value="0"/>
      <daysOrgasmCountRecord value="0"/>
      <totalOrgasmCount value="0"/>
      <sexPartners>
        <sexCount asDom="0" asSub="0" consensual="0" id="unknown">
          <sexType other="TONGUE" participant="NORMAL" self="VAGINA" sex="100"/>
          <sexType other="PENIS" participant="NORMAL" self="FINGER" sex="100"/>
          <sexType other="PENIS" participant="NORMAL" self="ANUS" sex="100"/>
          <sexType other="MOUTH" participant="NORMAL" self="PENIS" sex="0"/>
          <sexType other="VAGINA" participant="NORMAL" self="FINGER" sex="100"/>
          <sexType other="FINGER" participant="NORMAL" self="PENIS" sex="0"/>
          <sexType other="PENIS" participant="NORMAL" self="MOUTH" sex="100"/>
          <sexType other="VAGINA" participant="NORMAL" self="PENIS" sex="100"/>
          <sexType other="FINGER" participant="NORMAL" self="VAGINA" sex="100"/>
          <sexType other="ANUS" participant="NORMAL" self="PENIS" sex="100"/>
          <sexType other="VAGINA" participant="NORMAL" self="TONGUE" sex="100"/>
          <sexType other="PENIS" participant="NORMAL" self="VAGINA" sex="100"/>
        </sexCount>
      </sexPartners>
      <virginityLosses>
        <sexType other="TONGUE" participant="NORMAL" self="VAGINA" takenBy="" takenDescription="your boyfriend"/>
        <sexType other="PENIS" participant="NORMAL" self="FINGER" takenBy="" takenDescription="your boyfriend"/>
        <sexType other="PENIS" participant="NORMAL" self="ANUS" takenBy="" takenDescription="your boyfriend"/>
        <sexType other="VAGINA" participant="NORMAL" self="FINGER" takenBy="" takenDescription="your boyfriend"/>
        <sexType other="PENIS" participant="NORMAL" self="MOUTH" takenBy="" takenDescription="your boyfriend"/>
        <sexType other="FINGER" participant="NORMAL" self="VAGINA" takenBy="" takenDescription="your boyfriend"/>
        <sexType other="VAGINA" participant="NORMAL" self="TONGUE" takenBy="" takenDescription="your boyfriend"/>
        <sexType other="PENIS" participant="NORMAL" self="VAGINA" takenBy="" takenDescription="your boyfriend"/>
      </virginityLosses>
    </sexStats>
    <addictionsCore alcoholLevel="0.0">
      <addictions/>
      <psychoactiveFluids/>
    </addictionsCore>
    <playerSpecific>
      <title value="The Human"/>
      <karma value="0"/>
      <questUpdates/>
      <mainQuestUpdated value="true"/>
      <sideQuestUpdated value="false"/>
      <relationshipQuestUpdated value="false"/>
      <raceBooksDiscovered/>
      <charactersEncountered>
        <id value="-1,Lilaya"/>
        <id value="-1,Rose"/>
      </charactersEncountered>
      <questMap>
        <entry q0="MAIN_PROLOGUE" q1="MAIN_1_A_LILAYAS_TESTS" questLine="MAIN"/>
      </questMap>
      <questFailedMap/>
      <friendlyOccupants/>
      <worldsVisited>
        <world id="MUSEUM"/>
        <world id="LILAYAS_HOUSE_FIRST_FLOOR"/>
      </worldsVisited>
      <itemsDiscovered>
        <type>DYE_BRUSH</type>
      </itemsDiscovered>
      <weaponsDiscovered>
        <type>innoxia_crystal_rare</type>
      </weaponsDiscovered>
      <clothingDiscovered>
        <type>GROIN_THONG</type>
        <type>innoxia_leg_hotpants</type>
        <type>innoxia_sock_pantyhose</type>
        <type>TORSO_VIRGIN_KILLER_SWEATER</type>
        <type>innoxia_foot_stiletto_heels</type>
        <type>innoxia_chest_strapless_bra</type>
        <type>innoxia_finger_ring</type>
        <type>innoxia_neck_heart_necklace</type>
        <type>WRIST_BANGLE</type>
        <type>innoxia_hand_elbow_length_gloves</type>
        <type>TORSO_SKATER_DRESS</type>
        <type>WRIST_WOMENS_WATCH</type>
        <type>CHEST_PLUNGE_BRA</type>
      </clothingDiscovered>
      <racesDiscovered>
        <race>HUMAN</race>
        <race>HALF_DEMON</race>
        <race>CAT_MORPH</race>
      </racesDiscovered>
      <racesDiscoveredAdvanced/>
    </playerSpecific>
  </character>
</playerCharacter>
