<?xml version="1.0" encoding="UTF-8" standalone="no"?>
<playerCharacter>
  <character>
    <!--If you want to edit any of these values, just be warned that it might break the game...-->
    <core>
      <id value="PlayerCharacter"/>
      <pathName value="com.lilithsthrone.game.character.PlayerCharacter"/>
      <name nameAndrogynous="Drakan" nameFeminine="Drakani" nameMasculine="Drakan"/>
      <surname value="Galaxy"/>
      <genericName value=""/>
      <description value="Having been pulled into an enchanted mirror in your aunt Lily's museum, you woke up to find yourself in another world. By a stroke of good fortune, one of the first people you met was Lilaya; this world's version of your aunt. Having convinced her that your story is true, you're now working towards finding a way to get back to your old world."/>
      <playerKnowsName value="true"/>
      <playerOnFirstNameTerms value="false"/>
      <raceConcealed value="false"/>
      <level value="10"/>
      <ageAppearanceDifference value="-3"/>
      <yearOfBirth value="2001"/>
      <monthOfBirth value="APRIL"/>
      <dayOfBirth value="11"/>
      <version value="0.4.2"/>
      <history value="SOLDIER"/>
      <elemental value=""/>
      <elementalSummoned value="false"/>
      <combatBehaviour value="BALANCED"/>
      <lastTimeHadSex value="-1"/>
      <lastTimeOrgasmed value="-1"/>
      <desiredJobs/>
      <petNames/>
      <personality>
        <trait>CONFIDENT</trait>
        <trait>BRAVE</trait>
        <trait>NAIVE</trait>
      </personality>
      <sexualOrientation value="AMBIPHILIC"/>
      <obedience value="0.0"/>
      <genderIdentity value="N_P_TRAP"/>
      <foughtPlayerCount value="0"/>
      <lostCombatCount value="0"/>
      <wonCombatCount value="0"/>
      <experience value="5"/>
      <perkPoints value="0"/>
      <perkCategoryPoints/>
      <health value="257.0"/>
      <mana value="31.992367"/>
      <areasKnownByCharacters/>
    </core>
    <locationInformation>
      <worldLocation value="LILAYAS_HOUSE_FIRST_FLOOR"/>
      <homeWorldLocation value="MUSEUM"/>
      <location x="4" y="3"/>
      <homeLocation x="2" y="0"/>
      <globalLocation x="20" y="17"/>
    </locationInformation>
    <body>
      <bodyCore bodyMaterial="FLESH" bodySize="50" femininity="49" feral="false" genitalArrangement="NORMAL" height="188" muscle="30" piercedStomach="false" pubicHair="FOUR_NATURAL" takesAfterMother="true" version="0.4.2">
        <bodyCovering c1="COVERING_WHITE" c2="COVERING_BROWN" modifier="FLUFFY" pattern="NONE" type="dsg_dragon_fur"/>
        <bodyCovering c1="COVERING_WHITE" c2="COVERING_WHITE" modifier="SHIMMERING" pattern="NONE" type="dsg_dragon_scales"/>
        <bodyCovering c1="COVERING_WHITE" c2="COVERING_BLEACH_BLONDE" modifier="SMOOTH" pattern="MOTTLED" type="dsg_dragon_feathers"/>
        <bodyCovering c1="COVERING_BLUE" c2="COVERING_BLONDE" modifier="COARSE" pattern="NONE" type="dsg_dragon_body_hair"/>
        <bodyCovering c1="COVERING_BLUE_DARK" c2="COVERING_WHITE" modifier="SILKEN" pattern="OMBRE" type="dsg_dragon_hair"/>
        <bodyCovering c1="EYE_AQUA" c2="EYE_YELLOW" modifier="EYE" pattern="EYE_IRISES" type="dsg_dragon_eye"/>
        <bodyCovering c1="SKIN_LIGHT" c2="SKIN_LIGHT" modifier="SMOOTH" pattern="NONE" type="HUMAN"/>
        <bodyCovering c1="COVERING_WHITE" c2="COVERING_BROWN_DARK" modifier="SHAGGY" pattern="NONE" type="LYCAN_FUR"/>
        <bodyCovering c1="SKIN_LIGHT" c2="ORIFICE_INTERIOR" modifier="SMOOTH" pattern="NONE" type="PENIS"/>
        <bodyCovering c1="SKIN_LIGHT" c2="ORIFICE_INTERIOR" modifier="SMOOTH" pattern="ORIFICE_ANUS" type="ANUS"/>
        <bodyCovering c1="SKIN_LIGHT" c2="ORIFICE_INTERIOR" modifier="SMOOTH" pattern="ORIFICE_MOUTH" type="MOUTH"/>
        <bodyCovering c1="SKIN_LIGHT" c2="ORIFICE_INTERIOR" modifier="SMOOTH" pattern="ORIFICE_NIPPLE" type="NIPPLES"/>
        <bodyCovering c1="SKIN_LIGHT" c2="ORIFICE_INTERIOR" modifier="SMOOTH" pattern="ORIFICE_NIPPLE_CROTCH" type="NIPPLES_CROTCH"/>
        <bodyCovering c1="SKIN_LIGHT" c2="ORIFICE_INTERIOR" modifier="SMOOTH" pattern="ORIFICE_VAGINA" type="VAGINA"/>
        <bodyCovering c1="SKIN_LIGHT" c2="ORIFICE_INTERIOR" modifier="SMOOTH" pattern="ORIFICE_SPINNERET" type="SPINNERET"/>
        <bodyCovering c1="COVERING_BROWN_DARK" c2="COVERING_WHITE" modifier="SMOOTH" pattern="NONE" type="ANTENNA"/>
        <bodyCovering c1="COVERING_BLUE" c2="COVERING_WHITE" modifier="SMOOTH" pattern="NONE" type="HORN"/>
        <bodyCovering c1="ORIFICE_INTERIOR" c2="ORIFICE_INTERIOR" modifier="SMOOTH" pattern="NONE" type="TONGUE"/>
        <bodyCovering c1="COVERING_BROWN" c2="COVERING_BROWN" modifier="SMOOTH" pattern="NONE" type="HAIR_HUMAN"/>
        <bodyCovering c1="COVERING_BROWN" c2="COVERING_BROWN" modifier="COARSE" pattern="NONE" type="BODY_HAIR_HUMAN"/>
        <bodyCovering c1="EYE_BROWN" c2="EYE_BROWN" modifier="EYE" pattern="EYE_IRISES" type="EYE_HUMAN"/>
        <bodyCovering c1="EYE_YELLOW" c2="EYE_YELLOW" modifier="EYE" pattern="EYE_IRISES" type="EYE_LYCAN"/>
        <bodyCovering c1="EYE_BLACK" c2="EYE_BLACK" modifier="EYE" pattern="EYE_PUPILS" type="EYE_PUPILS"/>
        <bodyCovering c1="EYE_WHITE" c2="EYE_WHITE" modifier="EYE" pattern="EYE_SCLERA" type="EYE_SCLERA"/>
        <bodyCovering c1="COVERING_WHITE" c2="COVERING_WHITE" modifier="FLUID" pattern="FLUID" type="CUM"/>
        <bodyCovering c1="COVERING_CLEAR" c2="COVERING_CLEAR" modifier="FLUID" pattern="FLUID" type="GIRL_CUM"/>
        <bodyCovering c1="COVERING_WHITE" c2="COVERING_WHITE" modifier="FLUID" pattern="FLUID" type="MILK"/>
      </bodyCore>
      <antennae antennaePerRow="2" length="22" rows="1" type="NONE"/>
      <arm rows="1" type="WOLF_MORPH" underarmHair="FOUR_NATURAL"/>
      <ass assSize="2" hipSize="2" type="dsg_dragon_assFurred"/>
      <anus assHair="FOUR_NATURAL" bleached="false" capacity="1.75" depth="2" elasticity="3" plasticity="3" stretchedCapacity="1.75" virgin="true" wetness="0">
        <anusModifiers/>
      </anus>
      <breasts milkRegeneration="500" milkStorage="0" nippleCountPerBreast="1" rows="1" shape="ROUND" size="0" storedMilk="0.0" type="dsg_dragon_breastFurred"/>
      <nipples areolaeShape="NORMAL" areolaeSize="0" capacity="0.5" depth="2" elasticity="3" nippleShape="NORMAL" nippleSize="0" pierced="false" plasticity="3" stretchedCapacity="0.5" virgin="true">
        <nippleModifiers/>
      </nipples>
      <milk flavour="MILK" type="dsg_dragon_milk">
        <milkModifiers/>
      </milk>
      <breastsCrotch milkRegeneration="500" milkStorage="0" nippleCountPerBreast="1" rows="1" shape="ROUND" size="7" storedMilk="0.0" type="NONE"/>
      <nipplesCrotch areolaeShape="NORMAL" areolaeSize="2" capacity="0.5" depth="2" elasticity="3" nippleShape="NORMAL" nippleSize="2" pierced="false" plasticity="3" stretchedCapacity="0.5" virgin="true">
        <nippleModifiers/>
      </nipplesCrotch>
      <milkCrotch flavour="MILK" type="MILK_HUMAN">
        <milkModifiers/>
      </milkCrotch>
      <ear pierced="true" type="WOLF_MORPH"/>
      <eye eyePairs="1" irisShape="ROUND" pupilShape="ROUND" type="WOLF_MORPH"/>
      <face facialHair="ZERO_NONE" piercedNose="false" type="dsg_dragon_faceFurred"/>
      <mouth capacity="6.25" depth="2" elasticity="4" lipSize="1" piercedLip="false" plasticity="3" stretchedCapacity="6.25" virgin="true" wetness="3">
        <mouthModifiers/>
      </mouth>
      <tongue piercedTongue="false" tongueLength="3">
        <tongueModifiers STRONG="true" TAPERED="true"/>
      </tongue>
      <hair hairStyle="MESSY" length="22" neckFluff="true" type="dsg_dragon_hairMane"/>
      <horn hornsPerRow="2" length="10" rows="1" type="dsg_dragon_horn"/>
      <leg configuration="BIPEDAL" footStructure="DIGITIGRADE" type="dsg_dragon_legFurred"/>
      <penis capacity="0.0" depth="2" elasticity="0" girth="3" pierced="false" plasticity="3" size="15" stretchedCapacity="0.0" type="dsg_dragon_penis" urethraVirgin="true" virgin="true">
        <penisModifiers TAPERED="true"/>
        <urethraModifiers/>
      </penis>
      <testicles cumExpulsion="60" cumRegeneration="10000" cumStorage="11" internal="false" numberOfTesticles="2" storedCum="11.0" testicleSize="2"/>
      <cum flavour="CUM" type="dsg_dragon_cum">
        <cumModifiers SLIMY="true" STICKY="true"/>
      </cum>
      <spinneret capacity="1.75" depth="2" elasticity="4" plasticity="3" stretchedCapacity="1.75" virgin="true" wetness="1">
        <spinneretModifiers/>
      </spinneret>
      <torso type="dsg_dragon_torsoFurred"/>
      <tail count="1" girth="4" length="0.6" type="dsg_dragon_tailTufted"/>
      <tentacle count="1" girth="3" length="0.0" type="NONE"/>
      <vagina capacity="0.0" clitGirth="0" clitSize="0" depth="2" eggLayer="false" elasticity="3" hymen="true" labiaSize="0" pierced="false" plasticity="3" squirter="false" stretchedCapacity="0.0" type="NONE" urethraCapacity="0.0" urethraDepth="2" urethraElasticity="0" urethraPlasticity="3" urethraStretchedCapacity="0.0" urethraVirgin="true" virgin="true" wetness="0">
        <clitModifiers/>
        <vaginaModifiers/>
        <urethraModifiers/>
      </vagina>
      <girlcum flavour="GIRL_CUM" type="GIRL_CUM_HUMAN">
        <girlcumModifiers SLIMY="true"/>
      </girlcum>
      <wing size="3" type="dsg_dragon_wingFeathered"/>
    </body>
    <characterInventory>
      <maxInventorySpace value="150"/>
      <money value="0"/>
      <essenceCount value="10000"/>
      <dirtySlots/>
      <mainWeapon0>
        <weapon coreEnchantment="DAMAGE_ICE" damageType="ICE" id="innoxia_crystal_rare" name="opaque demonstone">
          <effects>
            <effect limit="0" mod1="CLOTHING_ATTRIBUTE" mod2="DAMAGE_ICE" potency="MAJOR_BOOST" timer="2040" type="WEAPON"/>
          </effects>
          <spells>
            <spell value="ICE_SHARD"/>
          </spells>
          <combatMoves/>
        </weapon>
      </mainWeapon0>
      <offhandWeapon0>
        <weapon coreEnchantment="null" damageType="FIRE" id="innoxia_bow_pistol_crossbow" name="Brazer Bow">
          <colours>
            <colour i="0">CLOTHING_BLACK_STEEL</colour>
            <colour i="1">CLOTHING_BLUE_NAVY</colour>
            <colour i="2">CLOTHING_STEEL</colour>
          </colours>
          <effects>
            <effect limit="0" mod1="CLOTHING_ATTRIBUTE" mod2="DAMAGE_FIRE" potency="MAJOR_BOOST" timer="2850" type="WEAPON"/>
            <effect limit="0" mod1="CLOTHING_ATTRIBUTE" mod2="DAMAGE_RANGED_WEAPON" potency="MAJOR_BOOST" timer="2850" type="WEAPON"/>
          </effects>
          <spells/>
          <combatMoves/>
        </weapon>
      </offhandWeapon0>
      <clothingEquipped>
        <clothing enchantmentKnown="true" id="dsg_ljacket_ljacket_f" isDirty="false" name="women's leather jacket" slotEquippedTo="TORSO_OVER">
          <colours>
            <colour i="0">CLOTHING_BLACK</colour>
            <colour i="1">CLOTHING_BLACK</colour>
            <colour i="2">CLOTHING_STEEL</colour>
          </colours>
        </clothing>
        <clothing enchantmentKnown="true" id="innoxia_torso_tshirt" isDirty="false" name="T-shirt" slotEquippedTo="TORSO_UNDER">
          <colours>
            <colour i="0">CLOTHING_BLACK</colour>
          </colours>
        </clothing>
        <clothing enchantmentKnown="true" id="CHEST_CROPTOP_BRA" isDirty="false" name="croptop bra" slotEquippedTo="CHEST">
          <colours>
            <colour i="0">CLOTHING_WHITE</colour>
          </colours>
        </clothing>
        <clothing enchantmentKnown="true" id="innoxia_finger_ring" isDirty="false" name="ring" slotEquippedTo="FINGER">
          <colours>
            <colour i="0">CLOTHING_SILVER</colour>
          </colours>
        </clothing>
        <clothing enchantmentKnown="true" id="innoxia_leg_jeans" isDirty="false" name="jeans" slotEquippedTo="LEG">
          <colours>
            <colour i="0">CLOTHING_BLUE_GREY</colour>
            <colour i="1">CLOTHING_BRASS</colour>
          </colours>
        </clothing>
        <clothing enchantmentKnown="true" id="GROIN_PANTIES" isDirty="false" name="panties" slotEquippedTo="GROIN">
          <colours>
            <colour i="0">CLOTHING_WHITE</colour>
          </colours>
        </clothing>
        <clothing enchantmentKnown="true" id="innoxia_foot_trainers" isDirty="false" name="trainers" slotEquippedTo="FOOT">
          <colours>
            <colour i="0">CLOTHING_BLACK</colour>
            <colour i="1">CLOTHING_BLACK_JET</colour>
            <colour i="2">CLOTHING_BLACK</colour>
          </colours>
        </clothing>
        <clothing enchantmentKnown="true" id="innoxia_sock_socks" isDirty="false" name="socks" slotEquippedTo="SOCK">
          <colours>
            <colour i="0">CLOTHING_WHITE</colour>
          </colours>
        </clothing>
        <clothing enchantmentKnown="true" id="innoxia_piercing_ear_ring" isDirty="false" name="earrings" slotEquippedTo="PIERCING_EAR">
          <colours>
            <colour i="0">CLOTHING_SILVER</colour>
            <colour i="1">CLOTHING_BLACK_STEEL</colour>
          </colours>
        </clothing>
      </clothingEquipped>
      <itemsInInventory>
        <item colour="CLOTHING_STEEL" count="2" id="innoxia_quest_clothing_keys" name="clothing keys">
          <itemEffects/>
        </item>
      </itemsInInventory>
      <weaponsInInventory>
        <weapon coreEnchantment="DAMAGE_PHYSICAL" count="1" damageType="PHYSICAL" id="innoxia_europeanSwords_arming_sword" name="Pure Veil">
          <colours>
            <colour i="0">CLOTHING_WHITE</colour>
            <colour i="1">CLOTHING_PLATINUM</colour>
            <colour i="2">CLOTHING_WHITE</colour>
            <colour i="3">CLOTHING_PLATINUM</colour>
          </colours>
          <effects>
            <effect limit="0" mod1="CLOTHING_ATTRIBUTE" mod2="CRITICAL_DAMAGE" potency="MAJOR_BOOST" timer="0" type="WEAPON"/>
            <effect limit="0" mod1="CLOTHING_ATTRIBUTE" mod2="DAMAGE_MELEE_WEAPON" potency="MAJOR_BOOST" timer="2850" type="WEAPON"/>
            <effect limit="0" mod1="CLOTHING_ATTRIBUTE" mod2="DAMAGE_PHYSICAL" potency="MAJOR_BOOST" timer="2850" type="WEAPON"/>
          </effects>
          <spells/>
          <combatMoves/>
        </weapon>
      </weaponsInInventory>
    </characterInventory>
    <attributes>
      <attribute type="HEALTH_MAXIMUM" value="1.0"/>
      <attribute type="MANA_MAXIMUM" value="1.0"/>
    </attributes>
    <potionAttributes/>
    <traits>
      <perk type="OBSERVANT"/>
      <perk type="RUNNER_2"/>
    </traits>
    <specialPerks/>
    <perks>
      <perk row="1" type="ARCANE_BASE"/>
      <perk row="1" type="LEWD_KNOWLEDGE"/>
      <perk row="1" type="PHYSICAL_BASE"/>
      <perk row="2" type="OBSERVANT"/>
      <perk row="2" type="PHYSIQUE_BOOST"/>
      <perk row="3" type="PHYSICAL_DEFENCE"/>
      <perk row="3" type="PHYSICAL_DAMAGE"/>
      <perk row="4" type="PHYSICAL_DEFENCE"/>
      <perk row="4" type="PHYSICAL_DAMAGE"/>
      <perk row="5" type="RUNNER_2"/>
      <perk row="6" type="PHYSIQUE_BOOST_MAJOR"/>
      <perk row="7" type="PHYSICAL_DAMAGE"/>
      <perk row="8" type="MELEE_DAMAGE"/>
      <perk row="8" type="PHYSICAL_DAMAGE"/>
      <perk row="9" type="PHYSICAL_DAMAGE"/>
      <perk row="9" type="RANGED_DAMAGE"/>
    </perks>
    <knownSpells>
      <spell type="FIREBALL"/>
      <spell type="CLOAK_OF_FLAMES"/>
      <spell type="STONE_SHELL"/>
      <spell type="SLAM"/>
      <spell type="FLASH"/>
    </knownSpells>
    <spellUpgrades>
      <upgrade type="FIREBALL_1"/>
      <upgrade type="FIREBALL_2"/>
      <upgrade type="FIREBALL_3"/>
      <upgrade type="FLASH_1"/>
      <upgrade type="FLASH_2"/>
      <upgrade type="FLASH_3"/>
      <upgrade type="CLOAK_OF_FLAMES_1"/>
      <upgrade type="CLOAK_OF_FLAMES_2"/>
      <upgrade type="CLOAK_OF_FLAMES_3"/>
      <upgrade type="SLAM_1"/>
      <upgrade type="SLAM_2"/>
      <upgrade type="SLAM_3"/>
      <upgrade type="STONE_SHELL_1"/>
      <upgrade type="STONE_SHELL_2"/>
      <upgrade type="STONE_SHELL_3"/>
    </spellUpgrades>
    <spellUpgradePoints>
      <upgradeEntry points="0" school="EARTH"/>
      <upgradeEntry points="0" school="WATER"/>
      <upgradeEntry points="0" school="AIR"/>
      <upgradeEntry points="0" school="FIRE"/>
      <upgradeEntry points="0" school="ARCANE"/>
    </spellUpgradePoints>
    <fetishes>
      <fetish type="FETISH_SUBMISSIVE"/>
      <fetish type="FETISH_DOMINANT"/>
      <fetish type="FETISH_SWITCH"/>
      <fetish type="FETISH_IMPREGNATION"/>
    </fetishes>
    <fetishDesire>
      <entry desire="ZERO_HATE" fetish="FETISH_DENIAL_SELF"/>
      <entry desire="FOUR_LOVE" fetish="FETISH_LEG_LOVER"/>
      <entry desire="FOUR_LOVE" fetish="FETISH_VOYEURIST"/>
      <entry desire="ZERO_HATE" fetish="FETISH_BONDAGE_VICTIM"/>
      <entry desire="THREE_LIKE" fetish="FETISH_TRANSFORMATION_GIVING"/>
      <entry desire="FOUR_LOVE" fetish="FETISH_SUBMISSIVE"/>
      <entry desire="FOUR_LOVE" fetish="FETISH_BREASTS_OTHERS"/>
      <entry desire="ZERO_HATE" fetish="FETISH_SADIST"/>
      <entry desire="FOUR_LOVE" fetish="FETISH_CROSS_DRESSER"/>
      <entry desire="ZERO_HATE" fetish="FETISH_NON_CON_SUB"/>
      <entry desire="ONE_DISLIKE" fetish="FETISH_BREASTS_SELF"/>
      <entry desire="ZERO_HATE" fetish="FETISH_NON_CON_DOM"/>
      <entry desire="FOUR_LOVE" fetish="FETISH_PENIS_GIVING"/>
      <entry desire="FOUR_LOVE" fetish="FETISH_KINK_GIVING"/>
      <entry desire="FOUR_LOVE" fetish="FETISH_DEFLOWERING"/>
      <entry desire="THREE_LIKE" fetish="FETISH_MASTURBATION"/>
      <entry desire="ZERO_HATE" fetish="FETISH_LACTATION_SELF"/>
      <entry desire="FOUR_LOVE" fetish="FETISH_ANAL_GIVING"/>
      <entry desire="FOUR_LOVE" fetish="FETISH_ORAL_RECEIVING"/>
      <entry desire="ZERO_HATE" fetish="FETISH_DENIAL"/>
      <entry desire="ONE_DISLIKE" fetish="FETISH_KINK_RECEIVING"/>
      <entry desire="ZERO_HATE" fetish="FETISH_PURE_VIRGIN"/>
      <entry desire="ZERO_HATE" fetish="FETISH_MASOCHIST"/>
      <entry desire="ZERO_HATE" fetish="FETISH_TRANSFORMATION_RECEIVING"/>
      <entry desire="FOUR_LOVE" fetish="FETISH_DOMINANT"/>
      <entry desire="FOUR_LOVE" fetish="FETISH_IMPREGNATION"/>
      <entry desire="FOUR_LOVE" fetish="FETISH_STRUTTER"/>
      <entry desire="ZERO_HATE" fetish="FETISH_BONDAGE_APPLIER"/>
      <entry desire="ZERO_HATE" fetish="FETISH_BIMBO"/>
      <entry desire="FOUR_LOVE" fetish="FETISH_LACTATION_OTHERS"/>
    </fetishDesire>
    <fetishExperience/>
    <statusEffects>
      <statusEffect lta="74040" sp="0" sr="-1" type="CORRUPTION_PERK_0"/>
      <statusEffect lta="74040" sp="0" sr="-1" type="AROUSAL_PERK_0"/>
      <statusEffect lta="74040" sp="0" sr="-1" type="LUST_PERK_0"/>
      <statusEffect lta="74040" sp="0" sr="-1" type="ORIENTATION_AMBIPHILIC"/>
      <statusEffect lta="74040" sp="0" sr="-1" type="COMPANIONS_LEAVING"/>
      <statusEffect lta="74040" sp="0" sr="-1" type="CUM_FULL"/>
      <statusEffect lta="74040" sp="0" sr="-1" type="FIRE_MANA_BURN"/>
      <statusEffect lta="74040" sp="0" sr="-1" type="WEATHER_STORM_PROTECTED"/>
      <statusEffect lta="74040" sp="0" sr="-1" type="SUBSPECIES_BONUS"/>
    </statusEffects>
    <knownMoves/>
    <equippedMoves>
      <move type="BASIC_STRIKE"/>
      <move type="BASIC_TWIN_STRIKE"/>
      <move type="BASIC_BLOCK"/>
      <move type="BASIC_TEASE"/>
      <move type="BASIC_TEASE_BLOCK"/>
    </equippedMoves>
    <characterRelationships/>
    <pregnancy littersGenerated="0" timeProgressedToFinalPregnancyStage="1"/>
    <family>
      <motherId value=""/>
      <motherName value="???"/>
      <motherFemininity value="FEMININE"/>
      <motherSubspecies value="HUMAN"/>
      <fatherId value=""/>
      <fatherName value="???"/>
      <fatherFemininity value="MASCULINE"/>
      <fatherSubspecies value="HUMAN"/>
      <yearOfConception value="1998"/>
      <monthOfConception value="NOVEMBER"/>
      <dayOfConception value="15"/>
    </family>
    <slavery>
      <slavesOwned/>
      <owner value=""/>
    </slavery>
    <companions>
      <companionsFollowing/>
      <partyLeader value=""/>
      <maxCompanions value="1"/>
    </companions>
    <sexStats>
      <fluidsStoredMap>
        <entry orifice="MOUTH"/>
        <entry orifice="URETHRA_PENIS"/>
        <entry orifice="ANUS"/>
        <entry orifice="NIPPLE"/>
        <entry orifice="VAGINA"/>
        <entry orifice="SPINNERET"/>
        <entry orifice="URETHRA_VAGINA"/>
        <entry orifice="NIPPLE_CROTCH"/>
      </fluidsStoredMap>
      <daysOrgasmCount value="0"/>
      <daysOrgasmCountRecord value="0"/>
      <totalOrgasmCount value="0"/>
      <sexPartners>
        <sexCount asDom="0" asSub="0" consensual="0" id="unknown">
          <sexType other="PENIS" participant="NORMAL" self="VAGINA" sex="0"/>
          <sexType other="TONGUE" participant="NORMAL" self="VAGINA" sex="0"/>
          <sexType other="FINGER" participant="NORMAL" self="VAGINA" sex="0"/>
        </sexCount>
      </sexPartners>
      <virginityLosses/>
    </sexStats>
    <addictionsCore alcoholLevel="0.0">
      <addictions/>
      <psychoactiveFluids/>
    </addictionsCore>
    <playerSpecific>
      <title value="The Human"/>
      <karma value="0"/>
      <questUpdates/>
      <mainQuestUpdated value="true"/>
      <sideQuestUpdated value="false"/>
      <relationshipQuestUpdated value="false"/>
      <raceBooksDiscovered/>
      <charactersEncountered>
        <id value="-1,Lilaya"/>
        <id value="-1,Rose"/>
      </charactersEncountered>
      <questMap>
        <entry q0="MAIN_PROLOGUE" q1="MAIN_1_A_LILAYAS_TESTS" questLine="MAIN"/>
      </questMap>
      <questFailedMap/>
      <friendlyOccupants/>
      <worldsVisited>
        <world id="LILAYAS_HOUSE_FIRST_FLOOR"/>
        <world id="MUSEUM_LOST"/>
      </worldsVisited>
      <itemsDiscovered>
        <type>REFORGE_HAMMER</type>
        <type>SPELL_BOOK_CLOAK_OF_FLAMES</type>
        <type>SPELL_SCROLL_FIRE</type>
        <type>SPELL_BOOK_SLAM</type>
        <type>SPELL_BOOK_STONE_SHELL</type>
        <type>DYE_BRUSH</type>
        <type>SPELL_SCROLL_EARTH</type>
        <type>SPELL_BOOK_FLASH</type>
        <type>SPELL_BOOK_FIREBALL</type>
      </itemsDiscovered>
      <weaponsDiscovered>
        <type>innoxia_europeanSwords_arming_sword</type>
        <type>innoxia_bow_pistol_crossbow</type>
        <type>innoxia_crystal_rare</type>
      </weaponsDiscovered>
      <clothingDiscovered>
        <type>innoxia_piercing_ear_ring</type>
        <type>dsg_ljacket_ljacket_f</type>
        <type>innoxia_foot_trainers</type>
        <type>innoxia_finger_ring</type>
        <type>CHEST_CROPTOP_BRA</type>
        <type>innoxia_torso_tshirt</type>
      </clothingDiscovered>
      <racesDiscovered>
        <race>HUMAN</race>
        <race>HALF_DEMON</race>
        <race>CAT_MORPH</race>
      </racesDiscovered>
      <racesDiscoveredAdvanced/>
    </playerSpecific>
  </character>
</playerCharacter>
