<?xml version="1.0" encoding="UTF-8" standalone="no"?>
<playerCharacter>
  <character>
    <!--If you want to edit any of these values, just be warned that it might break the game...-->
    <core>
      <id value="PlayerCharacter"/>
      <pathName value="com.lilithsthrone.game.character.PlayerCharacter"/>
      <name nameAndrogynous="Div" nameFeminine="Diva" nameMasculine="Divan"/>
      <surname value="Darkveil"/>
      <genericName value=""/>
      <description value="Having been pulled into an enchanted mirror in your aunt Lily's museum, you woke up to find yourself in another world. By a stroke of good fortune, one of the first people you met was Lilaya; this world's version of your aunt. Having convinced her that your story is true, you're now working towards finding a way to get back to your old world."/>
      <playerKnowsName value="true"/>
      <playerOnFirstNameTerms value="false"/>
      <raceConcealed value="false"/>
      <level value="10"/>
      <ageAppearanceDifference value="-3"/>
      <yearOfBirth value="1999"/>
      <monthOfBirth value="OCTOBER"/>
      <dayOfBirth value="31"/>
      <version value="0.4.1.1"/>
      <history value="ARISTOCRAT"/>
      <elemental value=""/>
      <elementalSummoned value="false"/>
      <combatBehaviour value="BALANCED"/>
      <lastTimeHadSex value="-1"/>
      <lastTimeOrgasmed value="-1"/>
      <desiredJobs/>
      <petNames/>
      <personality>
        <trait>BRAVE</trait>
        <trait>SELFISH</trait>
        <trait>CONFIDENT</trait>
        <trait>CYNICAL</trait>
        <trait>LEWD</trait>
      </personality>
      <sexualOrientation value="ANDROPHILIC"/>
      <obedience value="0.0"/>
      <genderIdentity value="F_V_B_FEMALE"/>
      <foughtPlayerCount value="0"/>
      <lostCombatCount value="0"/>
      <wonCombatCount value="0"/>
      <experience value="55"/>
      <perkPoints value="0"/>
      <perkCategoryPoints/>
      <health value="81.818184"/>
      <mana value="12.753623"/>
      <areasKnownByCharacters/>
    </core>
    <locationInformation>
      <worldLocation value="LILAYAS_HOUSE_FIRST_FLOOR"/>
      <homeWorldLocation value="MUSEUM"/>
      <location x="4" y="3"/>
      <homeLocation x="2" y="0"/>
      <globalLocation x="20" y="17"/>
    </locationInformation>
    <body>
      <bodyCore bodyMaterial="FLESH" bodySize="30" femininity="69" feral="false" genitalArrangement="NORMAL" height="180" muscle="10" piercedStomach="true" pubicHair="THREE_TRIMMED" subspeciesOverride="HALF_DEMON" takesAfterMother="true" version="0.4.1.1">
        <bodyCovering c1="SKIN_LIGHT" c2="SKIN_LIGHT" modifier="SMOOTH" pattern="NONE" type="HUMAN"/>
        <bodyCovering c1="COVERING_PURPLE_DARK" c2="COVERING_BLACK" modifier="SHAGGY" pattern="NONE" type="LYCAN_FUR"/>
        <bodyCovering c1="SKIN_RED" c2="ORIFICE_INTERIOR" modifier="SMOOTH" pattern="NONE" type="PENIS"/>
        <bodyCovering c1="SKIN_LIGHT" c2="ORIFICE_INTERIOR" modifier="SMOOTH" pattern="ORIFICE_ANUS" type="ANUS"/>
        <bodyCovering c1="SKIN_LIGHT" c2="ORIFICE_INTERIOR" modifier="SMOOTH" pattern="ORIFICE_MOUTH" type="MOUTH"/>
        <bodyCovering c1="SKIN_LIGHT" c2="ORIFICE_INTERIOR" modifier="SMOOTH" pattern="ORIFICE_NIPPLE" type="NIPPLES"/>
        <bodyCovering c1="SKIN_LIGHT" c2="ORIFICE_INTERIOR" modifier="SMOOTH" pattern="ORIFICE_NIPPLE_CROTCH" type="NIPPLES_CROTCH"/>
        <bodyCovering c1="SKIN_LIGHT" c2="ORIFICE_INTERIOR" modifier="SMOOTH" pattern="ORIFICE_VAGINA" type="VAGINA"/>
        <bodyCovering c1="SKIN_LIGHT" c2="ORIFICE_INTERIOR" modifier="SMOOTH" pattern="ORIFICE_SPINNERET" type="SPINNERET"/>
        <bodyCovering c1="COVERING_BLACK" c2="COVERING_BROWN" modifier="SMOOTH" pattern="NONE" type="ANTENNA"/>
        <bodyCovering c1="COVERING_BLACK" c2="COVERING_WHITE" modifier="SMOOTH" pattern="NONE" type="HORN"/>
        <bodyCovering c1="ORIFICE_INTERIOR" c2="ORIFICE_INTERIOR" modifier="SMOOTH" pattern="NONE" type="TONGUE"/>
        <bodyCovering c1="COVERING_BROWN" c2="COVERING_BROWN" modifier="SMOOTH" pattern="NONE" type="HAIR_HUMAN"/>
        <bodyCovering c1="COVERING_RED_DARK" c2="COVERING_WHITE" modifier="FURRY" pattern="NONE" type="HAIR_LYCAN_FUR"/>
        <bodyCovering c1="COVERING_BROWN" c2="COVERING_BROWN" modifier="COARSE" pattern="NONE" type="BODY_HAIR_HUMAN"/>
        <bodyCovering c1="COVERING_BROWN_DARK" c2="COVERING_BROWN_DARK" modifier="SILKEN" pattern="NONE" type="BODY_HAIR_DEMON"/>
        <bodyCovering c1="COVERING_BROWN" c2="COVERING_BROWN" modifier="FURRY" pattern="NONE" type="BODY_HAIR_LYCAN_FUR"/>
        <bodyCovering c1="EYE_BROWN" c2="EYE_BROWN" modifier="EYE" pattern="EYE_IRISES" type="EYE_HUMAN"/>
        <bodyCovering c1="EYE_CRIMSON" c2="EYE_RED" g1="true" modifier="EYE" pattern="EYE_IRISES" type="EYE_DEMON_COMMON"/>
        <bodyCovering c1="EYE_BLACK" c2="EYE_BLACK" modifier="EYE" pattern="EYE_PUPILS" type="EYE_PUPILS"/>
        <bodyCovering c1="EYE_WHITE" c2="EYE_WHITE" modifier="EYE" pattern="EYE_SCLERA" type="EYE_SCLERA"/>
        <bodyCovering c1="COVERING_WHITE" c2="COVERING_WHITE" modifier="FLUID" pattern="FLUID" type="CUM"/>
        <bodyCovering c1="COVERING_CLEAR" c2="COVERING_CLEAR" modifier="FLUID" pattern="FLUID" type="GIRL_CUM"/>
        <bodyCovering c1="COVERING_WHITE" c2="COVERING_WHITE" modifier="FLUID" pattern="FLUID" type="MILK"/>
      </bodyCore>
      <antennae antennaePerRow="2" length="22" rows="1" type="NONE"/>
      <arm rows="1" type="WOLF_MORPH" underarmHair="ZERO_NONE"/>
      <ass assSize="4" hipSize="4" type="WOLF_MORPH"/>
      <anus assHair="TWO_MANICURED" bleached="false" capacity="1.75" depth="2" elasticity="3" plasticity="3" stretchedCapacity="1.75" virgin="false" wetness="0">
        <anusModifiers/>
      </anus>
      <breasts milkRegeneration="500" milkStorage="0" nippleCountPerBreast="1" rows="1" shape="ROUND" size="9" storedMilk="0.0" type="WOLF_MORPH"/>
      <nipples areolaeShape="NORMAL" areolaeSize="2" capacity="0.5" depth="2" elasticity="3" nippleShape="NORMAL" nippleSize="2" pierced="true" plasticity="3" stretchedCapacity="0.5" virgin="true">
        <nippleModifiers/>
      </nipples>
      <milk flavour="MILK" type="MILK_WOLF_MORPH">
        <milkModifiers/>
      </milk>
      <breastsCrotch milkRegeneration="500" milkStorage="0" nippleCountPerBreast="1" rows="1" shape="NARROW" size="7" storedMilk="0.0" type="NONE"/>
      <nipplesCrotch areolaeShape="NORMAL" areolaeSize="2" capacity="0.5" depth="2" elasticity="3" nippleShape="NORMAL" nippleSize="2" pierced="false" plasticity="3" stretchedCapacity="0.5" virgin="true">
        <nippleModifiers/>
      </nipplesCrotch>
      <milkCrotch flavour="MILK" type="MILK_HUMAN">
        <milkModifiers/>
      </milkCrotch>
      <ear pierced="true" type="WOLF_MORPH"/>
      <eye eyePairs="1" irisShape="ROUND" pupilShape="VERTICAL" type="DEMON_COMMON"/>
      <face facialHair="ZERO_NONE" piercedNose="true" type="WOLF_MORPH"/>
      <mouth capacity="6.25" depth="2" elasticity="4" lipSize="2" piercedLip="true" plasticity="3" stretchedCapacity="6.25" virgin="false" wetness="3">
        <mouthModifiers/>
      </mouth>
      <tongue piercedTongue="true" tongueLength="3">
        <tongueModifiers FLAT="true" WIDE="true"/>
      </tongue>
      <hair hairStyle="MESSY" length="45" type="WOLF_MORPH"/>
      <horn hornsPerRow="2" length="10" rows="1" type="STRAIGHT"/>
      <leg configuration="BIPEDAL" footStructure="DIGITIGRADE" type="WOLF_MORPH"/>
      <penis capacity="0.0" depth="2" elasticity="0" girth="0" pierced="false" plasticity="3" size="0" stretchedCapacity="0.0" type="NONE" urethraVirgin="true" virgin="true">
        <penisModifiers/>
        <urethraModifiers/>
      </penis>
      <testicles cumExpulsion="60" cumRegeneration="10000" cumStorage="0" internal="false" numberOfTesticles="2" storedCum="0.0" testicleSize="0"/>
      <cum flavour="CUM" type="CUM_HUMAN">
        <cumModifiers SLIMY="true" STICKY="true"/>
      </cum>
      <spinneret capacity="1.75" depth="2" elasticity="4" plasticity="3" stretchedCapacity="1.75" virgin="true" wetness="1">
        <spinneretModifiers/>
      </spinneret>
      <torso type="WOLF_MORPH"/>
      <tail count="1" girth="4" length="0.4" type="WOLF_MORPH"/>
      <tentacle count="1" girth="3" length="0.0" type="NONE"/>
      <vagina capacity="3.75" clitGirth="4" clitSize="20" depth="2" eggLayer="false" elasticity="4" hymen="false" labiaSize="2" pierced="true" plasticity="3" squirter="false" stretchedCapacity="3.75" type="WOLF_MORPH" urethraCapacity="0.0" urethraDepth="2" urethraElasticity="0" urethraPlasticity="3" urethraStretchedCapacity="0.0" urethraVirgin="true" virgin="false" wetness="2">
        <clitModifiers FLARED="true" KNOTTED="true" SHEATHED="true"/>
        <vaginaModifiers PUFFY="true"/>
        <urethraModifiers/>
      </vagina>
      <girlcum flavour="GIRL_CUM" type="GIRL_CUM_WOLF_MORPH">
        <girlcumModifiers SLIMY="true"/>
      </girlcum>
      <wing size="0" type="NONE"/>
    </body>
    <characterInventory>
      <maxInventorySpace value="120"/>
      <money value="0"/>
      <essenceCount value="0"/>
      <dirtySlots/>
      <mainWeapon0>
        <weapon coreEnchantment="RESISTANCE_PHYSICAL" damageType="PHYSICAL" id="sage_Arcane_Arcane002" name="clear demon crystal">
          <colours>
            <colour i="0">CLOTHING_BROWN_DARK</colour>
          </colours>
          <effects>
            <effect limit="0" mod1="CLOTHING_ATTRIBUTE" mod2="RESISTANCE_PHYSICAL" potency="MAJOR_BOOST" timer="2850" type="WEAPON"/>
            <effect limit="0" mod1="CLOTHING_ATTRIBUTE" mod2="RESISTANCE_PHYSICAL" potency="MAJOR_BOOST" timer="2850" type="WEAPON"/>
            <effect limit="0" mod1="CLOTHING_ATTRIBUTE" mod2="RESISTANCE_PHYSICAL" potency="MAJOR_BOOST" timer="2850" type="WEAPON"/>
            <effect limit="0" mod1="CLOTHING_ATTRIBUTE" mod2="RESISTANCE_PHYSICAL" potency="MAJOR_BOOST" timer="2850" type="WEAPON"/>
          </effects>
          <spells>
            <spell value="TELEKENETIC_SHOWER"/>
          </spells>
          <combatMoves/>
        </weapon>
      </mainWeapon0>
      <offhandWeapon0>
        <weapon coreEnchantment="DAMAGE_PHYSICAL" damageType="PHYSICAL" id="innoxia_crystal_rare" name="opaque demonstone">
          <effects>
            <effect limit="0" mod1="CLOTHING_ATTRIBUTE" mod2="DAMAGE_PHYSICAL" potency="MAJOR_BOOST" timer="2850" type="WEAPON"/>
          </effects>
          <spells>
            <spell value="SLAM"/>
          </spells>
          <combatMoves/>
        </weapon>
      </offhandWeapon0>
      <clothingEquipped>
        <clothing enchantmentKnown="true" id="innoxia_neck_heart_necklace" isDirty="false" name="heart necklace" slotEquippedTo="NECK">
          <colours>
            <colour i="0">CLOTHING_BLACK_STEEL</colour>
            <colour i="1">CLOTHING_PURPLE_ROYAL</colour>
          </colours>
        </clothing>
        <clothing enchantmentKnown="true" id="TORSO_OVER_OPEN_CARDIGAN" isDirty="false" name="open-front cardigan" slotEquippedTo="TORSO_OVER">
          <colours>
            <colour i="0">CLOTHING_BLACK</colour>
          </colours>
        </clothing>
        <clothing enchantmentKnown="true" id="TORSO_VIRGIN_KILLER_SWEATER" isDirty="false" name="'Virgin-killer' sweater" slotEquippedTo="TORSO_UNDER">
          <colours>
            <colour i="0">CLOTHING_WHITE</colour>
          </colours>
        </clothing>
        <clothing enchantmentKnown="true" id="innoxia_chest_lacy_plunge_bra" isDirty="false" name="lacy plunge bra" slotEquippedTo="CHEST">
          <colours>
            <colour i="0">CLOTHING_PURPLE_VERY_DARK</colour>
          </colours>
        </clothing>
        <clothing enchantmentKnown="true" id="STOMACH_UNDERBUST_CORSET" isDirty="false" name="underbust corset" slotEquippedTo="STOMACH">
          <colours>
            <colour i="0">CLOTHING_BLACK</colour>
          </colours>
        </clothing>
        <clothing enchantmentKnown="true" id="WRIST_BANGLE" isDirty="false" name="bangle" slotEquippedTo="WRIST">
          <colours>
            <colour i="0">CLOTHING_BLACK_STEEL</colour>
          </colours>
        </clothing>
        <clothing enchantmentKnown="true" id="innoxia_finger_ring" isDirty="false" name="ring" slotEquippedTo="FINGER">
          <colours>
            <colour i="0">CLOTHING_PURPLE_ROYAL</colour>
          </colours>
        </clothing>
        <clothing enchantmentKnown="true" id="HIPS_SUSPENDER_BELT" isDirty="false" name="suspender belt" slotEquippedTo="HIPS">
          <colours>
            <colour i="0">CLOTHING_BLACK</colour>
            <colour i="1">CLOTHING_STEEL</colour>
          </colours>
        </clothing>
        <clothing enchantmentKnown="true" id="innoxia_leg_hotpants" isDirty="false" name="hot pants" slotEquippedTo="LEG">
          <colours>
            <colour i="0">CLOTHING_GREY_DARK</colour>
          </colours>
        </clothing>
        <clothing enchantmentKnown="true" id="innoxia_groin_lacy_panties" isDirty="false" name="lacy panties" slotEquippedTo="GROIN">
          <colours>
            <colour i="0">CLOTHING_PURPLE_VERY_DARK</colour>
          </colours>
        </clothing>
        <clothing enchantmentKnown="true" id="innoxia_foot_ankle_boots" isDirty="false" name="ankle boots" slotEquippedTo="FOOT">
          <colours>
            <colour i="0">CLOTHING_BLACK</colour>
            <colour i="1">CLOTHING_BLACK</colour>
            <colour i="2">CLOTHING_STEEL</colour>
          </colours>
        </clothing>
        <clothing enchantmentKnown="true" id="innoxia_sock_pantyhose" isDirty="false" name="pantyhose" slotEquippedTo="SOCK">
          <colours>
            <colour i="0">CLOTHING_BLACK</colour>
          </colours>
        </clothing>
        <clothing enchantmentKnown="true" id="innoxia_piercing_ear_ring" isDirty="false" name="earrings" slotEquippedTo="PIERCING_EAR">
          <colours>
            <colour i="0">CLOTHING_BLACK_STEEL</colour>
            <colour i="1">CLOTHING_GUNMETAL</colour>
          </colours>
        </clothing>
        <clothing enchantmentKnown="true" id="innoxia_piercing_nose_ring" isDirty="false" name="nose ring" slotEquippedTo="PIERCING_NOSE">
          <colours>
            <colour i="0">CLOTHING_BLACK_STEEL</colour>
          </colours>
        </clothing>
        <clothing enchantmentKnown="true" id="innoxia_piercing_basic_barbell" isDirty="false" name="basic barbell" slotEquippedTo="PIERCING_TONGUE">
          <colours>
            <colour i="0">CLOTHING_BLACK_STEEL</colour>
          </colours>
        </clothing>
        <clothing enchantmentKnown="true" id="innoxia_piercing_lip_double_ring" isDirty="false" name="lip rings" slotEquippedTo="PIERCING_LIP">
          <colours>
            <colour i="0">CLOTHING_BLACK_STEEL</colour>
          </colours>
        </clothing>
        <clothing enchantmentKnown="true" id="innoxia_piercing_gemstone_barbell" isDirty="false" name="gemstone barbell" slotEquippedTo="PIERCING_STOMACH">
          <colours>
            <colour i="0">CLOTHING_BLACK_STEEL</colour>
            <colour i="1">CLOTHING_PURPLE_ROYAL</colour>
          </colours>
        </clothing>
        <clothing enchantmentKnown="true" id="innoxia_piercing_ringed_barbell" isDirty="false" name="ringed barbell" slotEquippedTo="PIERCING_VAGINA">
          <colours>
            <colour i="0">CLOTHING_BLACK_STEEL</colour>
          </colours>
        </clothing>
        <clothing enchantmentKnown="true" id="innoxia_piercing_basic_barbell_pair" isDirty="false" name="basic barbells" slotEquippedTo="PIERCING_NIPPLE">
          <colours>
            <colour i="0">CLOTHING_BLACK_STEEL</colour>
          </colours>
        </clothing>
      </clothingEquipped>
    </characterInventory>
    <attributes>
      <attribute type="LUST" value="28.8"/>
      <attribute type="MAJOR_CORRUPTION" value="80.0"/>
    </attributes>
    <potionAttributes/>
    <traits>
      <perk type="ORGASMIC_LEVEL_DRAIN"/>
      <perk type="ARCANE_CRITICALS"/>
    </traits>
    <specialPerks>
      <perk type="ELEMENTAL_ARCANE"/>
    </specialPerks>
    <perks>
      <perk row="1" type="LEWD_KNOWLEDGE"/>
      <perk row="1" type="ARCANE_BASE"/>
      <perk row="1" type="PHYSICAL_BASE"/>
      <perk row="2" type="SEDUCTION_BOOST"/>
      <perk row="2" type="ARCANE_CRITICALS"/>
      <perk row="2" type="ARCANE_BOOST"/>
      <perk row="3" type="SEDUCTION_BOOST"/>
      <perk row="3" type="AURA_BOOST"/>
      <perk row="3" type="SPELL_DAMAGE"/>
      <perk row="3" type="ORGASMIC_LEVEL_DRAIN"/>
      <perk row="4" type="SEDUCTION_BOOST"/>
      <perk row="4" type="AURA_BOOST"/>
      <perk row="4" type="SPELL_DAMAGE"/>
      <perk row="5" type="ELEMENTAL_BOOST"/>
      <perk row="5" type="CRITICAL_BOOST_ALT"/>
      <perk row="5" type="CRITICAL_BOOST_ALT_2"/>
    </perks>
    <knownSpells>
      <spell type="ELEMENTAL_WATER"/>
      <spell type="STEAL"/>
      <spell type="TELEPORT"/>
      <spell type="TELEPATHIC_COMMUNICATION"/>
      <spell type="ARCANE_CLOUD"/>
      <spell type="CLEANSE"/>
      <spell type="ELEMENTAL_AIR"/>
      <spell type="ELEMENTAL_EARTH"/>
      <spell type="LILITHS_COMMAND"/>
      <spell type="ELEMENTAL_FIRE"/>
      <spell type="ARCANE_AROUSAL"/>
      <spell type="ELEMENTAL_ARCANE"/>
    </knownSpells>
    <spellUpgrades>
      <upgrade type="ARCANE_AROUSAL_1"/>
      <upgrade type="ARCANE_AROUSAL_2"/>
      <upgrade type="ARCANE_AROUSAL_3"/>
      <upgrade type="TELEPATHIC_COMMUNICATION_1"/>
      <upgrade type="TELEPATHIC_COMMUNICATION_2"/>
      <upgrade type="TELEPATHIC_COMMUNICATION_3"/>
      <upgrade type="ARCANE_CLOUD_1"/>
      <upgrade type="ARCANE_CLOUD_2"/>
      <upgrade type="ARCANE_CLOUD_3"/>
      <upgrade type="CLEANSE_1"/>
      <upgrade type="CLEANSE_2"/>
      <upgrade type="CLEANSE_3"/>
      <upgrade type="STEAL_1"/>
      <upgrade type="STEAL_2"/>
      <upgrade type="STEAL_3A"/>
      <upgrade type="STEAL_3B"/>
      <upgrade type="TELEPORT_1"/>
      <upgrade type="TELEPORT_2"/>
      <upgrade type="TELEPORT_3"/>
      <upgrade type="LILITHS_COMMAND_1"/>
      <upgrade type="LILITHS_COMMAND_2"/>
      <upgrade type="LILITHS_COMMAND_3"/>
    </spellUpgrades>
    <spellUpgradePoints>
      <upgradeEntry points="0" school="EARTH"/>
      <upgradeEntry points="0" school="WATER"/>
      <upgradeEntry points="0" school="AIR"/>
      <upgradeEntry points="0" school="FIRE"/>
      <upgradeEntry points="0" school="ARCANE"/>
    </spellUpgradePoints>
    <fetishes/>
    <fetishDesire/>
    <fetishExperience/>
    <statusEffects>
      <statusEffect lta="78450" sp="4410" sr="-1" type="AROUSAL_PERK_0"/>
      <statusEffect lta="78450" sp="4410" sr="-1" type="COMPANIONS_LEAVING"/>
      <statusEffect lta="78450" sp="4410" sr="-1" type="PHYSIQUE_PERK_1"/>
      <statusEffect lta="78450" sp="4410" sr="-1" type="ORIENTATION_ANDROPHILIC"/>
      <statusEffect lta="78450" sp="3600" sr="-1" type="WEATHER_STORM_PROTECTED"/>
      <statusEffect lta="78450" sp="0" sr="-1" type="LUST_PERK_2"/>
      <statusEffect lta="78450" sp="0" sr="-1" type="SUBSPECIES_BONUS"/>
      <statusEffect lta="78450" sp="0" sr="-1" type="INTELLIGENCE_PERK_2"/>
      <statusEffect lta="78450" sp="0" sr="-1" type="CORRUPTION_PERK_5"/>
    </statusEffects>
    <knownMoves/>
    <equippedMoves>
      <move type="BASIC_STRIKE"/>
      <move type="BASIC_TWIN_STRIKE"/>
      <move type="BASIC_BLOCK"/>
      <move type="BASIC_TEASE"/>
      <move type="BASIC_TEASE_BLOCK"/>
    </equippedMoves>
    <characterRelationships/>
    <pregnancy littersGenerated="0" timeProgressedToFinalPregnancyStage="1"/>
    <family>
      <motherId value=""/>
      <motherName value="???"/>
      <motherFemininity value="FEMININE"/>
      <motherSubspecies value="HUMAN"/>
      <fatherId value=""/>
      <fatherName value="???"/>
      <fatherFemininity value="MASCULINE"/>
      <fatherSubspecies value="HUMAN"/>
      <yearOfConception value="1998"/>
      <monthOfConception value="NOVEMBER"/>
      <dayOfConception value="16"/>
    </family>
    <slavery>
      <slavesOwned/>
      <owner value=""/>
    </slavery>
    <companions>
      <companionsFollowing/>
      <partyLeader value=""/>
      <maxCompanions value="1"/>
    </companions>
    <sexStats>
      <fluidsStoredMap>
        <entry orifice="ANUS"/>
        <entry orifice="NIPPLE"/>
        <entry orifice="MOUTH"/>
        <entry orifice="VAGINA"/>
        <entry orifice="SPINNERET"/>
        <entry orifice="URETHRA_PENIS"/>
        <entry orifice="NIPPLE_CROTCH"/>
        <entry orifice="URETHRA_VAGINA"/>
      </fluidsStoredMap>
      <daysOrgasmCount value="0"/>
      <daysOrgasmCountRecord value="0"/>
      <totalOrgasmCount value="0"/>
      <sexPartners>
        <sexCount asDom="0" asSub="0" consensual="0" id="unknown">
          <sexType other="TONGUE" participant="NORMAL" self="VAGINA" sex="100"/>
          <sexType other="FINGER" participant="NORMAL" self="PENIS" sex="0"/>
          <sexType other="PENIS" participant="NORMAL" self="MOUTH" sex="100"/>
          <sexType other="FINGER" participant="NORMAL" self="VAGINA" sex="100"/>
          <sexType other="VAGINA" participant="NORMAL" self="FINGER" sex="100"/>
          <sexType other="ANUS" participant="NORMAL" self="PENIS" sex="100"/>
          <sexType other="PENIS" participant="NORMAL" self="FINGER" sex="100"/>
          <sexType other="PENIS" participant="NORMAL" self="ANUS" sex="100"/>
          <sexType other="PENIS" participant="NORMAL" self="VAGINA" sex="100"/>
          <sexType other="VAGINA" participant="NORMAL" self="TONGUE" sex="100"/>
          <sexType other="VAGINA" participant="NORMAL" self="PENIS" sex="100"/>
          <sexType other="MOUTH" participant="NORMAL" self="PENIS" sex="0"/>
        </sexCount>
      </sexPartners>
      <virginityLosses>
        <sexType other="TONGUE" participant="NORMAL" self="VAGINA" takenBy="" takenDescription="your boyfriend"/>
        <sexType other="PENIS" participant="NORMAL" self="MOUTH" takenBy="" takenDescription="your boyfriend"/>
        <sexType other="FINGER" participant="NORMAL" self="VAGINA" takenBy="" takenDescription="your boyfriend"/>
        <sexType other="VAGINA" participant="NORMAL" self="FINGER" takenBy="" takenDescription="your boyfriend"/>
        <sexType other="PENIS" participant="NORMAL" self="FINGER" takenBy="" takenDescription="your boyfriend"/>
        <sexType other="PENIS" participant="NORMAL" self="ANUS" takenBy="" takenDescription="your boyfriend"/>
        <sexType other="PENIS" participant="NORMAL" self="VAGINA" takenBy="" takenDescription="your boyfriend"/>
        <sexType other="VAGINA" participant="NORMAL" self="TONGUE" takenBy="" takenDescription="your boyfriend"/>
      </virginityLosses>
    </sexStats>
    <addictionsCore alcoholLevel="0.0">
      <addictions/>
      <psychoactiveFluids/>
    </addictionsCore>
    <playerSpecific>
      <title value="The Human"/>
      <karma value="0"/>
      <questUpdates/>
      <mainQuestUpdated value="true"/>
      <sideQuestUpdated value="false"/>
      <relationshipQuestUpdated value="false"/>
      <raceBooksDiscovered>
        <race>ELEMENTAL_EARTH</race>
        <race>ELEMENTAL_AIR</race>
        <race>ELEMENTAL_FIRE</race>
        <race>ELEMENTAL_ARCANE</race>
        <race>ELEMENTAL_WATER</race>
      </raceBooksDiscovered>
      <charactersEncountered>
        <id value="-1,Lilaya"/>
        <id value="-1,Rose"/>
      </charactersEncountered>
      <questMap>
        <entry q0="MAIN_PROLOGUE" q1="MAIN_1_A_LILAYAS_TESTS" questLine="MAIN"/>
      </questMap>
      <questFailedMap/>
      <friendlyOccupants/>
      <worldsVisited>
        <world id="MUSEUM"/>
        <world id="LILAYAS_HOUSE_FIRST_FLOOR"/>
      </worldsVisited>
      <itemsDiscovered>
        <type>SPELL_BOOK_CLEANSE</type>
        <type>SPELL_BOOK_ELEMENTAL_AIR</type>
        <type>SPELL_BOOK_STEAL</type>
        <type>SPELL_BOOK_ELEMENTAL_EARTH</type>
        <type>SPELL_BOOK_TELEPORT</type>
        <type>SPELL_SCROLL_ARCANE</type>
        <type>SPELL_BOOK_ARCANE_AROUSAL</type>
        <type>SPELL_BOOK_ELEMENTAL_FIRE</type>
        <type>SPELL_BOOK_ARCANE_CLOUD</type>
        <type>SPELL_BOOK_ELEMENTAL_ARCANE</type>
        <type>SPELL_BOOK_TELEPATHIC_COMMUNICATION</type>
        <type>SPELL_BOOK_POISON_VAPOURS</type>
        <type>SPELL_BOOK_LILITHS_COMMAND</type>
        <type>SPELL_BOOK_ELEMENTAL_WATER</type>
      </itemsDiscovered>
      <weaponsDiscovered>
        <type>innoxia_crystal_rare</type>
        <type>sage_Arcane_Arcane002</type>
      </weaponsDiscovered>
      <clothingDiscovered>
        <type>innoxia_piercing_basic_barbell</type>
        <type>innoxia_finger_ring</type>
        <type>innoxia_groin_lacy_panties</type>
        <type>innoxia_neck_heart_necklace</type>
        <type>innoxia_piercing_basic_barbell_pair</type>
        <type>WRIST_WOMENS_WATCH</type>
        <type>innoxia_piercing_lip_double_ring</type>
        <type>TORSO_OVER_OPEN_CARDIGAN</type>
        <type>innoxia_piercing_gemstone_barbell</type>
        <type>innoxia_chest_lacy_plunge_bra</type>
        <type>innoxia_torso_feminine_short_sleeve_shirt</type>
        <type>innoxia_leg_hotpants</type>
        <type>innoxia_sock_pantyhose</type>
        <type>WRIST_BANGLE</type>
        <type>innoxia_piercing_ear_ring</type>
        <type>innoxia_foot_ankle_boots</type>
        <type>innoxia_piercing_nose_ring</type>
        <type>STOMACH_UNDERBUST_CORSET</type>
        <type>TORSO_VIRGIN_KILLER_SWEATER</type>
        <type>innoxia_piercing_ringed_barbell</type>
        <type>HIPS_SUSPENDER_BELT</type>
      </clothingDiscovered>
      <racesDiscovered>
        <race>HALF_DEMON</race>
        <race>CAT_MORPH</race>
        <race>HUMAN</race>
      </racesDiscovered>
      <racesDiscoveredAdvanced>
        <race>ELEMENTAL_EARTH</race>
        <race>ELEMENTAL_AIR</race>
        <race>ELEMENTAL_FIRE</race>
        <race>ELEMENTAL_ARCANE</race>
        <race>ELEMENTAL_WATER</race>
      </racesDiscoveredAdvanced>
    </playerSpecific>
  </character>
</playerCharacter>
