<?xml version="1.0" encoding="UTF-8" standalone="no"?>
<playerCharacter>
  <character>
    <!--If you want to edit any of these values, just be warned that it might break the game...-->
    <core>
      <id value="PlayerCharacter"/>
      <pathName value="com.lilithsthrone.game.character.PlayerCharacter"/>
      <name nameAndrogynous="Ender Dragon" nameFeminine="Ender Dragon" nameMasculine="Ender Dragon"/>
      <surname value=""/>
      <genericName value=""/>
      <description value="Having been pulled into an enchanted mirror in your aunt Lily's museum, you woke up to find yourself in another world. By a stroke of good fortune, one of the first people you met was Lilaya; this world's version of your aunt. Having convinced her that your story is true, you're now working towards finding a way to get back to your old world."/>
      <playerKnowsName value="true"/>
      <playerOnFirstNameTerms value="false"/>
      <raceConcealed value="false"/>
      <level value="50"/>
      <ageAppearanceDifference value="-3"/>
      <yearOfBirth value="1992"/>
      <monthOfBirth value="NOVEMBER"/>
      <dayOfBirth value="18"/>
      <version value="0.4.1.1"/>
      <history value="SOLDIER"/>
      <elemental value=""/>
      <elementalSummoned value="false"/>
      <combatBehaviour value="BALANCED"/>
      <lastTimeHadSex value="-1"/>
      <lastTimeOrgasmed value="-1"/>
      <desiredJobs/>
      <petNames/>
      <personality>
        <trait>BRAVE</trait>
        <trait>CONFIDENT</trait>
        <trait>SELFISH</trait>
      </personality>
      <sexualOrientation value="AMBIPHILIC"/>
      <obedience value="0.0"/>
      <genderIdentity value="M_P_MALE"/>
      <foughtPlayerCount value="0"/>
      <lostCombatCount value="0"/>
      <wonCombatCount value="0"/>
      <experience value="0"/>
      <perkPoints value="0"/>
      <perkCategoryPoints/>
      <health value="247.10677"/>
      <mana value="9.07848"/>
      <areasKnownByCharacters/>
    </core>
    <locationInformation>
      <worldLocation value="LILAYAS_HOUSE_FIRST_FLOOR"/>
      <homeWorldLocation value="MUSEUM"/>
      <location x="4" y="3"/>
      <homeLocation x="2" y="0"/>
      <globalLocation x="20" y="17"/>
    </locationInformation>
    <body>
      <bodyCore bodyMaterial="FLESH" bodySize="75" femininity="90" feral="false" genitalArrangement="NORMAL" height="205" muscle="75" piercedStomach="false" pubicHair="ZERO_NONE" takesAfterMother="true" version="0.4.1.1">
        <bodyCovering c1="COVERING_JET_BLACK" c2="COVERING_PURPLE_DARK" modifier="SHIMMERING" pattern="MARKED" type="dsg_dragon_scales"/>
        <bodyCovering c1="COVERING_RED" c2="COVERING_JET_BLACK" modifier="COARSE" pattern="NONE" type="dsg_dragon_body_hair"/>
        <bodyCovering c1="COVERING_BLACK" c2="COVERING_BROWN_DARK" modifier="SILKEN" pattern="NONE" type="dsg_dragon_hair"/>
        <bodyCovering c1="EYE_VIOLET" c2="EYE_BROWN" g1="true" modifier="EYE" pattern="EYE_IRISES" type="dsg_dragon_eye"/>
        <bodyCovering c1="SKIN_EBONY" c2="SKIN_LIGHT" modifier="SMOOTH" pattern="NONE" type="HUMAN"/>
        <bodyCovering c1="SKIN_JET_BLACK" c2="SKIN_PURPLE" modifier="SMOOTH" pattern="NONE" type="DEMON_COMMON"/>
        <bodyCovering c1="SKIN_PURPLE_DARK" c2="ORIFICE_INTERIOR" g1="true" modifier="SMOOTH" pattern="NONE" type="PENIS"/>
        <bodyCovering c1="SKIN_EBONY" c2="SKIN_PURPLE_DARK" g2="true" modifier="SMOOTH" pattern="ORIFICE_ANUS" type="ANUS"/>
        <bodyCovering c1="SKIN_JET_BLACK" c2="SKIN_PURPLE_DARK" g2="true" modifier="SMOOTH" pattern="ORIFICE_MOUTH" type="MOUTH"/>
        <bodyCovering c1="SKIN_JET_BLACK" c2="SKIN_PURPLE_DARK" g2="true" modifier="SMOOTH" pattern="ORIFICE_NIPPLE" type="NIPPLES"/>
        <bodyCovering c1="SKIN_EBONY" c2="ORIFICE_INTERIOR" modifier="SMOOTH" pattern="ORIFICE_NIPPLE_CROTCH" type="NIPPLES_CROTCH"/>
        <bodyCovering c1="SKIN_PURPLE" c2="ORIFICE_INTERIOR" modifier="SMOOTH" pattern="ORIFICE_VAGINA" type="VAGINA"/>
        <bodyCovering c1="SKIN_PURPLE" c2="ORIFICE_INTERIOR" modifier="SMOOTH" pattern="ORIFICE_SPINNERET" type="SPINNERET"/>
        <bodyCovering c1="COVERING_JET_BLACK" c2="COVERING_BLACK" modifier="SMOOTH" pattern="NONE" type="ALLIGATOR_SCALES"/>
        <bodyCovering c1="COVERING_BROWN" c2="COVERING_BLACK" modifier="SMOOTH" pattern="NONE" type="ANTENNA"/>
        <bodyCovering c1="COVERING_BLACK" c2="COVERING_WHITE" modifier="SMOOTH" pattern="NONE" type="HORN"/>
        <bodyCovering c1="SKIN_PURPLE_DARK" c2="ORIFICE_INTERIOR" g1="true" modifier="SMOOTH" pattern="NONE" type="TONGUE"/>
        <bodyCovering c1="COVERING_JET_BLACK" c2="COVERING_BROWN" modifier="SMOOTH" pattern="NONE" type="HAIR_HUMAN"/>
        <bodyCovering c1="COVERING_BROWN" c2="COVERING_BLONDE" modifier="COARSE" pattern="NONE" type="HAIR_SCALES_ALLIGATOR"/>
        <bodyCovering c1="COVERING_BROWN" c2="COVERING_BROWN" modifier="COARSE" pattern="NONE" type="BODY_HAIR_HUMAN"/>
        <bodyCovering c1="COVERING_GINGER" c2="COVERING_GINGER" modifier="SILKEN" pattern="NONE" type="BODY_HAIR_DEMON"/>
        <bodyCovering c1="COVERING_BLACK" c2="COVERING_BLACK" modifier="COARSE" pattern="NONE" type="BODY_HAIR_SCALES_ALLIGATOR"/>
        <bodyCovering c1="EYE_AQUA" c2="EYE_BROWN" modifier="EYE" pattern="EYE_IRISES" type="EYE_HUMAN"/>
        <bodyCovering c1="EYE_PURPLE" c2="EYE_BLUE" g1="true" modifier="EYE" pattern="EYE_IRISES" type="EYE_ALLIGATOR_MORPH"/>
        <bodyCovering c1="EYE_LILAC" c2="EYE_BLACK" g1="true" modifier="EYE" pattern="EYE_PUPILS" type="EYE_PUPILS"/>
        <bodyCovering c1="EYE_WHITE" c2="EYE_WHITE" modifier="EYE" pattern="EYE_SCLERA" type="EYE_SCLERA"/>
        <bodyCovering c1="COVERING_WHITE" c2="COVERING_WHITE" modifier="FLUID" pattern="FLUID" type="CUM"/>
        <bodyCovering c1="COVERING_CLEAR" c2="COVERING_CLEAR" modifier="FLUID" pattern="FLUID" type="GIRL_CUM"/>
        <bodyCovering c1="COVERING_WHITE" c2="COVERING_WHITE" modifier="FLUID" pattern="FLUID" type="MILK"/>
      </bodyCore>
      <antennae antennaePerRow="2" length="0" rows="1" type="NONE"/>
      <arm rows="1" type="dsg_dragon_arm" underarmHair="ZERO_NONE"/>
      <ass assSize="2" hipSize="2" type="dsg_dragon_ass"/>
      <anus assHair="ZERO_NONE" bleached="false" capacity="1.5" depth="2" elasticity="3" plasticity="3" stretchedCapacity="1.5" virgin="true" wetness="0">
        <anusModifiers/>
      </anus>
      <breasts milkRegeneration="500" milkStorage="0" nippleCountPerBreast="1" rows="1" shape="ROUND" size="10" storedMilk="0.0" type="dsg_dragon_breast"/>
      <nipples areolaeShape="NORMAL" areolaeSize="0" capacity="0.0" depth="2" elasticity="3" nippleShape="NORMAL" nippleSize="0" pierced="false" plasticity="3" stretchedCapacity="0.0" virgin="true">
        <nippleModifiers/>
      </nipples>
      <milk flavour="MILK" type="dsg_dragon_milk">
        <milkModifiers/>
      </milk>
      <breastsCrotch milkRegeneration="500" milkStorage="0" nippleCountPerBreast="1" rows="1" shape="SIDE_SET" size="6" storedMilk="0.0" type="NONE"/>
      <nipplesCrotch areolaeShape="NORMAL" areolaeSize="2" capacity="0.0" depth="2" elasticity="3" nippleShape="NORMAL" nippleSize="2" pierced="false" plasticity="3" stretchedCapacity="0.0" virgin="true">
        <nippleModifiers/>
      </nipplesCrotch>
      <milkCrotch flavour="MILK" type="MILK_HUMAN">
        <milkModifiers/>
      </milkCrotch>
      <ear pierced="false" type="dsg_dragon_ear"/>
      <eye eyePairs="1" irisShape="ROUND" pupilShape="VERTICAL" type="dsg_dragon_eye"/>
      <face facialHair="ZERO_NONE" piercedNose="false" type="dsg_dragon_face"/>
      <mouth capacity="6.25" depth="2" elasticity="4" lipSize="1" piercedLip="false" plasticity="3" stretchedCapacity="6.25" virgin="true" wetness="3">
        <mouthModifiers/>
      </mouth>
      <tongue piercedTongue="false" tongueLength="8">
        <tongueModifiers STRONG="true" TAPERED="true"/>
      </tongue>
      <hair hairStyle="CURLY" length="4" type="dsg_dragon_hair"/>
      <horn hornsPerRow="2" length="40" rows="1" type="dsg_dragon_horn"/>
      <leg configuration="QUADRUPEDAL" footStructure="DIGITIGRADE" type="dsg_dragon_leg"/>
      <penis capacity="0.0" depth="2" elasticity="0" girth="4" pierced="false" plasticity="3" size="28" stretchedCapacity="0.0" type="dsg_dragon_penis" urethraVirgin="true" virgin="true">
        <penisModifiers TAPERED="true"/>
        <urethraModifiers/>
      </penis>
      <testicles cumExpulsion="60" cumRegeneration="10000" cumStorage="120" internal="true" numberOfTesticles="2" storedCum="120.0" testicleSize="3"/>
      <cum flavour="CUM" type="dsg_dragon_cum">
        <cumModifiers MUSKY="true" SLIMY="true" STICKY="true"/>
      </cum>
      <spinneret capacity="1.75" depth="2" elasticity="4" plasticity="3" stretchedCapacity="1.75" virgin="true" wetness="1">
        <spinneretModifiers/>
      </spinneret>
      <torso type="dsg_dragon_torso"/>
      <tail count="1" girth="4" length="0.6" type="dsg_dragon_tailSpaded"/>
      <tentacle count="1" girth="3" length="0.0" type="NONE"/>
      <vagina capacity="0.0" clitGirth="0" clitSize="0" depth="2" eggLayer="true" elasticity="3" hymen="true" labiaSize="0" pierced="false" plasticity="3" squirter="false" stretchedCapacity="0.0" type="dsg_dragon_vagina" urethraCapacity="0.0" urethraDepth="2" urethraElasticity="0" urethraPlasticity="3" urethraStretchedCapacity="0.0" urethraVirgin="true" virgin="true" wetness="0">
        <clitModifiers/>
        <vaginaModifiers MUSCLE_CONTROL="true"/>
        <urethraModifiers/>
      </vagina>
      <girlcum flavour="GIRL_CUM" type="dsg_dragon_girlcum">
        <girlcumModifiers SLIMY="true"/>
      </girlcum>
      <wing size="3" type="dsg_dragon_wing"/>
    </body>
    <characterInventory>
      <maxInventorySpace value="120"/>
      <money value="5000"/>
      <essenceCount value="900"/>
      <dirtySlots/>
      <mainWeapon0>
        <weapon coreEnchantment="RESISTANCE_ICE" damageType="FIRE" id="innoxia_crystal_legendary" name="clear demonstone">
          <effects>
            <effect limit="0" mod1="CLOTHING_ATTRIBUTE" mod2="DAMAGE_ICE" potency="MAJOR_BOOST" timer="2040" type="WEAPON"/>
            <effect limit="0" mod1="CLOTHING_ATTRIBUTE" mod2="DAMAGE_ICE" potency="MAJOR_BOOST" timer="2040" type="WEAPON"/>
            <effect limit="0" mod1="CLOTHING_ATTRIBUTE" mod2="RESISTANCE_ICE" potency="MAJOR_BOOST" timer="2040" type="WEAPON"/>
            <effect limit="0" mod1="CLOTHING_ATTRIBUTE" mod2="RESISTANCE_ICE" potency="MAJOR_BOOST" timer="2040" type="WEAPON"/>
          </effects>
          <spells>
            <spell value="FIREBALL"/>
          </spells>
          <combatMoves/>
        </weapon>
      </mainWeapon0>
      <offhandWeapon0>
        <weapon coreEnchantment="RESISTANCE_POISON" damageType="PHYSICAL" id="sage_Arcane_Arcane003" name="glowing demon crystal">
          <colours>
            <colour i="0">CLOTHING_PURPLE_ROYAL</colour>
          </colours>
          <effects>
            <effect limit="0" mod1="CLOTHING_ATTRIBUTE" mod2="RESISTANCE_POISON" potency="MAJOR_BOOST" timer="2040" type="WEAPON"/>
            <effect limit="0" mod1="CLOTHING_ATTRIBUTE" mod2="RESISTANCE_POISON" potency="MAJOR_BOOST" timer="2040" type="WEAPON"/>
            <effect limit="0" mod1="CLOTHING_ATTRIBUTE" mod2="RESISTANCE_POISON" potency="MAJOR_BOOST" timer="2040" type="WEAPON"/>
            <effect limit="0" mod1="CLOTHING_ATTRIBUTE" mod2="RESISTANCE_POISON" potency="MAJOR_BOOST" timer="2040" type="WEAPON"/>
          </effects>
          <spells>
            <spell value="TELEKENETIC_SHOWER"/>
          </spells>
          <combatMoves/>
        </weapon>
      </offhandWeapon0>
      <clothingEquipped/>
    </characterInventory>
    <attributes>
      <attribute type="HEALTH_MAXIMUM" value="1.0"/>
      <attribute type="MANA_MAXIMUM" value="1.0"/>
    </attributes>
    <potionAttributes/>
    <traits>
      <perk type="FEROCIOUS_WARRIOR"/>
      <perk type="FETISH_BROODMOTHER"/>
      <perk type="COMBAT_REGENERATION"/>
    </traits>
    <specialPerks/>
    <perks>
      <perk row="1" type="LEWD_KNOWLEDGE"/>
      <perk row="1" type="ARCANE_BASE"/>
      <perk row="1" type="PHYSICAL_BASE"/>
      <perk row="2" type="SEDUCTION_BOOST"/>
      <perk row="2" type="PHYSIQUE_BOOST"/>
      <perk row="2" type="ARCANE_BOOST"/>
      <perk row="2" type="ENCHANTMENT_STABILITY"/>
      <perk row="2" type="ENCHANTMENT_STABILITY_ALT"/>
      <perk row="2" type="FERTILITY_BOOST"/>
      <perk row="3" type="SEDUCTION_BOOST"/>
      <perk row="3" type="AURA_BOOST"/>
      <perk row="3" type="SPELL_EFFICIENCY"/>
      <perk row="3" type="PHYSICAL_DAMAGE"/>
      <perk row="3" type="ENERGY_BOOST"/>
      <perk row="3" type="PHYSICAL_DEFENCE"/>
      <perk row="3" type="SPELL_DAMAGE"/>
      <perk row="3" type="ENCHANTMENT_STABILITY"/>
      <perk row="3" type="FERTILITY_MAJOR_BOOST"/>
      <perk row="3" type="ENCHANTMENT_STABILITY_ALT"/>
      <perk row="4" type="SEDUCTION_BOOST"/>
      <perk row="4" type="AURA_BOOST"/>
      <perk row="4" type="SPELL_EFFICIENCY"/>
      <perk row="4" type="PHYSICAL_DAMAGE"/>
      <perk row="4" type="ENERGY_BOOST"/>
      <perk row="4" type="PHYSICAL_DEFENCE"/>
      <perk row="4" type="WEAPON_ENCHANTER"/>
      <perk row="4" type="SPELL_DAMAGE"/>
      <perk row="4" type="CLOTHING_ENCHANTER"/>
      <perk row="4" type="FETISH_BROODMOTHER"/>
      <perk row="5" type="UNARMED_DAMAGE"/>
      <perk row="5" type="ELEMENTAL_BOOST"/>
      <perk row="5" type="FERTILITY_MAJOR_BOOST"/>
      <perk row="5" type="CRITICAL_BOOST"/>
      <perk row="5" type="CRITICAL_BOOST_ALT_2"/>
      <perk row="5" type="CRITICAL_BOOST_ALT"/>
      <perk row="5" type="FERTILITY_BOOST"/>
      <perk row="6" type="ARCANE_BOOST_MAJOR"/>
      <perk row="6" type="PHYSIQUE_BOOST_MAJOR"/>
      <perk row="7" type="ENERGY_BOOST_DRAIN_DAMAGE"/>
      <perk row="7" type="AURA_BOOST"/>
      <perk row="7" type="SPELL_EFFICIENCY"/>
      <perk row="7" type="PHYSICAL_DAMAGE"/>
      <perk row="7" type="UNARMED_DAMAGE"/>
      <perk row="7" type="ENERGY_BOOST"/>
      <perk row="7" type="SPELL_DAMAGE"/>
      <perk row="8" type="AURA_BOOST"/>
      <perk row="8" type="SPELL_EFFICIENCY"/>
      <perk row="8" type="PHYSICAL_DAMAGE"/>
      <perk row="8" type="ENERGY_BOOST"/>
      <perk row="8" type="PHYSICAL_DEFENCE"/>
      <perk row="8" type="SPELL_DAMAGE"/>
      <perk row="8" type="MELEE_DAMAGE"/>
      <perk row="9" type="AURA_BOOST"/>
      <perk row="9" type="SPELL_EFFICIENCY"/>
      <perk row="9" type="PHYSICAL_DAMAGE"/>
      <perk row="9" type="PHYSICAL_DEFENCE"/>
      <perk row="9" type="ENERGY_BOOST"/>
      <perk row="9" type="SPELL_DAMAGE_MAJOR"/>
      <perk row="9" type="RANGED_DAMAGE"/>
      <perk row="10" type="SPELL_EFFICIENCY"/>
      <perk row="10" type="BESERK"/>
      <perk row="10" type="FEROCIOUS_WARRIOR"/>
      <perk row="10" type="COMBAT_REGENERATION"/>
      <perk row="11" type="ARCANE_BOOST_MAJOR"/>
      <perk row="11" type="MELEE_DAMAGE"/>
      <perk row="11" type="ELEMENTAL_DEFENCE_BOOST"/>
      <perk row="11" type="ELEMENTAL_BOOST"/>
      <perk row="11" type="PHYSIQUE_BOOST_MAJOR"/>
      <perk row="11" type="RANGED_DAMAGE"/>
      <perk row="12" type="ELEMENTAL_BOOST"/>
      <perk row="12" type="ELEMENTAL_BOOST_ALT_2"/>
      <perk row="12" type="ELEMENTAL_BOOST_ALT"/>
    </perks>
    <knownSpells>
      <spell type="PROTECTIVE_GUSTS"/>
      <spell type="POISON_VAPOURS"/>
      <spell type="ICE_SHARD"/>
      <spell type="STONE_SHELL"/>
      <spell type="SLAM"/>
      <spell type="RAIN_CLOUD"/>
      <spell type="TELEKENETIC_SHOWER"/>
      <spell type="TELEPATHIC_COMMUNICATION"/>
      <spell type="ARCANE_AROUSAL"/>
      <spell type="ARCANE_CLOUD"/>
      <spell type="CLOAK_OF_FLAMES"/>
      <spell type="FIREBALL"/>
      <spell type="VACUUM"/>
      <spell type="SOOTHING_WATERS"/>
      <spell type="FLASH"/>
    </knownSpells>
    <spellUpgrades>
      <upgrade type="FIREBALL_1"/>
      <upgrade type="FIREBALL_2"/>
      <upgrade type="FIREBALL_3"/>
      <upgrade type="FLASH_1"/>
      <upgrade type="FLASH_2"/>
      <upgrade type="FLASH_3"/>
      <upgrade type="CLOAK_OF_FLAMES_1"/>
      <upgrade type="CLOAK_OF_FLAMES_2"/>
      <upgrade type="CLOAK_OF_FLAMES_3"/>
      <upgrade type="ICE_SHARD_1"/>
      <upgrade type="ICE_SHARD_2"/>
      <upgrade type="ICE_SHARD_3"/>
      <upgrade type="RAIN_CLOUD_1"/>
      <upgrade type="RAIN_CLOUD_2"/>
      <upgrade type="RAIN_CLOUD_3"/>
      <upgrade type="SOOTHING_WATERS_1"/>
      <upgrade type="SOOTHING_WATERS_2"/>
      <upgrade type="SOOTHING_WATERS_3"/>
      <upgrade type="POISON_VAPOURS_1"/>
      <upgrade type="POISON_VAPOURS_2"/>
      <upgrade type="POISON_VAPOURS_3"/>
      <upgrade type="VACUUM_1"/>
      <upgrade type="VACUUM_2"/>
      <upgrade type="VACUUM_3"/>
      <upgrade type="PROTECTIVE_GUSTS_1"/>
      <upgrade type="PROTECTIVE_GUSTS_2"/>
      <upgrade type="PROTECTIVE_GUSTS_3"/>
      <upgrade type="SLAM_1"/>
      <upgrade type="SLAM_2"/>
      <upgrade type="SLAM_3"/>
      <upgrade type="TELEKENETIC_SHOWER_1"/>
      <upgrade type="TELEKENETIC_SHOWER_2"/>
      <upgrade type="TELEKENETIC_SHOWER_3"/>
      <upgrade type="STONE_SHELL_1"/>
      <upgrade type="STONE_SHELL_2"/>
      <upgrade type="STONE_SHELL_3"/>
      <upgrade type="ARCANE_AROUSAL_1"/>
      <upgrade type="ARCANE_AROUSAL_2"/>
      <upgrade type="ARCANE_AROUSAL_3"/>
      <upgrade type="TELEPATHIC_COMMUNICATION_1"/>
      <upgrade type="TELEPATHIC_COMMUNICATION_2"/>
      <upgrade type="TELEPATHIC_COMMUNICATION_3"/>
      <upgrade type="ARCANE_CLOUD_1"/>
      <upgrade type="ARCANE_CLOUD_2"/>
      <upgrade type="ARCANE_CLOUD_3"/>
    </spellUpgrades>
    <spellUpgradePoints>
      <upgradeEntry points="71" school="EARTH"/>
      <upgradeEntry points="58" school="WATER"/>
      <upgradeEntry points="75" school="AIR"/>
      <upgradeEntry points="77" school="FIRE"/>
      <upgradeEntry points="62" school="ARCANE"/>
    </spellUpgradePoints>
    <fetishes>
      <fetish type="FETISH_DEFLOWERING"/>
      <fetish type="FETISH_NON_CON_DOM"/>
      <fetish type="FETISH_CUM_STUD"/>
      <fetish type="FETISH_MASTURBATION"/>
      <fetish type="FETISH_DENIAL"/>
      <fetish type="FETISH_INCEST"/>
      <fetish type="FETISH_LACTATION_OTHERS"/>
      <fetish type="FETISH_VOYEURIST"/>
      <fetish type="FETISH_TRANSFORMATION_GIVING"/>
      <fetish type="FETISH_DOMINANT"/>
      <fetish type="FETISH_ANAL_GIVING"/>
      <fetish type="FETISH_CROSS_DRESSER"/>
      <fetish type="FETISH_KINK_GIVING"/>
      <fetish type="FETISH_EXHIBITIONIST"/>
      <fetish type="FETISH_VAGINAL_GIVING"/>
      <fetish type="FETISH_BREASTS_OTHERS"/>
      <fetish type="FETISH_PENIS_GIVING"/>
      <fetish type="FETISH_IMPREGNATION"/>
      <fetish type="FETISH_ORAL_RECEIVING"/>
      <fetish type="FETISH_SADIST"/>
    </fetishes>
    <fetishDesire/>
    <fetishExperience/>
    <statusEffects>
      <statusEffect lta="74040" sp="0" sr="-1" type="AROUSAL_PERK_0"/>
      <statusEffect lta="74040" sp="0" sr="-1" type="LUST_PERK_0"/>
      <statusEffect lta="74040" sp="0" sr="-1" type="ORIENTATION_AMBIPHILIC"/>
      <statusEffect lta="74040" sp="0" sr="-1" type="COMPANIONS_LEAVING"/>
      <statusEffect lta="74040" sp="0" sr="-1" type="CUM_FULL"/>
      <statusEffect lta="74040" sp="0" sr="-1" type="FIRE_MANA_BURN"/>
      <statusEffect lta="74040" sp="0" sr="-1" type="WEATHER_STORM_PROTECTED"/>
      <statusEffect lta="74040" sp="0" sr="-1" type="SUBSPECIES_BONUS"/>
      <statusEffect lta="74040" sp="0" sr="-1" type="PHYSIQUE_PERK_4"/>
      <statusEffect lta="74040" sp="0" sr="-1" type="INTELLIGENCE_PERK_4"/>
      <statusEffect lta="74040" sp="0" sr="-1" type="CORRUPTION_PERK_0"/>
      <statusEffect lta="74040" sp="0" sr="-1" type="FETISH_EXHIBITIONIST_PLUS_BREASTS"/>
    </statusEffects>
    <knownMoves/>
    <equippedMoves>
      <move type="BASIC_STRIKE"/>
      <move type="BASIC_TWIN_STRIKE"/>
      <move type="BASIC_BLOCK"/>
      <move type="BASIC_TEASE"/>
      <move type="BASIC_TEASE_BLOCK"/>
    </equippedMoves>
    <characterRelationships/>
    <pregnancy littersGenerated="0" timeProgressedToFinalPregnancyStage="1"/>
    <family>
      <motherId value=""/>
      <motherName value="???"/>
      <motherFemininity value="FEMININE"/>
      <motherSubspecies value="HUMAN"/>
      <fatherId value=""/>
      <fatherName value="???"/>
      <fatherFemininity value="MASCULINE"/>
      <fatherSubspecies value="HUMAN"/>
      <yearOfConception value="1999"/>
      <monthOfConception value="OCTOBER"/>
      <dayOfConception value="15"/>
    </family>
    <slavery>
      <slavesOwned/>
      <owner value=""/>
    </slavery>
    <companions>
      <companionsFollowing/>
      <partyLeader value=""/>
      <maxCompanions value="1"/>
    </companions>
    <sexStats>
      <fluidsStoredMap>
        <entry orifice="NIPPLE"/>
        <entry orifice="URETHRA_PENIS"/>
        <entry orifice="ANUS"/>
        <entry orifice="NIPPLE_CROTCH"/>
        <entry orifice="VAGINA"/>
        <entry orifice="MOUTH"/>
        <entry orifice="SPINNERET"/>
        <entry orifice="URETHRA_VAGINA"/>
      </fluidsStoredMap>
      <daysOrgasmCount value="0"/>
      <daysOrgasmCountRecord value="0"/>
      <totalOrgasmCount value="0"/>
      <sexPartners/>
      <virginityLosses/>
    </sexStats>
    <addictionsCore alcoholLevel="0.0">
      <addictions/>
      <psychoactiveFluids/>
    </addictionsCore>
    <playerSpecific>
      <title value="The Human"/>
      <karma value="0"/>
      <questUpdates/>
      <mainQuestUpdated value="true"/>
      <sideQuestUpdated value="false"/>
      <relationshipQuestUpdated value="false"/>
      <raceBooksDiscovered/>
      <charactersEncountered>
        <id value="-1,Lilaya"/>
        <id value="-1,Rose"/>
      </charactersEncountered>
      <questMap>
        <entry q0="MAIN_PROLOGUE" q1="MAIN_1_A_LILAYAS_TESTS" questLine="MAIN"/>
      </questMap>
      <questFailedMap/>
      <friendlyOccupants/>
      <worldsVisited>
        <world id="LILAYAS_HOUSE_FIRST_FLOOR"/>
        <world id="MUSEUM_LOST"/>
      </worldsVisited>
      <itemsDiscovered/>
      <weaponsDiscovered>
        <type>sage_Arcane_Arcane003</type>
        <type>innoxia_crystal_rare</type>
        <type>innoxia_crystal_legendary</type>
      </weaponsDiscovered>
      <clothingDiscovered/>
      <racesDiscovered>
        <race>HALF_DEMON</race>
        <race>CAT_MORPH</race>
        <race>HUMAN</race>
      </racesDiscovered>
      <racesDiscoveredAdvanced/>
    </playerSpecific>
  </character>
</playerCharacter>
