<?xml version="1.0" encoding="UTF-8" standalone="no"?>
<playerCharacter>
  <character>
    <!--If you want to edit any of these values, just be warned that it might break the game...-->
    <core>
      <id value="PlayerCharacter"/>
      <pathName value="com.lilithsthrone.game.character.PlayerCharacter"/>
      <name nameAndrogynous="Jay" nameFeminine="Candy" nameMasculine="Dwight"/>
      <surname value="Schmidt"/>
      <genericName value=""/>
      <description value="Having been pulled into an enchanted mirror in your aunt Lily's museum, you woke up to find yourself in another world. By a stroke of good fortune, one of the first people you met was Lilaya; this world's version of your aunt. Having convinced her that your story is true, you're now working towards finding a way to get back to your old world."/>
      <playerKnowsName value="true"/>
      <playerOnFirstNameTerms value="false"/>
      <raceConcealed value="false"/>
      <level value="2"/>
      <ageAppearanceDifference value="0"/>
      <yearOfBirth value="1999"/>
      <monthOfBirth value="SEPTEMBER"/>
      <dayOfBirth value="17"/>
      <version value="0.4"/>
      <history value="SOLDIER"/>
      <elemental value=""/>
      <elementalSummoned value="false"/>
      <combatBehaviour value="BALANCED"/>
      <lastTimeHadSex value="-1"/>
      <lastTimeOrgasmed value="-1"/>
      <desiredJobs/>
      <petNames/>
      <personality>
        <trait>CONFIDENT</trait>
        <trait>KIND</trait>
      </personality>
      <sexualOrientation value="AMBIPHILIC"/>
      <obedience value="0.0"/>
      <genderIdentity value="M_P_MALE"/>
      <foughtPlayerCount value="0"/>
      <lostCombatCount value="0"/>
      <wonCombatCount value="0"/>
      <experience value="0"/>
      <perkPoints value="0"/>
      <perkCategoryPoints/>
      <health value="196.0"/>
      <mana value="18.272728"/>
      <areasKnownByCharacters/>
    </core>
    <locationInformation>
      <worldLocation value="LILAYAS_HOUSE_FIRST_FLOOR"/>
      <homeWorldLocation value="MUSEUM"/>
      <location x="4" y="3"/>
      <homeLocation x="2" y="0"/>
      <globalLocation x="20" y="17"/>
    </locationInformation>
    <body>
      <bodyCore bodyMaterial="FLESH" bodySize="50" femininity="25" feral="false" genitalArrangement="NORMAL" height="188" muscle="30" piercedStomach="false" pubicHair="FOUR_NATURAL" takesAfterMother="true" version="0.4">
        <bodyCovering c1="COVERING_ORANGE" c2="COVERING_GINGER" modifier="SMOOTH" pattern="MARKED" type="dsg_dragon_scales"/>
        <bodyCovering c1="COVERING_LILAC" c2="COVERING_BLONDE" modifier="COARSE" pattern="NONE" type="dsg_dragon_body_hair"/>
        <bodyCovering c1="COVERING_BROWN_LIGHT" c2="COVERING_WHITE" modifier="SILKEN" pattern="NONE" type="dsg_dragon_hair"/>
        <bodyCovering c1="EYE_BLUE" c2="EYE_GREEN" modifier="EYE" pattern="EYE_IRISES" type="dsg_dragon_eye"/>
        <bodyCovering c1="SKIN_LIGHT" c2="SKIN_LIGHT" modifier="SMOOTH" pattern="NONE" type="HUMAN"/>
        <bodyCovering c1="SKIN_LIGHT" c2="ORIFICE_INTERIOR" modifier="SMOOTH" pattern="NONE" type="PENIS"/>
        <bodyCovering c1="SKIN_LIGHT" c2="ORIFICE_INTERIOR" modifier="SMOOTH" pattern="ORIFICE_ANUS" type="ANUS"/>
        <bodyCovering c1="SKIN_LIGHT" c2="ORIFICE_INTERIOR" modifier="SMOOTH" pattern="ORIFICE_MOUTH" type="MOUTH"/>
        <bodyCovering c1="SKIN_LIGHT" c2="ORIFICE_INTERIOR" modifier="SMOOTH" pattern="ORIFICE_NIPPLE" type="NIPPLES"/>
        <bodyCovering c1="SKIN_LIGHT" c2="ORIFICE_INTERIOR" modifier="SMOOTH" pattern="ORIFICE_NIPPLE_CROTCH" type="NIPPLES_CROTCH"/>
        <bodyCovering c1="SKIN_LIGHT" c2="ORIFICE_INTERIOR" modifier="SMOOTH" pattern="ORIFICE_VAGINA" type="VAGINA"/>
        <bodyCovering c1="SKIN_LIGHT" c2="ORIFICE_INTERIOR" modifier="SMOOTH" pattern="ORIFICE_SPINNERET" type="SPINNERET"/>
        <bodyCovering c1="COVERING_WHITE" c2="COVERING_BROWN" modifier="SMOOTH" pattern="NONE" type="ANTENNA"/>
        <bodyCovering c1="COVERING_GINGER" c2="COVERING_WHITE" modifier="SMOOTH" pattern="NONE" type="HORN"/>
        <bodyCovering c1="ORIFICE_INTERIOR" c2="ORIFICE_INTERIOR" modifier="SMOOTH" pattern="NONE" type="TONGUE"/>
        <bodyCovering c1="COVERING_BROWN" c2="COVERING_BROWN" modifier="SMOOTH" pattern="NONE" type="HAIR_HUMAN"/>
        <bodyCovering c1="COVERING_BROWN" c2="COVERING_BROWN" modifier="COARSE" pattern="NONE" type="BODY_HAIR_HUMAN"/>
        <bodyCovering c1="EYE_GREEN" c2="EYE_BROWN" modifier="EYE" pattern="EYE_IRISES" type="EYE_HUMAN"/>
        <bodyCovering c1="EYE_BLACK" c2="EYE_BLACK" modifier="EYE" pattern="EYE_PUPILS" type="EYE_PUPILS"/>
        <bodyCovering c1="EYE_WHITE" c2="EYE_WHITE" modifier="EYE" pattern="EYE_SCLERA" type="EYE_SCLERA"/>
        <bodyCovering c1="COVERING_WHITE" c2="COVERING_WHITE" modifier="FLUID" pattern="FLUID" type="CUM"/>
        <bodyCovering c1="COVERING_CLEAR" c2="COVERING_CLEAR" modifier="FLUID" pattern="FLUID" type="GIRL_CUM"/>
        <bodyCovering c1="COVERING_WHITE" c2="COVERING_WHITE" modifier="FLUID" pattern="FLUID" type="MILK"/>
      </bodyCore>
      <antennae antennaePerRow="2" length="22" rows="1" type="NONE"/>
      <arm rows="1" type="dsg_dragon_arm" underarmHair="FOUR_NATURAL"/>
      <ass assSize="2" hipSize="2" type="dsg_dragon_ass"/>
      <anus assHair="FOUR_NATURAL" bleached="false" capacity="1.75" depth="2" elasticity="3" plasticity="3" stretchedCapacity="1.75" virgin="true" wetness="0">
        <anusModifiers/>
      </anus>
      <breasts milkRegeneration="500" milkStorage="0" nippleCountPerBreast="1" rows="1" shape="ROUND" size="0" storedMilk="0.0" type="dsg_dragon_breast"/>
      <nipples areolaeShape="NORMAL" areolaeSize="0" capacity="0.5" depth="2" elasticity="3" nippleShape="NORMAL" nippleSize="0" pierced="false" plasticity="3" stretchedCapacity="0.5" virgin="true">
        <nippleModifiers/>
      </nipples>
      <milk flavour="MILK" type="dsg_dragon_milk">
        <milkModifiers/>
      </milk>
      <breastsCrotch milkRegeneration="500" milkStorage="0" nippleCountPerBreast="1" rows="1" shape="NARROW" size="7" storedMilk="0.0" type="NONE"/>
      <nipplesCrotch areolaeShape="NORMAL" areolaeSize="2" capacity="0.5" depth="2" elasticity="3" nippleShape="NORMAL" nippleSize="2" pierced="false" plasticity="3" stretchedCapacity="0.5" virgin="true">
        <nippleModifiers/>
      </nipplesCrotch>
      <milkCrotch flavour="MILK" type="MILK_HUMAN">
        <milkModifiers/>
      </milkCrotch>
      <ear pierced="false" type="dsg_dragon_ear"/>
      <eye eyePairs="1" irisShape="ROUND" pupilShape="VERTICAL" type="dsg_dragon_eye"/>
      <face facialHair="ZERO_NONE" piercedNose="false" type="dsg_dragon_face"/>
      <mouth capacity="6.25" depth="2" elasticity="4" lipSize="1" piercedLip="false" plasticity="3" stretchedCapacity="6.25" virgin="true" wetness="3">
        <mouthModifiers/>
      </mouth>
      <tongue piercedTongue="false" tongueLength="3">
        <tongueModifiers STRONG="true" TAPERED="true"/>
      </tongue>
      <hair hairStyle="MESSY" length="11" type="dsg_dragon_hair"/>
      <horn hornsPerRow="2" length="10" rows="1" type="dsg_dragon_horn"/>
      <leg configuration="BIPEDAL" footStructure="DIGITIGRADE" type="dsg_dragon_leg"/>
      <penis capacity="0.0" depth="2" elasticity="0" girth="3" pierced="false" plasticity="3" size="23" stretchedCapacity="0.0" type="dsg_dragon_penis" urethraVirgin="true" virgin="true">
        <penisModifiers TAPERED="true"/>
        <urethraModifiers/>
      </penis>
      <testicles cumExpulsion="60" cumRegeneration="10000" cumStorage="1511" internal="false" numberOfTesticles="2" storedCum="1511.0" testicleSize="3"/>
      <cum flavour="CUM" type="dsg_dragon_cum">
        <cumModifiers SLIMY="true" STICKY="true"/>
      </cum>
      <spinneret capacity="1.75" depth="2" elasticity="4" plasticity="3" stretchedCapacity="1.75" virgin="true" wetness="1">
        <spinneretModifiers/>
      </spinneret>
      <torso type="dsg_dragon_torso"/>
      <tail count="1" girth="4" length="0.6" type="dsg_dragon_tailTufted"/>
      <tentacle count="1" girth="3" length="0.0" type="NONE"/>
      <vagina capacity="0.0" clitGirth="0" clitSize="0" depth="2" eggLayer="false" elasticity="3" hymen="true" labiaSize="0" pierced="false" plasticity="3" squirter="false" stretchedCapacity="0.0" type="NONE" urethraCapacity="0.0" urethraDepth="2" urethraElasticity="0" urethraPlasticity="3" urethraStretchedCapacity="0.0" urethraVirgin="true" virgin="true" wetness="0">
        <clitModifiers/>
        <vaginaModifiers/>
        <urethraModifiers/>
      </vagina>
      <girlcum flavour="GIRL_CUM" type="GIRL_CUM_HUMAN">
        <girlcumModifiers SLIMY="true"/>
      </girlcum>
      <wing size="0" type="NONE"/>
    </body>
    <characterInventory>
      <maxInventorySpace value="405"/>
      <money value="5000"/>
      <essenceCount value="956"/>
      <dirtySlots/>
      <mainWeapon0>
        <weapon coreEnchantment="null" damageType="FIRE" id="innoxia_bow_pistol_crossbow" name="pistol crossbow">
          <colours>
            <colour i="0">CLOTHING_BLACK_STEEL</colour>
            <colour i="1">CLOTHING_DESATURATED_BROWN</colour>
            <colour i="2">CLOTHING_STEEL</colour>
          </colours>
          <effects>
            <effect limit="0" mod1="CLOTHING_ATTRIBUTE" mod2="DAMAGE_RANGED_WEAPON" potency="MAJOR_BOOST" timer="2850" type="WEAPON"/>
            <effect limit="0" mod1="CLOTHING_ATTRIBUTE" mod2="DAMAGE_FIRE" potency="MAJOR_BOOST" timer="2850" type="WEAPON"/>
          </effects>
          <spells/>
          <combatMoves/>
        </weapon>
      </mainWeapon0>
      <offhandWeapon0>
        <weapon coreEnchantment="DAMAGE_FIRE" damageType="FIRE" id="innoxia_crystal_rare" name="opaque demonstone">
          <effects>
            <effect limit="0" mod1="CLOTHING_ATTRIBUTE" mod2="DAMAGE_FIRE" potency="MAJOR_BOOST" timer="2040" type="WEAPON"/>
          </effects>
          <spells>
            <spell value="FIREBALL"/>
          </spells>
          <combatMoves/>
        </weapon>
      </offhandWeapon0>
      <clothingEquipped>
        <clothing enchantmentKnown="true" id="GROIN_BOXERS" isDirty="false" name="boxer shorts" slotEquippedTo="GROIN">
          <colours>
            <colour i="0">CLOTHING_BLACK</colour>
          </colours>
        </clothing>
        <clothing enchantmentKnown="true" id="innoxia_sock_socks" isDirty="false" name="socks" slotEquippedTo="SOCK">
          <colours>
            <colour i="0">CLOTHING_BLACK</colour>
          </colours>
        </clothing>
        <clothing enchantmentKnown="true" id="innoxia_ankle_shin_guards" isDirty="false" name="shin guards" slotEquippedTo="ANKLE">
          <colours>
            <colour i="0">CLOTHING_BLACK</colour>
            <colour i="1">CLOTHING_RED_DARK</colour>
          </colours>
          <effects>
            <effect limit="0" mod1="CLOTHING_ATTRIBUTE" mod2="RESISTANCE_PHYSICAL" potency="BOOST" timer="2850" type="CLOTHING"/>
          </effects>
        </clothing>
        <clothing enchantmentKnown="true" id="dsg_hlf_equip_rwebbing" isDirty="false" name="canvas webbing" slotEquippedTo="TORSO_OVER">
          <colours>
            <colour i="0">CLOTHING_KHAKI</colour>
            <colour i="1">CLOTHING_STEEL</colour>
          </colours>
        </clothing>
        <clothing enchantmentKnown="true" id="dsg_hlf_equip_rtunic" isDirty="false" name="vintage fatigue tunic" slotEquippedTo="TORSO_UNDER">
          <colours>
            <colour i="0">CLOTHING_OLIVE</colour>
            <colour i="1">CLOTHING_RED_DARK</colour>
            <colour i="2">CLOTHING_STEEL</colour>
            <colour i="3">CLOTHING_BROWN_DARK</colour>
          </colours>
          <stickers>
            <sticker category="wearntear">none</sticker>
          </stickers>
        </clothing>
        <clothing enchantmentKnown="true" id="dsg_hlf_equip_rtrousers" isDirty="false" name="vintage fatigue trousers" slotEquippedTo="LEG">
          <colours>
            <colour i="0">CLOTHING_OLIVE</colour>
            <colour i="1">CLOTHING_STEEL</colour>
            <colour i="2">CLOTHING_BROWN_DARK</colour>
          </colours>
          <stickers>
            <sticker category="wearntear">none</sticker>
          </stickers>
        </clothing>
        <clothing enchantmentKnown="true" id="dsg_hlf_equip_vcboots" isDirty="false" name="vintage combat boots" slotEquippedTo="FOOT">
          <colours>
            <colour i="0">CLOTHING_BROWN_DARK</colour>
            <colour i="1">CLOTHING_BLACK</colour>
            <colour i="2">CLOTHING_STEEL</colour>
          </colours>
        </clothing>
      </clothingEquipped>
    </characterInventory>
    <attributes>
      <attribute type="HEALTH_MAXIMUM" value="1.0"/>
      <attribute type="MANA_MAXIMUM" value="1.0"/>
    </attributes>
    <potionAttributes/>
    <traits/>
    <specialPerks/>
    <perks>
      <perk row="1" type="PHYSICAL_BASE"/>
      <perk row="1" type="ARCANE_BASE"/>
      <perk row="1" type="LEWD_KNOWLEDGE"/>
    </perks>
    <knownSpells>
      <spell type="SLAM"/>
    </knownSpells>
    <spellUpgrades/>
    <spellUpgradePoints>
      <upgradeEntry points="0" school="EARTH"/>
      <upgradeEntry points="0" school="WATER"/>
      <upgradeEntry points="0" school="AIR"/>
      <upgradeEntry points="0" school="FIRE"/>
      <upgradeEntry points="0" school="ARCANE"/>
    </spellUpgradePoints>
    <fetishes/>
    <fetishDesire/>
    <fetishExperience/>
    <statusEffects>
      <statusEffect lta="74040" sp="0" sr="-1" type="CORRUPTION_PERK_0"/>
      <statusEffect lta="74040" sp="0" sr="-1" type="AROUSAL_PERK_0"/>
      <statusEffect lta="74040" sp="0" sr="-1" type="LUST_PERK_0"/>
      <statusEffect lta="74040" sp="0" sr="-1" type="ORIENTATION_AMBIPHILIC"/>
      <statusEffect lta="74040" sp="0" sr="-1" type="COMPANIONS_LEAVING"/>
      <statusEffect lta="74040" sp="0" sr="-1" type="dsg_set_hlf_regular"/>
      <statusEffect lta="74040" sp="0" sr="-1" type="CUM_FULL"/>
      <statusEffect lta="74040" sp="0" sr="-1" type="WEATHER_STORM_PROTECTED"/>
      <statusEffect lta="74040" sp="0" sr="-1" type="SUBSPECIES_BONUS"/>
    </statusEffects>
    <knownMoves/>
    <equippedMoves>
      <move type="BASIC_STRIKE"/>
      <move type="dsg_dragon_breath_weapon"/>
      <move type="BITE"/>
      <move type="SPELL_SLAM"/>
      <move type="BASIC_ARCANE_STRIKE"/>
      <move type="BASIC_BLOCK"/>
      <move type="BASIC_OFFHAND_STRIKE"/>
    </equippedMoves>
    <characterRelationships/>
    <pregnancy littersGenerated="0" timeProgressedToFinalPregnancyStage="1"/>
    <family>
      <motherId value=""/>
      <fatherId value=""/>
      <yearOfConception value="1998"/>
      <monthOfConception value="SEPTEMBER"/>
      <dayOfConception value="4"/>
    </family>
    <slavery>
      <slavesOwned/>
      <owner value=""/>
    </slavery>
    <companions>
      <companionsFollowing/>
      <partyLeader value=""/>
      <maxCompanions value="1"/>
    </companions>
    <sexStats>
      <fluidsStoredMap>
        <entry orifice="ANUS"/>
        <entry orifice="NIPPLE_CROTCH"/>
        <entry orifice="URETHRA_VAGINA"/>
        <entry orifice="VAGINA"/>
        <entry orifice="NIPPLE"/>
        <entry orifice="MOUTH"/>
        <entry orifice="SPINNERET"/>
        <entry orifice="URETHRA_PENIS"/>
      </fluidsStoredMap>
      <daysOrgasmCount value="0"/>
      <daysOrgasmCountRecord value="0"/>
      <totalOrgasmCount value="0"/>
      <sexPartners>
        <sexCount asDom="0" asSub="0" consensual="0" id="unknown">
          <sexType other="PENIS" participant="NORMAL" self="VAGINA" sex="0"/>
          <sexType other="TONGUE" participant="NORMAL" self="VAGINA" sex="0"/>
          <sexType other="FINGER" participant="NORMAL" self="VAGINA" sex="0"/>
        </sexCount>
      </sexPartners>
      <virginityLosses/>
    </sexStats>
    <addictionsCore alcoholLevel="0.0">
      <addictions/>
      <psychoactiveFluids/>
    </addictionsCore>
    <playerSpecific>
      <title value="The Human"/>
      <karma value="0"/>
      <questUpdates/>
      <mainQuestUpdated value="true"/>
      <sideQuestUpdated value="false"/>
      <relationshipQuestUpdated value="false"/>
      <raceBooksDiscovered/>
      <charactersEncountered>
        <id value="-1,Lilaya"/>
        <id value="-1,Rose"/>
      </charactersEncountered>
      <questMap>
        <entry q0="MAIN_PROLOGUE" q1="MAIN_1_A_LILAYAS_TESTS" questLine="MAIN"/>
      </questMap>
      <questFailedMap/>
      <friendlyOccupants/>
      <worldsVisited>
        <world id="LILAYAS_HOUSE_FIRST_FLOOR"/>
        <world id="MUSEUM_LOST"/>
      </worldsVisited>
      <itemsDiscovered>
        <type>SPELL_BOOK_SLAM</type>
      </itemsDiscovered>
      <weaponsDiscovered>
        <type>innoxia_bow_pistol_crossbow</type>
        <type>innoxia_crystal_rare</type>
      </weaponsDiscovered>
      <clothingDiscovered>
        <type>dsg_hlf_equip_rtrousers</type>
        <type>dsg_hlf_equip_rtunic</type>
        <type>WRIST_MENS_WATCH</type>
        <type>innoxia_ankle_shin_guards</type>
        <type>bloom_wasp609_rainCoat_rain_coat</type>
        <type>dsg_hlf_equip_rwebbing</type>
        <type>innoxia_finger_ring</type>
        <type>dsg_hlf_equip_vcboots</type>
      </clothingDiscovered>
      <racesDiscovered>
        <race>HALF_DEMON</race>
        <race>HUMAN</race>
        <race>CAT_MORPH</race>
      </racesDiscovered>
      <racesDiscoveredAdvanced/>
    </playerSpecific>
  </character>
</playerCharacter>
