<?xml version="1.0" encoding="UTF-8" standalone="no"?>
<playerCharacter>
  <character>
    <!--If you want to edit any of these values, just be warned that it might break the game...-->
    <core>
      <id value="PlayerCharacter"/>
      <pathName value="com.lilithsthrone.game.character.PlayerCharacter"/>
      <name nameAndrogynous="Ivre" nameFeminine="Ivrea" nameMasculine="Ivrean"/>
      <surname value="Galaxy"/>
      <genericName value=""/>
      <description value="Having been pulled into an enchanted mirror in your aunt Lily's museum, you woke up to find yourself in another world. By a stroke of good fortune, one of the first people you met was Lilaya; this world's version of your aunt. Having convinced her that your story is true, you're now working towards finding a way to get back to your old world."/>
      <playerKnowsName value="true"/>
      <playerOnFirstNameTerms value="false"/>
      <raceConcealed value="false"/>
      <level value="1"/>
      <ageAppearanceDifference value="-3"/>
      <yearOfBirth value="2003"/>
      <monthOfBirth value="MAY"/>
      <dayOfBirth value="7"/>
      <version value="0.4.1.1"/>
      <history value="STUDENT"/>
      <elemental value=""/>
      <elementalSummoned value="false"/>
      <combatBehaviour value="BALANCED"/>
      <lastTimeHadSex value="-1"/>
      <lastTimeOrgasmed value="-1"/>
      <desiredJobs/>
      <petNames/>
      <personality>
        <trait>SHY</trait>
        <trait>INNOCENT</trait>
        <trait>KIND</trait>
        <trait>NAIVE</trait>
      </personality>
      <sexualOrientation value="ANDROPHILIC"/>
      <obedience value="0.0"/>
      <genderIdentity value="F_V_B_FEMALE"/>
      <foughtPlayerCount value="0"/>
      <lostCombatCount value="0"/>
      <wonCombatCount value="0"/>
      <experience value="0"/>
      <perkPoints value="0"/>
      <perkCategoryPoints/>
      <health value="52.22222"/>
      <mana value="53.44446"/>
      <areasKnownByCharacters/>
    </core>
    <locationInformation>
      <worldLocation value="LILAYAS_HOUSE_FIRST_FLOOR"/>
      <homeWorldLocation value="MUSEUM"/>
      <location x="4" y="3"/>
      <homeLocation x="2" y="0"/>
      <globalLocation x="20" y="17"/>
    </locationInformation>
    <body>
      <bodyCore bodyMaterial="FLESH" bodySize="40" femininity="69" feral="false" genitalArrangement="NORMAL" height="170" muscle="20" piercedStomach="false" pubicHair="THREE_TRIMMED" takesAfterMother="true" version="0.4.1.1">
        <bodyCovering c1="COVERING_WHITE" c2="COVERING_BROWN" modifier="FLUFFY" pattern="NONE" type="dsg_dragon_fur"/>
        <bodyCovering c1="COVERING_WHITE" c2="COVERING_WHITE" modifier="SHIMMERING" pattern="NONE" type="dsg_dragon_scales"/>
        <bodyCovering c1="COVERING_PURPLE" c2="COVERING_WHITE" modifier="COARSE" pattern="NONE" type="dsg_dragon_body_hair"/>
        <bodyCovering c1="COVERING_WHITE" c2="COVERING_WHITE" modifier="SILKEN" pattern="NONE" type="dsg_dragon_hair"/>
        <bodyCovering c1="EYE_BROWN" c2="EYE_BLUE" modifier="EYE" pattern="EYE_IRISES_HETEROCHROMATIC" type="dsg_dragon_eye"/>
        <bodyCovering c1="SKIN_LIGHT" c2="SKIN_LIGHT" modifier="SMOOTH" pattern="NONE" type="HUMAN"/>
        <bodyCovering c1="SKIN_LIGHT" c2="ORIFICE_INTERIOR" modifier="SMOOTH" pattern="NONE" type="PENIS"/>
        <bodyCovering c1="SKIN_LIGHT" c2="ORIFICE_INTERIOR" modifier="SMOOTH" pattern="ORIFICE_ANUS" type="ANUS"/>
        <bodyCovering c1="SKIN_LIGHT" c2="ORIFICE_INTERIOR" modifier="SMOOTH" pattern="ORIFICE_MOUTH" type="MOUTH"/>
        <bodyCovering c1="SKIN_LIGHT" c2="ORIFICE_INTERIOR" modifier="SMOOTH" pattern="ORIFICE_NIPPLE" type="NIPPLES"/>
        <bodyCovering c1="SKIN_LIGHT" c2="ORIFICE_INTERIOR" modifier="SMOOTH" pattern="ORIFICE_NIPPLE_CROTCH" type="NIPPLES_CROTCH"/>
        <bodyCovering c1="SKIN_LIGHT" c2="ORIFICE_INTERIOR" modifier="SMOOTH" pattern="ORIFICE_VAGINA" type="VAGINA"/>
        <bodyCovering c1="SKIN_LIGHT" c2="ORIFICE_INTERIOR" modifier="SMOOTH" pattern="ORIFICE_SPINNERET" type="SPINNERET"/>
        <bodyCovering c1="COVERING_BROWN" c2="COVERING_WHITE" modifier="SMOOTH" pattern="NONE" type="ANTENNA"/>
        <bodyCovering c1="COVERING_SANDY" c2="COVERING_WHITE" modifier="SMOOTH" pattern="NONE" type="HORN"/>
        <bodyCovering c1="ORIFICE_INTERIOR" c2="ORIFICE_INTERIOR" modifier="SMOOTH" pattern="NONE" type="TONGUE"/>
        <bodyCovering c1="COVERING_BROWN" c2="COVERING_BROWN" modifier="SMOOTH" pattern="NONE" type="HAIR_HUMAN"/>
        <bodyCovering c1="COVERING_BROWN" c2="COVERING_BROWN" modifier="COARSE" pattern="NONE" type="BODY_HAIR_HUMAN"/>
        <bodyCovering c1="EYE_BROWN" c2="EYE_BROWN" modifier="EYE" pattern="EYE_IRISES" type="EYE_HUMAN"/>
        <bodyCovering c1="EYE_BLUE_LIGHT" c2="EYE_BROWN" modifier="EYE" pattern="EYE_IRISES" type="EYE_ANGEL"/>
        <bodyCovering c1="EYE_BLACK" c2="EYE_BLACK" modifier="EYE" pattern="EYE_PUPILS" type="EYE_PUPILS"/>
        <bodyCovering c1="EYE_WHITE" c2="EYE_WHITE" modifier="EYE" pattern="EYE_SCLERA" type="EYE_SCLERA"/>
        <bodyCovering c1="COVERING_WHITE" c2="COVERING_WHITE" modifier="FLUID" pattern="FLUID" type="CUM"/>
        <bodyCovering c1="COVERING_CLEAR" c2="COVERING_CLEAR" modifier="FLUID" pattern="FLUID" type="GIRL_CUM"/>
        <bodyCovering c1="COVERING_WHITE" c2="COVERING_WHITE" modifier="FLUID" pattern="FLUID" type="MILK"/>
      </bodyCore>
      <antennae antennaePerRow="2" length="22" rows="1" type="NONE"/>
      <arm rows="1" type="dsg_dragon_armFurred" underarmHair="ZERO_NONE"/>
      <ass assSize="3" hipSize="3" type="dsg_dragon_assFurred"/>
      <anus assHair="TWO_MANICURED" bleached="false" capacity="1.75" depth="2" elasticity="3" plasticity="3" stretchedCapacity="1.75" virgin="true" wetness="0">
        <anusModifiers/>
      </anus>
      <breasts milkRegeneration="500" milkStorage="0" nippleCountPerBreast="1" rows="1" shape="ROUND" size="4" storedMilk="0.0" type="dsg_dragon_breastFurred"/>
      <nipples areolaeShape="NORMAL" areolaeSize="2" capacity="0.5" depth="2" elasticity="3" nippleShape="NORMAL" nippleSize="2" pierced="false" plasticity="3" stretchedCapacity="0.5" virgin="true">
        <nippleModifiers/>
      </nipples>
      <milk flavour="MILK" type="dsg_dragon_milk">
        <milkModifiers/>
      </milk>
      <breastsCrotch milkRegeneration="500" milkStorage="0" nippleCountPerBreast="1" rows="1" shape="PERKY" size="7" storedMilk="0.0" type="NONE"/>
      <nipplesCrotch areolaeShape="NORMAL" areolaeSize="2" capacity="0.5" depth="2" elasticity="3" nippleShape="NORMAL" nippleSize="2" pierced="false" plasticity="3" stretchedCapacity="0.5" virgin="true">
        <nippleModifiers/>
      </nipplesCrotch>
      <milkCrotch flavour="MILK" type="MILK_HUMAN">
        <milkModifiers/>
      </milkCrotch>
      <ear pierced="false" type="dsg_dragon_earFurred"/>
      <eye eyePairs="1" irisShape="ROUND" pupilShape="ROUND" type="ANGEL"/>
      <face facialHair="ZERO_NONE" piercedNose="false" type="dsg_dragon_faceFurred"/>
      <mouth capacity="6.25" depth="2" elasticity="4" lipSize="2" piercedLip="false" plasticity="3" stretchedCapacity="6.25" virgin="true" wetness="3">
        <mouthModifiers/>
      </mouth>
      <tongue piercedTongue="false" tongueLength="3">
        <tongueModifiers STRONG="true" TAPERED="true"/>
      </tongue>
      <hair hairStyle="LOOSE" length="22" type="dsg_dragon_hair"/>
      <horn hornsPerRow="2" length="10" rows="1" type="dsg_dragon_hornCurved"/>
      <leg configuration="BIPEDAL" footStructure="DIGITIGRADE" type="dsg_dragon_legFurred"/>
      <penis capacity="0.0" depth="2" elasticity="0" girth="0" pierced="false" plasticity="3" size="0" stretchedCapacity="0.0" type="NONE" urethraVirgin="true" virgin="true">
        <penisModifiers/>
        <urethraModifiers/>
      </penis>
      <testicles cumExpulsion="60" cumRegeneration="10000" cumStorage="0" internal="false" numberOfTesticles="2" storedCum="0.0" testicleSize="0"/>
      <cum flavour="CUM" type="CUM_HUMAN">
        <cumModifiers SLIMY="true" STICKY="true"/>
      </cum>
      <spinneret capacity="1.75" depth="2" elasticity="4" plasticity="3" stretchedCapacity="1.75" virgin="true" wetness="1">
        <spinneretModifiers/>
      </spinneret>
      <torso type="dsg_dragon_torsoFurred"/>
      <tail count="1" girth="4" length="0.6" type="dsg_dragon_tailFeathered"/>
      <tentacle count="1" girth="3" length="0.0" type="NONE"/>
      <vagina capacity="3.75" clitGirth="3" clitSize="0" depth="2" eggLayer="true" elasticity="4" hymen="true" labiaSize="2" pierced="false" plasticity="3" squirter="false" stretchedCapacity="3.75" type="dsg_dragon_vagina" urethraCapacity="0.0" urethraDepth="2" urethraElasticity="0" urethraPlasticity="3" urethraStretchedCapacity="0.0" urethraVirgin="true" virgin="true" wetness="2">
        <clitModifiers/>
        <vaginaModifiers MUSCLE_CONTROL="true"/>
        <urethraModifiers/>
      </vagina>
      <girlcum flavour="GIRL_CUM" type="dsg_dragon_girlcum">
        <girlcumModifiers SLIMY="true"/>
      </girlcum>
      <wing size="0" type="NONE"/>
    </body>
    <characterInventory>
      <maxInventorySpace value="120"/>
      <money value="0"/>
      <essenceCount value="0"/>
      <dirtySlots/>
      <clothingEquipped>
        <clothing enchantmentKnown="true" id="innoxia_head_headband_bow" isDirty="false" name="bow headband" slotEquippedTo="HEAD">
          <colours>
            <colour i="0">CLOTHING_BLACK</colour>
            <colour i="1">CLOTHING_BLACK</colour>
            <colour i="2">CLOTHING_BLUE_LIGHT</colour>
          </colours>
        </clothing>
        <clothing enchantmentKnown="true" id="innoxia_neck_heart_necklace" isDirty="false" name="heart necklace" slotEquippedTo="NECK">
          <colours>
            <colour i="0">CLOTHING_BLUE_GREY</colour>
            <colour i="1">CLOTHING_ROSE_GOLD</colour>
          </colours>
        </clothing>
        <clothing enchantmentKnown="true" id="innoxia_torso_feminine_short_sleeve_shirt" isDirty="false" name="feminine short-sleeved shirt" slotEquippedTo="TORSO_UNDER">
          <colours>
            <colour i="0">CLOTHING_BLUE_LIGHT</colour>
            <colour i="1">CLOTHING_GREY</colour>
            <colour i="2">CLOTHING_WHITE</colour>
          </colours>
        </clothing>
        <clothing enchantmentKnown="true" id="CHEST_PLUNGE_BRA" isDirty="false" name="plunge bra" slotEquippedTo="CHEST">
          <colours>
            <colour i="0">CLOTHING_WHITE</colour>
          </colours>
        </clothing>
        <clothing enchantmentKnown="true" id="innoxia_finger_ring" isDirty="false" name="ring" slotEquippedTo="FINGER">
          <colours>
            <colour i="0">CLOTHING_ROSE_GOLD</colour>
          </colours>
        </clothing>
        <clothing enchantmentKnown="true" id="innoxia_leg_jeans" isDirty="false" name="jeans" slotEquippedTo="LEG">
          <colours>
            <colour i="0">CLOTHING_BLUE_GREY</colour>
            <colour i="1">CLOTHING_BRASS</colour>
          </colours>
        </clothing>
        <clothing enchantmentKnown="true" id="GROIN_PANTIES" isDirty="false" name="panties" slotEquippedTo="GROIN">
          <colours>
            <colour i="0">CLOTHING_WHITE</colour>
          </colours>
        </clothing>
        <clothing enchantmentKnown="true" id="innoxia_foot_ankle_boots" isDirty="false" name="ankle boots" slotEquippedTo="FOOT">
          <colours>
            <colour i="0">CLOTHING_GREY_LIGHT</colour>
            <colour i="1">CLOTHING_BLACK</colour>
            <colour i="2">CLOTHING_STEEL</colour>
          </colours>
        </clothing>
        <clothing enchantmentKnown="true" id="innoxia_sock_trainer_socks" isDirty="false" name="trainer socks" slotEquippedTo="SOCK">
          <colours>
            <colour i="0">CLOTHING_WHITE</colour>
          </colours>
        </clothing>
      </clothingEquipped>
      <weaponsInInventory>
        <weapon coreEnchantment="RESISTANCE_ICE" count="1" damageType="ICE" id="sage_Arcane_Arcane001" name="dull demon crystal">
          <colours>
            <colour i="0">CLOTHING_PINK_DARK</colour>
          </colours>
          <effects>
            <effect limit="0" mod1="CLOTHING_ATTRIBUTE" mod2="RESISTANCE_ICE" potency="MAJOR_BOOST" timer="2850" type="WEAPON"/>
            <effect limit="0" mod1="CLOTHING_ATTRIBUTE" mod2="RESISTANCE_ICE" potency="MAJOR_BOOST" timer="2850" type="WEAPON"/>
            <effect limit="0" mod1="CLOTHING_ATTRIBUTE" mod2="RESISTANCE_ICE" potency="MAJOR_BOOST" timer="2850" type="WEAPON"/>
            <effect limit="0" mod1="CLOTHING_ATTRIBUTE" mod2="RESISTANCE_ICE" potency="MAJOR_BOOST" timer="2850" type="WEAPON"/>
          </effects>
          <spells>
            <spell value="RAIN_CLOUD"/>
          </spells>
          <combatMoves/>
        </weapon>
      </weaponsInInventory>
    </characterInventory>
    <attributes/>
    <potionAttributes/>
    <traits/>
    <specialPerks/>
    <perks>
      <perk row="1" type="LEWD_KNOWLEDGE"/>
      <perk row="1" type="ARCANE_BASE"/>
      <perk row="1" type="PHYSICAL_BASE"/>
    </perks>
    <knownSpells>
      <spell type="SOOTHING_WATERS"/>
      <spell type="ICE_SHARD"/>
    </knownSpells>
    <spellUpgrades/>
    <spellUpgradePoints>
      <upgradeEntry points="0" school="EARTH"/>
      <upgradeEntry points="0" school="WATER"/>
      <upgradeEntry points="0" school="AIR"/>
      <upgradeEntry points="0" school="FIRE"/>
      <upgradeEntry points="0" school="ARCANE"/>
    </spellUpgradePoints>
    <fetishes/>
    <fetishDesire/>
    <fetishExperience/>
    <statusEffects>
      <statusEffect lta="78450" sp="4410" sr="-1" type="AROUSAL_PERK_0"/>
      <statusEffect lta="78450" sp="4410" sr="-1" type="LUST_PERK_0"/>
      <statusEffect lta="78450" sp="4410" sr="-1" type="COMPANIONS_LEAVING"/>
      <statusEffect lta="78450" sp="4410" sr="-1" type="ORIENTATION_ANDROPHILIC"/>
      <statusEffect lta="78450" sp="3600" sr="-1" type="WEATHER_STORM_PROTECTED"/>
      <statusEffect lta="78450" sp="0" sr="-1" type="PHYSIQUE_PERK_4"/>
      <statusEffect lta="78450" sp="0" sr="-1" type="INTELLIGENCE_PERK_4"/>
      <statusEffect lta="78450" sp="0" sr="-1" type="SUBSPECIES_BONUS"/>
      <statusEffect lta="78450" sp="0" sr="-1" type="CORRUPTION_PERK_0"/>
    </statusEffects>
    <knownMoves/>
    <equippedMoves>
      <move type="BASIC_STRIKE"/>
      <move type="BASIC_TWIN_STRIKE"/>
      <move type="BASIC_BLOCK"/>
      <move type="BASIC_TEASE"/>
      <move type="BASIC_TEASE_BLOCK"/>
    </equippedMoves>
    <characterRelationships/>
    <pregnancy littersGenerated="0" timeProgressedToFinalPregnancyStage="1"/>
    <family>
      <motherId value=""/>
      <motherName value="???"/>
      <motherFemininity value="FEMININE"/>
      <motherSubspecies value="HUMAN"/>
      <fatherId value=""/>
      <fatherName value="???"/>
      <fatherFemininity value="MASCULINE"/>
      <fatherSubspecies value="HUMAN"/>
      <yearOfConception value="1998"/>
      <monthOfConception value="NOVEMBER"/>
      <dayOfConception value="15"/>
    </family>
    <slavery>
      <slavesOwned/>
      <owner value=""/>
    </slavery>
    <companions>
      <companionsFollowing/>
      <partyLeader value=""/>
      <maxCompanions value="1"/>
    </companions>
    <sexStats>
      <fluidsStoredMap>
        <entry orifice="NIPPLE"/>
        <entry orifice="URETHRA_PENIS"/>
        <entry orifice="ANUS"/>
        <entry orifice="NIPPLE_CROTCH"/>
        <entry orifice="VAGINA"/>
        <entry orifice="MOUTH"/>
        <entry orifice="SPINNERET"/>
        <entry orifice="URETHRA_VAGINA"/>
      </fluidsStoredMap>
      <daysOrgasmCount value="0"/>
      <daysOrgasmCountRecord value="0"/>
      <totalOrgasmCount value="0"/>
      <sexPartners>
        <sexCount asDom="0" asSub="0" consensual="0" id="unknown">
          <sexType other="FINGER" participant="NORMAL" self="PENIS" sex="0"/>
          <sexType other="MOUTH" participant="NORMAL" self="PENIS" sex="0"/>
        </sexCount>
      </sexPartners>
      <virginityLosses/>
    </sexStats>
    <addictionsCore alcoholLevel="0.0">
      <addictions/>
      <psychoactiveFluids/>
    </addictionsCore>
    <playerSpecific>
      <title value="The Human"/>
      <karma value="0"/>
      <questUpdates/>
      <mainQuestUpdated value="true"/>
      <sideQuestUpdated value="false"/>
      <relationshipQuestUpdated value="false"/>
      <raceBooksDiscovered/>
      <charactersEncountered>
        <id value="-1,Lilaya"/>
        <id value="-1,Rose"/>
      </charactersEncountered>
      <questMap>
        <entry q0="MAIN_PROLOGUE" q1="MAIN_1_A_LILAYAS_TESTS" questLine="MAIN"/>
      </questMap>
      <questFailedMap/>
      <friendlyOccupants/>
      <worldsVisited>
        <world id="MUSEUM"/>
        <world id="LILAYAS_HOUSE_FIRST_FLOOR"/>
      </worldsVisited>
      <itemsDiscovered>
        <type>SPELL_BOOK_ICE_SHARD</type>
        <type>SPELL_BOOK_SLAM</type>
        <type>SPELL_BOOK_SOOTHING_WATERS</type>
      </itemsDiscovered>
      <weaponsDiscovered>
        <type>sage_Arcane_Arcane001</type>
        <type>innoxia_crystal_rare</type>
      </weaponsDiscovered>
      <clothingDiscovered>
        <type>innoxia_head_headband_bow</type>
        <type>WRIST_WOMENS_WATCH</type>
        <type>innoxia_foot_ankle_boots</type>
        <type>innoxia_leg_jeans</type>
        <type>innoxia_torso_feminine_short_sleeve_shirt</type>
        <type>innoxia_finger_ring</type>
        <type>innoxia_neck_heart_necklace</type>
      </clothingDiscovered>
      <racesDiscovered>
        <race>HALF_DEMON</race>
        <race>CAT_MORPH</race>
        <race>HUMAN</race>
      </racesDiscovered>
      <racesDiscoveredAdvanced/>
    </playerSpecific>
  </character>
</playerCharacter>
