<?xml version="1.0" encoding="UTF-8" standalone="no"?>
<playerCharacter>
  <character>
    <!--If you want to edit any of these values, just be warned that it might break the game...-->
    <core>
      <id value="PlayerCharacter"/>
      <pathName value="com.lilithsthrone.game.character.PlayerCharacter"/>
      <name nameAndrogynous="Lavender" nameFeminine="Lavender" nameMasculine="Lavender"/>
      <surname value=""/>
      <genericName value=""/>
      <description value="Having been pulled into an enchanted mirror in your aunt Lily's museum, you woke up to find yourself in another world. By a stroke of good fortune, one of the first people you met was Lilaya; this world's version of your aunt. Having convinced her that your story is true, you're now working towards finding a way to get back to your old world."/>
      <playerKnowsName value="true"/>
      <playerOnFirstNameTerms value="false"/>
      <raceConcealed value="false"/>
      <level value="3"/>
      <ageAppearanceDifference value="-3"/>
      <yearOfBirth value="1999"/>
      <monthOfBirth value="SEPTEMBER"/>
      <dayOfBirth value="28"/>
      <version value="0.4.1.1"/>
      <history value="UNEMPLOYED"/>
      <elemental value=""/>
      <elementalSummoned value="false"/>
      <combatBehaviour value="BALANCED"/>
      <lastTimeHadSex value="-1"/>
      <lastTimeOrgasmed value="-1"/>
      <desiredJobs/>
      <petNames/>
      <personality>
        <trait>BRAVE</trait>
      </personality>
      <sexualOrientation value="AMBIPHILIC"/>
      <obedience value="0.0"/>
      <genderIdentity value="F_P_V_B_FUTANARI"/>
      <foughtPlayerCount value="0"/>
      <lostCombatCount value="0"/>
      <wonCombatCount value="0"/>
      <experience value="0"/>
      <perkPoints value="0"/>
      <perkCategoryPoints/>
      <health value="50.0"/>
      <mana value="6.0"/>
      <areasKnownByCharacters>
        <area type="ASS">
          <character id="PlayerCharacter"/>
        </area>
        <area type="ANUS">
          <character id="PlayerCharacter"/>
        </area>
        <area type="VAGINA">
          <character id="PlayerCharacter"/>
        </area>
        <area type="MOUND">
          <character id="PlayerCharacter"/>
        </area>
        <area type="PENIS">
          <character id="PlayerCharacter"/>
        </area>
        <area type="TESTICLES">
          <character id="PlayerCharacter"/>
        </area>
        <area type="BREASTS">
          <character id="PlayerCharacter"/>
        </area>
        <area type="NIPPLES">
          <character id="PlayerCharacter"/>
        </area>
        <area type="MOUTH">
          <character id="PlayerCharacter"/>
        </area>
      </areasKnownByCharacters>
    </core>
    <locationInformation>
      <worldLocation value="LILAYAS_HOUSE_FIRST_FLOOR"/>
      <homeWorldLocation value="EMPTY"/>
      <location x="4" y="3"/>
      <homeLocation x="0" y="1"/>
      <globalLocation x="20" y="17"/>
    </locationInformation>
    <body>
      <bodyCore bodyMaterial="FLESH" bodySize="30" femininity="70" feral="false" genitalArrangement="NORMAL" height="150" muscle="20" piercedStomach="true" pubicHair="THREE_TRIMMED" takesAfterMother="true" version="0.4.1.1">
        <bodyCovering c1="COVERING_BLONDE" c2="COVERING_BLACK" modifier="SMOOTH" pattern="STRIPED" type="mintychip_bee_chitin"/>
        <bodyCovering c1="SKIN_LIGHT" c2="SKIN_LIGHT" modifier="SMOOTH" pattern="NONE" type="HUMAN"/>
        <bodyCovering c1="COVERING_BLONDE" c2="COVERING_BLACK" modifier="SMOOTH" pattern="STRIPED" type="RABBIT_FUR"/>
        <bodyCovering c1="SKIN_EBONY" c2="ORIFICE_INTERIOR" modifier="SMOOTH" pattern="NONE" type="PENIS"/>
        <bodyCovering c1="SKIN_AMBER" c2="ORIFICE_INTERIOR" modifier="SMOOTH" pattern="ORIFICE_ANUS" type="ANUS"/>
        <bodyCovering c1="SKIN_AMBER" c2="ORIFICE_INTERIOR" modifier="SMOOTH" pattern="ORIFICE_MOUTH" type="MOUTH"/>
        <bodyCovering c1="SKIN_EBONY" c2="ORIFICE_INTERIOR" modifier="SMOOTH" pattern="ORIFICE_NIPPLE" type="NIPPLES"/>
        <bodyCovering c1="SKIN_DARK" c2="ORIFICE_INTERIOR" modifier="SMOOTH" pattern="ORIFICE_NIPPLE_CROTCH" type="NIPPLES_CROTCH"/>
        <bodyCovering c1="SKIN_AMBER" c2="ORIFICE_INTERIOR" modifier="SMOOTH" pattern="ORIFICE_VAGINA" type="VAGINA"/>
        <bodyCovering c1="SKIN_DARK" c2="ORIFICE_INTERIOR" modifier="SMOOTH" pattern="ORIFICE_SPINNERET" type="SPINNERET"/>
        <bodyCovering c1="COVERING_BLACK" c2="COVERING_BROWN" modifier="SMOOTH" pattern="NONE" type="ANTENNA"/>
        <bodyCovering c1="COVERING_BLACK" c2="COVERING_WHITE" modifier="SMOOTH" pattern="NONE" type="HORN"/>
        <bodyCovering c1="SKIN_AMBER" c2="ORIFICE_INTERIOR" modifier="SMOOTH" pattern="NONE" type="TONGUE"/>
        <bodyCovering c1="COVERING_BROWN_DARK" c2="COVERING_BROWN" modifier="SMOOTH" pattern="NONE" type="HAIR_HUMAN"/>
        <bodyCovering c1="COVERING_AMBER" c2="COVERING_BLACK" modifier="FURRY" pattern="STRIPED" type="HAIR_RABBIT_FUR"/>
        <bodyCovering c1="COVERING_BROWN_DARK" c2="COVERING_BROWN" modifier="COARSE" pattern="NONE" type="BODY_HAIR_HUMAN"/>
        <bodyCovering c1="COVERING_AMBER" c2="COVERING_BLACK" modifier="FURRY" pattern="STRIPED" type="BODY_HAIR_RABBIT_FUR"/>
        <bodyCovering c1="EYE_HAZEL" c2="EYE_BROWN" modifier="EYE" pattern="EYE_IRISES" type="EYE_HUMAN"/>
        <bodyCovering c1="EYE_AMBER" c2="EYE_GOLD" modifier="EYE" pattern="EYE_IRISES_HETEROCHROMATIC" type="EYE_RABBIT"/>
        <bodyCovering c1="EYE_BLACK" c2="EYE_BLACK" modifier="EYE" pattern="EYE_PUPILS" type="EYE_PUPILS"/>
        <bodyCovering c1="EYE_BLACK" c2="EYE_WHITE" modifier="EYE" pattern="EYE_SCLERA" type="EYE_SCLERA"/>
        <bodyCovering c1="COVERING_WHITE" c2="COVERING_WHITE" modifier="FLUID" pattern="FLUID" type="CUM"/>
        <bodyCovering c1="COVERING_CLEAR" c2="COVERING_CLEAR" modifier="FLUID" pattern="FLUID" type="GIRL_CUM"/>
        <bodyCovering c1="COVERING_WHITE" c2="COVERING_WHITE" modifier="FLUID" pattern="FLUID" type="MILK"/>
      </bodyCore>
      <antennae antennaePerRow="2" length="10" rows="1" type="mintychip_bee_antenna"/>
      <arm rows="1" type="RABBIT_MORPH" underarmHair="ZERO_NONE"/>
      <ass assSize="4" hipSize="4" type="RABBIT_MORPH"/>
      <anus assHair="TWO_MANICURED" bleached="false" capacity="3.0" depth="2" elasticity="3" plasticity="3" stretchedCapacity="3.0" virgin="true" wetness="0">
        <anusModifiers/>
      </anus>
      <breasts milkRegeneration="1" milkStorage="30" nippleCountPerBreast="1" rows="1" shape="PERKY" size="6" storedMilk="30.0" type="RABBIT_MORPH"/>
      <nipples areolaeShape="NORMAL" areolaeSize="2" capacity="1.0" depth="2" elasticity="3" nippleShape="NORMAL" nippleSize="0" pierced="false" plasticity="3" stretchedCapacity="1.0" virgin="true">
        <nippleModifiers/>
      </nipples>
      <milk flavour="HONEY" type="MILK_RABBIT_MORPH">
        <milkModifiers STICKY="true" VISCOUS="true"/>
      </milk>
      <breastsCrotch milkRegeneration="500" milkStorage="0" nippleCountPerBreast="1" rows="1" shape="ROUND" size="0" storedMilk="0.0" type="NONE"/>
      <nipplesCrotch areolaeShape="NORMAL" areolaeSize="1" capacity="0.0" depth="2" elasticity="0" nippleShape="NORMAL" nippleSize="1" pierced="false" plasticity="0" stretchedCapacity="0.0" virgin="true">
        <nippleModifiers/>
      </nipplesCrotch>
      <milkCrotch flavour="MILK" type="MILK_HUMAN">
        <milkModifiers/>
      </milkCrotch>
      <ear pierced="true" type="RABBIT_MORPH"/>
      <eye eyePairs="1" irisShape="ROUND" pupilShape="ROUND" type="RABBIT_MORPH"/>
      <face facialHair="ZERO_NONE" piercedNose="false" type="RABBIT_MORPH"/>
      <mouth capacity="10.0" depth="2" elasticity="4" lipSize="1" piercedLip="false" plasticity="3" stretchedCapacity="10.0" virgin="true" wetness="4">
        <mouthModifiers/>
      </mouth>
      <tongue piercedTongue="false" tongueLength="16">
        <tongueModifiers RIBBED="true"/>
      </tongue>
      <hair hairStyle="PONYTAIL" length="18" type="RABBIT_MORPH"/>
      <horn hornsPerRow="2" length="1" rows="1" type="NONE"/>
      <leg configuration="BIPEDAL" footStructure="PLANTIGRADE" type="RABBIT_MORPH"/>
      <penis capacity="0.0" depth="2" elasticity="0" girth="2" pierced="false" plasticity="3" size="11" stretchedCapacity="0.0" type="RABBIT_MORPH" urethraVirgin="true" virgin="false">
        <penisModifiers SHEATHED="true" TAPERED="true"/>
        <urethraModifiers/>
      </penis>
      <testicles cumExpulsion="60" cumRegeneration="10000" cumStorage="0" internal="false" numberOfTesticles="2" storedCum="0.0" testicleSize="0"/>
      <cum flavour="HONEY" type="CUM_RABBIT_MORPH">
        <cumModifiers SLIMY="true" STICKY="true" VISCOUS="true"/>
      </cum>
      <spinneret capacity="1.75" depth="2" elasticity="4" plasticity="3" stretchedCapacity="1.75" virgin="true" wetness="1">
        <spinneretModifiers/>
      </spinneret>
      <torso type="RABBIT_MORPH"/>
      <tail count="1" girth="6" length="0.3" type="mintychip_bee_tail"/>
      <tentacle count="1" girth="3" length="0.0" type="NONE"/>
      <vagina capacity="3.0" clitGirth="3" clitSize="0" depth="2" eggLayer="false" elasticity="4" hymen="true" labiaSize="2" pierced="false" plasticity="3" squirter="false" stretchedCapacity="3.0" type="RABBIT_MORPH" urethraCapacity="0.0" urethraDepth="2" urethraElasticity="0" urethraPlasticity="3" urethraStretchedCapacity="0.0" urethraVirgin="true" virgin="true" wetness="2">
        <clitModifiers/>
        <vaginaModifiers/>
        <urethraModifiers/>
      </vagina>
      <girlcum flavour="HONEY" type="GIRL_CUM_RABBIT_MORPH">
        <girlcumModifiers SLIMY="true" STICKY="true" VISCOUS="true"/>
      </girlcum>
      <wing size="3" type="mintychip_bee_wing"/>
    </body>
    <characterInventory>
      <maxInventorySpace value="120"/>
      <money value="7725"/>
      <essenceCount value="42"/>
      <dirtySlots/>
      <mainWeapon0>
        <weapon coreEnchantment="DAMAGE_FIRE" damageType="FIRE" id="innoxia_crystal_rare" name="opaque demonstone">
          <effects/>
          <spells>
            <spell value="FIREBALL"/>
          </spells>
          <combatMoves/>
        </weapon>
      </mainWeapon0>
      <clothingEquipped>
        <clothing enchantmentKnown="true" id="innoxia_head_headband_bow" isDirty="false" name="bow headband" slotEquippedTo="HEAD">
          <colours>
            <colour i="0">CLOTHING_GREY_DARK</colour>
            <colour i="1">CLOTHING_GREY</colour>
            <colour i="2">CLOTHING_RED</colour>
          </colours>
        </clothing>
        <clothing enchantmentKnown="true" id="innoxia_neck_heart_necklace" isDirty="false" name="heart necklace" slotEquippedTo="NECK">
          <colours>
            <colour i="0">CLOTHING_BLACK_STEEL</colour>
            <colour i="1">CLOTHING_STEEL</colour>
          </colours>
        </clothing>
        <clothing enchantmentKnown="true" id="innoxia_torso_blouse" isDirty="false" name="blouse" slotEquippedTo="TORSO_UNDER">
          <colours>
            <colour i="0">CLOTHING_BLUE_GREY</colour>
          </colours>
          <stickers>
            <sticker category="nametag">none</sticker>
          </stickers>
        </clothing>
        <clothing enchantmentKnown="true" id="innoxia_chest_lacy_plunge_bra" isDirty="false" name="lacy plunge bra" slotEquippedTo="CHEST">
          <colours>
            <colour i="0">CLOTHING_BROWN</colour>
          </colours>
        </clothing>
        <clothing enchantmentKnown="true" id="WRIST_BANGLE" isDirty="false" name="bangle" slotEquippedTo="WRIST">
          <colours>
            <colour i="0">CLOTHING_STEEL</colour>
          </colours>
        </clothing>
        <clothing enchantmentKnown="true" id="innoxia_finger_ring" isDirty="false" name="ring" slotEquippedTo="FINGER">
          <colours>
            <colour i="0">CLOTHING_GOLD</colour>
          </colours>
        </clothing>
        <clothing enchantmentKnown="true" id="innoxia_leg_skirt" isDirty="false" name="skirt" slotEquippedTo="LEG">
          <colours>
            <colour i="0">CLOTHING_DESATURATED_BROWN</colour>
          </colours>
        </clothing>
        <clothing enchantmentKnown="true" id="GROIN_PANTIES" isDirty="false" name="panties" slotEquippedTo="GROIN">
          <colours>
            <colour i="0">CLOTHING_PURPLE_ROYAL</colour>
          </colours>
        </clothing>
        <clothing enchantmentKnown="true" id="innoxia_foot_low_top_skater_shoes" isDirty="false" name="low-top skater shoes" slotEquippedTo="FOOT">
          <colours>
            <colour i="0">CLOTHING_BROWN_VERY_DARK</colour>
            <colour i="1">CLOTHING_WHITE</colour>
            <colour i="2">CLOTHING_STEEL</colour>
          </colours>
        </clothing>
        <clothing enchantmentKnown="true" id="innoxia_sock_thighhigh_socks" isDirty="false" name="thigh-high socks" slotEquippedTo="SOCK">
          <colours>
            <colour i="0">CLOTHING_PURPLE</colour>
          </colours>
        </clothing>
        <clothing enchantmentKnown="true" id="innoxia_piercing_ear_ring" isDirty="false" name="earrings" slotEquippedTo="PIERCING_EAR">
          <colours>
            <colour i="0">CLOTHING_IRON</colour>
            <colour i="1">CLOTHING_STEEL</colour>
          </colours>
        </clothing>
        <clothing enchantmentKnown="true" id="innoxia_piercing_gemstone_barbell" isDirty="false" name="navel gem barbell" slotEquippedTo="PIERCING_STOMACH">
          <colours>
            <colour i="0">CLOTHING_STEEL</colour>
            <colour i="1">CLOTHING_WHITE</colour>
          </colours>
        </clothing>
      </clothingEquipped>
    </characterInventory>
    <attributes>
      <attribute type="HEALTH_MAXIMUM" value="1.0"/>
      <attribute type="MANA_MAXIMUM" value="1.0"/>
    </attributes>
    <potionAttributes/>
    <traits/>
    <specialPerks/>
    <perks>
      <perk row="1" type="LEWD_KNOWLEDGE"/>
      <perk row="1" type="ARCANE_BASE"/>
      <perk row="1" type="PHYSICAL_BASE"/>
    </perks>
    <knownSpells/>
    <spellUpgrades/>
    <spellUpgradePoints>
      <upgradeEntry points="0" school="EARTH"/>
      <upgradeEntry points="0" school="WATER"/>
      <upgradeEntry points="0" school="AIR"/>
      <upgradeEntry points="0" school="FIRE"/>
      <upgradeEntry points="0" school="ARCANE"/>
    </spellUpgradePoints>
    <fetishes/>
    <fetishDesire/>
    <fetishExperience>
      <entry experience="13" fetish="FETISH_VAGINAL_GIVING"/>
      <entry experience="5" fetish="FETISH_MASTURBATION"/>
      <entry experience="22" fetish="FETISH_BREASTS_OTHERS"/>
    </fetishExperience>
    <statusEffects>
      <statusEffect lta="74040" sp="0" sr="-1" type="CORRUPTION_PERK_0"/>
      <statusEffect lta="74040" sp="0" sr="-1" type="AROUSAL_PERK_0"/>
      <statusEffect lta="74040" sp="0" sr="-1" type="LUST_PERK_0"/>
      <statusEffect lta="74040" sp="0" sr="-1" type="ORIENTATION_AMBIPHILIC"/>
      <statusEffect lta="74040" sp="0" sr="-1" type="COMPANIONS_LEAVING"/>
      <statusEffect lta="74040" sp="0" sr="7920" type="RECOVERING_AURA"/>
      <statusEffect lta="74040" sp="0" sr="-1" type="MILK_FULL"/>
      <statusEffect lta="74040" sp="0" sr="-1" type="WEATHER_STORM_PROTECTED"/>
      <statusEffect lta="74040" sp="0" sr="-1" type="SUBSPECIES_BONUS"/>
      <statusEffect lta="74040" sp="0" sr="-1" type="PHYSIQUE_PERK_1"/>
      <statusEffect lta="74040" sp="0" sr="-1" type="INTELLIGENCE_PERK_1"/>
    </statusEffects>
    <knownMoves/>
    <equippedMoves>
      <move type="BASIC_STRIKE"/>
      <move type="BASIC_TWIN_STRIKE"/>
      <move type="BASIC_BLOCK"/>
      <move type="BASIC_TEASE"/>
      <move type="BASIC_TEASE_BLOCK"/>
    </equippedMoves>
    <characterRelationships/>
    <pregnancy littersGenerated="0" timeProgressedToFinalPregnancyStage="1"/>
    <family>
      <motherId value=""/>
      <motherName value="???"/>
      <motherFemininity value="FEMININE"/>
      <motherSubspecies value="HUMAN"/>
      <fatherId value=""/>
      <fatherName value="???"/>
      <fatherFemininity value="MASCULINE"/>
      <fatherSubspecies value="HUMAN"/>
      <yearOfConception value="1998"/>
      <monthOfConception value="DECEMBER"/>
      <dayOfConception value="22"/>
    </family>
    <slavery>
      <slavesOwned/>
      <owner value=""/>
    </slavery>
    <companions>
      <companionsFollowing/>
      <partyLeader value=""/>
      <maxCompanions value="1"/>
    </companions>
    <sexStats>
      <fluidsStoredMap>
        <entry orifice="NIPPLE"/>
        <entry orifice="URETHRA_PENIS"/>
        <entry orifice="ANUS"/>
        <entry orifice="NIPPLE_CROTCH"/>
        <entry orifice="VAGINA"/>
        <entry orifice="MOUTH"/>
        <entry orifice="SPINNERET"/>
        <entry orifice="URETHRA_VAGINA"/>
      </fluidsStoredMap>
      <daysOrgasmCount value="0"/>
      <daysOrgasmCountRecord value="0"/>
      <totalOrgasmCount value="0"/>
      <sexPartners/>
      <virginityLosses/>
    </sexStats>
    <addictionsCore alcoholLevel="0.0">
      <addictions/>
      <psychoactiveFluids/>
    </addictionsCore>
    <playerSpecific>
      <title value="The Human"/>
      <karma value="0"/>
      <questUpdates/>
      <mainQuestUpdated value="true"/>
      <sideQuestUpdated value="false"/>
      <relationshipQuestUpdated value="false"/>
      <raceBooksDiscovered/>
      <charactersEncountered>
        <id value="-1,Lilaya"/>
        <id value="-1,Rose"/>
      </charactersEncountered>
      <questMap>
        <entry q0="MAIN_PROLOGUE" q1="MAIN_1_A_LILAYAS_TESTS" questLine="MAIN"/>
      </questMap>
      <questFailedMap/>
      <friendlyOccupants/>
      <worldsVisited>
        <world id="LILAYAS_HOUSE_FIRST_FLOOR"/>
        <world id="MUSEUM_LOST"/>
        <world id="SHOPPING_ARCADE"/>
      </worldsVisited>
      <itemsDiscovered/>
      <weaponsDiscovered>
        <type>innoxia_crystal_rare</type>
      </weaponsDiscovered>
      <clothingDiscovered/>
      <racesDiscovered>
        <race>HALF_DEMON</race>
        <race>CAT_MORPH</race>
        <race>HUMAN</race>
      </racesDiscovered>
      <racesDiscoveredAdvanced/>
    </playerSpecific>
  </character>
</playerCharacter>
