<?xml version="1.0" encoding="UTF-8" standalone="no"?>
<playerCharacter>
  <character>
    <!--If you want to edit any of these values, just be warned that it might break the game...-->
    <core>
      <id value="PlayerCharacter"/>
      <pathName value="com.lilithsthrone.game.character.PlayerCharacter"/>
      <name nameAndrogynous="Lavender" nameFeminine="Lavender" nameMasculine="Lavender"/>
      <surname value=""/>
      <description value="Having been pulled into an enchanted mirror in your aunt Lily's museum, you woke up to find yourself in another world. By a stroke of good fortune, one of the first people you met was Lilaya; this world's version of your aunt. Having convinced her that your story is true, you're now working towards finding a way to get back to your old world."/>
      <playerPetName value=""/>
      <playerKnowsName value="true"/>
      <level value="2"/>
      <version value="0.2.5.8"/>
      <history value="UNEMPLOYED"/>
      <elemental value=""/>
      <personality>
        <personalityEntry trait="EXTROVERSION" weight="AVERAGE"/>
        <personalityEntry trait="ADVENTUROUSNESS" weight="HIGH"/>
        <personalityEntry trait="NEUROTICISM" weight="AVERAGE"/>
        <personalityEntry trait="CONSCIENTIOUSNESS" weight="LOW"/>
        <personalityEntry trait="AGREEABLENESS" weight="AVERAGE"/>
      </personality>
      <sexualOrientation value="AMBIPHILIC"/>
      <obedience value="0.0"/>
      <genderIdentity value="M_P_MALE"/>
      <foughtPlayerCount value="0"/>
      <experience value="15"/>
      <perkPoints value="0"/>
      <health value="42.0"/>
      <mana value="24.36523"/>
      <playerKnowsAreas>
        <area type="VAGINA"/>
        <area type="STOMACH"/>
        <area type="MOUTH"/>
        <area type="TESTICLES"/>
        <area type="NIPPLES"/>
        <area type="ANUS"/>
        <area type="ASS"/>
        <area type="LEGS"/>
        <area type="BREASTS"/>
        <area type="THIGHS"/>
        <area type="BACK"/>
        <area type="PENIS"/>
        <area type="MOUND"/>
        <area type="HAIR"/>
      </playerKnowsAreas>
    </core>
    <locationInformation>
      <worldLocation value="SHOPPING_ARCADE"/>
      <homeWorldLocation value="EMPTY"/>
      <location x="1" y="2"/>
      <homeLocation x="0" y="1"/>
    </locationInformation>
    <body>
      <bodyCore bodyMaterial="FLESH" bodySize="30" femininity="70" genitalArrangement="NORMAL" height="150" muscle="20" piercedStomach="true" pubicHair="THREE_TRIMMED">
        <bodyCovering colourPrimary="SKIN_LIGHT" colourSecondary="SKIN_LIGHT" discovered="true" modifier="SMOOTH" pattern="NONE" type="HUMAN"/>
        <bodyCovering colourPrimary="COVERING_BLONDE" colourSecondary="COVERING_BLACK" discovered="true" modifier="SMOOTH" pattern="STRIPED" type="RABBIT_FUR"/>
        <bodyCovering colourPrimary="SKIN_EBONY" colourSecondary="ORIFICE_INTERIOR" discovered="true" modifier="SMOOTH" pattern="NONE" type="PENIS"/>
        <bodyCovering colourPrimary="SKIN_AMBER" colourSecondary="ORIFICE_INTERIOR" discovered="true" modifier="SMOOTH" pattern="ORIFICE_ANUS" type="ANUS"/>
        <bodyCovering colourPrimary="SKIN_AMBER" colourSecondary="ORIFICE_INTERIOR" discovered="true" modifier="SMOOTH" pattern="ORIFICE_MOUTH" type="MOUTH"/>
        <bodyCovering colourPrimary="SKIN_EBONY" colourSecondary="ORIFICE_INTERIOR" discovered="true" modifier="SMOOTH" pattern="ORIFICE_NIPPLE" type="NIPPLES"/>
        <bodyCovering colourPrimary="SKIN_AMBER" colourSecondary="ORIFICE_INTERIOR" discovered="true" modifier="SMOOTH" pattern="ORIFICE_VAGINA" type="VAGINA"/>
        <bodyCovering colourPrimary="SKIN_AMBER" colourSecondary="ORIFICE_INTERIOR" discovered="true" modifier="SMOOTH" pattern="NONE" type="TONGUE"/>
        <bodyCovering colourPrimary="COVERING_BROWN_DARK" colourSecondary="COVERING_BROWN" discovered="true" modifier="SMOOTH" pattern="NONE" type="HAIR_HUMAN"/>
        <bodyCovering colourPrimary="COVERING_AMBER" colourSecondary="COVERING_BLACK" discovered="true" modifier="FURRY" pattern="STRIPED" type="HAIR_RABBIT_FUR"/>
        <bodyCovering colourPrimary="COVERING_BROWN_DARK" colourSecondary="COVERING_BROWN" discovered="true" modifier="COARSE" pattern="NONE" type="BODY_HAIR_HUMAN"/>
        <bodyCovering colourPrimary="COVERING_AMBER" colourSecondary="COVERING_BLACK" discovered="true" modifier="FURRY" pattern="STRIPED" type="BODY_HAIR_RABBIT_FUR"/>
        <bodyCovering colourPrimary="EYE_HAZEL" colourSecondary="EYE_BROWN" discovered="true" modifier="EYE" pattern="EYE_IRISES" type="EYE_HUMAN"/>
        <bodyCovering colourPrimary="EYE_AMBER" colourSecondary="EYE_GOLD" discovered="true" modifier="EYE" pattern="EYE_IRISES_HETEROCHROMATIC" type="EYE_RABBIT"/>
        <bodyCovering colourPrimary="EYE_BLACK" colourSecondary="EYE_WHITE" discovered="true" modifier="EYE" pattern="EYE_SCLERA" type="EYE_SCLERA"/>
      </bodyCore>
      <antennae rows="0" type="NONE"/>
      <arm rows="1" type="RABBIT_MORPH" underarmHair="ZERO_NONE"/>
      <ass assSize="4" hipSize="4" type="RABBIT_MORPH"/>
      <anus assHair="TWO_MANICURED" bleached="false" capacity="3.0" elasticity="3" plasticity="3" stretchedCapacity="3.0" virgin="true" wetness="0">
        <anusModifiers MUSCLE_CONTROL="false" PUFFY="false" RIBBED="false" TENTACLED="false"/>
      </anus>
      <breasts milkRegeneration="1" milkStorage="30" nippleCountPerBreast="1" rows="1" shape="PERKY" size="6" storedMilk="30" type="RABBIT_MORPH"/>
      <nipples areolaeShape="NORMAL" areolaeSize="2" capacity="1.0" elasticity="3" nippleShape="NORMAL" nippleSize="0" pierced="false" plasticity="3" stretchedCapacity="1.0" virgin="true">
        <nippleModifiers MUSCLE_CONTROL="false" PUFFY="false" RIBBED="false" TENTACLED="false"/>
      </nipples>
      <milk flavour="HONEY" type="MILK_RABBIT_MORPH">
        <milkModifiers ADDICTIVE="false" ALCOHOLIC="false" BUBBLING="false" HALLUCINOGENIC="false" MUSKY="false" SLIMY="false" STICKY="true" VISCOUS="true"/>
      </milk>
      <ear pierced="true" type="RABBIT_MORPH"/>
      <eye eyePairs="1" irisShape="ROUND" pupilShape="ROUND" type="RABBIT_MORPH"/>
      <face facialHair="ZERO_NONE" piercedNose="false" type="RABBIT_MORPH"/>
      <mouth capacity="10.0" elasticity="4" lipSize="1" piercedLip="false" plasticity="3" stretchedCapacity="10.0" virgin="true" wetness="4">
        <mouthModifiers MUSCLE_CONTROL="false" PUFFY="false" RIBBED="false" TENTACLED="false"/>
      </mouth>
      <tongue piercedTongue="false" tongueLength="16">
        <tongueModifiers BIFURCATED="false" RIBBED="true" TENTACLED="false"/>
      </tongue>
      <hair hairStyle="PONYTAIL" length="18" type="RABBIT_MORPH"/>
      <horn length="1" rows="1" type="NONE"/>
      <leg type="RABBIT_MORPH"/>
      <penis capacity="0.0" elasticity="0" girth="1" pierced="false" plasticity="3" size="11" stretchedCapacity="0.0" type="RABBIT_MORPH" urethraVirgin="true" virgin="false">
        <penisModifiers BARBED="false" BLUNT="false" FLARED="false" KNOTTED="false" PREHENSILE="false" RIBBED="false" SHEATHED="true" TAPERED="true" TENTACLED="false" VEINY="false"/>
        <urethraModifiers MUSCLE_CONTROL="false" PUFFY="false" RIBBED="false" TENTACLED="false"/>
      </penis>
      <testicles cumProduction="0" internal="false" numberOfTesticles="2" testicleSize="0"/>
      <cum flavour="HONEY" type="CUM_RABBIT_MORPH">
        <cumModifiers ADDICTIVE="false" ALCOHOLIC="false" BUBBLING="false" HALLUCINOGENIC="false" MUSKY="false" SLIMY="true" STICKY="true" VISCOUS="true"/>
      </cum>
      <skin type="RABBIT_MORPH"/>
      <tail count="1" type="RABBIT_MORPH"/>
      <vagina capacity="3.0" clitSize="0" elasticity="4" labiaSize="2" pierced="false" plasticity="3" squirter="false" stretchedCapacity="3.0" type="RABBIT_MORPH" urethraCapacity="0.0" urethraElasticity="0" urethraPlasticity="3" urethraStretchedCapacity="0.0" urethraVirgin="true" virgin="true" wetness="2">
        <vaginaModifiers MUSCLE_CONTROL="false" PUFFY="false" RIBBED="false" TENTACLED="false"/>
        <urethraModifiers MUSCLE_CONTROL="false" PUFFY="false" RIBBED="false" TENTACLED="false"/>
      </vagina>
      <girlcum flavour="HONEY" type="GIRL_CUM_HUMAN">
        <girlcumModifiers ADDICTIVE="false" ALCOHOLIC="false" BUBBLING="false" HALLUCINOGENIC="false" MUSKY="false" SLIMY="true" STICKY="true" VISCOUS="true"/>
      </girlcum>
      <wing size="0" type="NONE"/>
    </body>
    <characterInventory>
      <maxInventorySpace value="120"/>
      <money value="7725"/>
      <essences value="42"/>
      <mainWeapon>
        <weapon coreEnchantment="DAMAGE_FIRE" damageType="FIRE" id="MELEE_CHAOS_RARE">
          <attributeModifiers>
            <modifier attribute="DAMAGE_FIRE" value="5"/>
          </attributeModifiers>
          <spells>
            <spell value="FIREBALL"/>
          </spells>
        </weapon>
      </mainWeapon>
      <clothingEquipped>
        <clothing colour="CLOTHING_PINK_LIGHT" colourSecondary="CLOTHING_BLACK" colourTertiary="CLOTHING_BLACK" enchantmentKnown="true" id="HEAD_HEADBAND_BOW" isDirty="false" name="bow headband">
          <effects/>
          <displacedList/>
        </clothing>
        <clothing colour="CLOTHING_ROSE_GOLD" colourSecondary="CLOTHING_BLACK" colourTertiary="CLOTHING_BLACK" enchantmentKnown="true" id="NECK_HEART_NECKLACE" isDirty="false" name="heart necklace">
          <effects/>
          <displacedList/>
        </clothing>
        <clothing colour="CLOTHING_TURQUOISE" colourSecondary="CLOTHING_BLACK" colourTertiary="CLOTHING_BLACK" enchantmentKnown="true" id="TORSO_BLOUSE" isDirty="false" name="blouse">
          <effects/>
          <displacedList/>
        </clothing>
        <clothing colour="CLOTHING_BLUE" colourSecondary="CLOTHING_BLACK" colourTertiary="CLOTHING_BLACK" enchantmentKnown="true" id="CHEST_LACY_PLUNGE_BRA" isDirty="false" name="lacy plunge bra">
          <effects/>
          <displacedList/>
        </clothing>
        <clothing colour="CLOTHING_GOLD" colourSecondary="CLOTHING_BLACK" colourTertiary="CLOTHING_BLACK" enchantmentKnown="true" id="WRIST_BANGLE" isDirty="false" name="bangle">
          <effects/>
          <displacedList/>
        </clothing>
        <clothing colour="CLOTHING_SILVER" colourSecondary="CLOTHING_BLACK" colourTertiary="CLOTHING_BLACK" enchantmentKnown="true" id="FINGER_RING" isDirty="false" name="ring">
          <effects/>
          <displacedList/>
        </clothing>
        <clothing colour="CLOTHING_BLUE_LIGHT" colourSecondary="CLOTHING_BLACK" colourTertiary="CLOTHING_BLACK" enchantmentKnown="true" id="LEG_SKIRT" isDirty="false" name="skirt">
          <effects/>
          <displacedList/>
        </clothing>
        <clothing colour="CLOTHING_BLUE" colourSecondary="CLOTHING_BLACK" colourTertiary="CLOTHING_BLACK" enchantmentKnown="true" id="GROIN_PANTIES" isDirty="false" name="panties">
          <effects/>
          <displacedList/>
        </clothing>
        <clothing colour="CLOTHING_BLACK" colourSecondary="CLOTHING_BLACK" colourTertiary="CLOTHING_BLACK" enchantmentKnown="true" id="FOOT_LOW_TOP_SKATER_SHOES" isDirty="false" name="low-top skater shoes">
          <effects/>
          <displacedList/>
        </clothing>
        <clothing colour="CLOTHING_WHITE" colourSecondary="CLOTHING_BLACK" colourTertiary="CLOTHING_BLACK" enchantmentKnown="true" id="SOCK_THIGHHIGH_SOCKS" isDirty="false" name="thigh-high socks">
          <effects/>
          <displacedList/>
        </clothing>
        <clothing colour="CLOTHING_GOLD" colourSecondary="CLOTHING_BLACK" colourTertiary="CLOTHING_BLACK" enchantmentKnown="true" id="PIERCING_EAR_BASIC_RING" isDirty="false" name="earrings">
          <effects/>
          <displacedList/>
        </clothing>
        <clothing colour="CLOTHING_ROSE_GOLD" colourSecondary="CLOTHING_WHITE" colourTertiary="CLOTHING_BLACK" enchantmentKnown="true" id="PIERCING_NAVEL_GEM" isDirty="false" name="navel gem barbell">
          <effects/>
          <displacedList/>
        </clothing>
      </clothingEquipped>
      <itemsInInventory/>
      <clothingInInventory/>
      <weaponsInInventory/>
    </characterInventory>
    <attributes>
      <attribute type="HEALTH_MAXIMUM" value="42.0"/>
      <attribute type="MANA_MAXIMUM" value="94.0"/>
      <attribute type="AROUSAL" value="4.0"/>
      <attribute type="LUST" value="1.0"/>
      <attribute type="MAJOR_PHYSIQUE" value="10.0"/>
      <attribute type="MAJOR_CORRUPTION" value="1.95"/>
    </attributes>
    <potionAttributes/>
    <traits/>
    <perks>
      <perk row="1" type="ARCANE_BASE"/>
      <perk row="1" type="SEDUCTION_1"/>
      <perk row="1" type="PHYSICAL_BASE"/>
    </perks>
    <knownSpells/>
    <spellUpgrades/>
    <spellUpgradePoints>
      <upgradeEntry points="0" school="EARTH"/>
      <upgradeEntry points="0" school="WATER"/>
      <upgradeEntry points="0" school="AIR"/>
      <upgradeEntry points="0" school="FIRE"/>
      <upgradeEntry points="0" school="ARCANE"/>
    </spellUpgradePoints>
    <fetishes/>
    <fetishDesire/>
    <fetishExperience>
      <entry experience="22" fetish="FETISH_BREASTS_OTHERS"/>
      <entry experience="5" fetish="FETISH_MASTURBATION"/>
      <entry experience="13" fetish="FETISH_VAGINAL_GIVING"/>
    </fetishExperience>
    <statusEffects>
      <statusEffect type="RABBIT_MORPH" value="-1"/>
      <statusEffect type="PHYSIQUE_PERK_1" value="-1"/>
      <statusEffect type="INTELLIGENCE_PERK_3" value="-1"/>
      <statusEffect type="CORRUPTION_PERK_0" value="-1"/>
      <statusEffect type="AROUSAL_PERK_0" value="-1"/>
      <statusEffect type="LUST_PERK_0" value="-1"/>
      <statusEffect type="WEATHER_STORM_PROTECTED" value="-1"/>
      <statusEffect type="ORIENTATION_AMBIPHILIC" value="-1"/>
      <statusEffect type="MILK_FULL" value="-1"/>
      <statusEffect type="RECOVERING_AURA" value="132"/>
    </statusEffects>
    <characterRelationships/>
    <pregnancy timeProgressedToFinalPregnancyStage="1">
      <potentialPartnersAsMother/>
      <potentialPartnersAsFather/>
      <pregnantLitter/>
      <birthedLitters/>
      <littersFathered/>
    </pregnancy>
    <family>
      <motherId value=""/>
      <fatherId value=""/>
      <dayOfConception value="0"/>
      <dayOfBirth value="0"/>
    </family>
    <slavery>
      <slavesOwned/>
      <owner value=""/>
      <slaveJob value="IDLE"/>
      <slaveJobSettings/>
      <slavePermissionSettings>
        <permission type="DIET">
          <setting value="FOOD_NORMAL"/>
        </permission>
        <permission type="SEX"/>
        <permission type="CLEANLINESS">
          <setting value="CLEANLINESS_WASH_CLOTHES"/>
          <setting value="CLEANLINESS_WASH_BODY"/>
        </permission>
        <permission type="GENERAL"/>
        <permission type="PREGNANCY">
          <setting value="PREGNANCY_NO_PILLS"/>
        </permission>
        <permission type="EXERCISE">
          <setting value="EXERCISE_NORMAL"/>
        </permission>
      </slavePermissionSettings>
      <slaveWorkHours hour0="false" hour1="false" hour10="false" hour11="false" hour12="false" hour13="false" hour14="false" hour15="false" hour16="false" hour17="false" hour18="false" hour19="false" hour2="false" hour20="false" hour21="false" hour22="false" hour23="false" hour3="false" hour4="false" hour5="false" hour6="false" hour7="false" hour8="false" hour9="false"/>
    </slavery>
    <companions>
      <companionsFollowing/>
      <partyLeader value=""/>
      <maxCompanions value="1"/>
    </companions>
    <sexStats>
      <cummedInAreas>
        <entry cumQuantity="0" orifice="MOUTH"/>
        <entry cumQuantity="0" orifice="NIPPLE"/>
        <entry cumQuantity="0" orifice="BREAST"/>
        <entry cumQuantity="0" orifice="ASS"/>
        <entry cumQuantity="0" orifice="ANUS"/>
        <entry cumQuantity="0" orifice="VAGINA"/>
        <entry cumQuantity="0" orifice="THIGHS"/>
        <entry cumQuantity="0" orifice="URETHRA_VAGINA"/>
        <entry cumQuantity="0" orifice="URETHRA_PENIS"/>
      </cummedInAreas>
      <daysOrgasmCount value="1"/>
      <daysOrgasmCountRecord value="1"/>
      <totalOrgasmCount value="1"/>
      <sexConsensualCount value="0"/>
      <sexAsSubCount value="0"/>
      <sexAsDomCount value="0"/>
      <cumCounts/>
      <sexCounts>
        <sexCount count="1" orificeType="VAGINA" participantType="PITCHER" penetrationType="PENIS"/>
        <sexCount count="1" orificeType="NIPPLE" participantType="PITCHER" penetrationType="FINGER"/>
        <sexCount count="1" orificeType="VAGINA" participantType="PITCHER" penetrationType="FINGER"/>
      </sexCounts>
      <virginityTakenBy>
        <virginity orificeType="VAGINA" participantType="PITCHER" penetrationType="PENIS" takenBy="Lilaya in Lilaya's lab"/>
      </virginityTakenBy>
      <sexPartnerMap>
        <id value="PlayerCharacter"/>
        <id value="-1,Lilaya">
          <entry count="1" orificeType="NIPPLE" participantType="PITCHER" penetrationType="FINGER"/>
          <entry count="1" orificeType="VAGINA" participantType="PITCHER" penetrationType="PENIS"/>
          <entry count="1" orificeType="VAGINA" participantType="PITCHER" penetrationType="FINGER"/>
        </id>
      </sexPartnerMap>
    </sexStats>
    <addictionsCore alcoholLevel="0.0">
      <addictions/>
      <psychoactiveFluids/>
    </addictionsCore>
    <playerSpecific>
      <title value="The Human"/>
      <karma value="0"/>
      <questUpdates/>
      <mainQuestUpdated value="false"/>
      <sideQuestUpdated value="true"/>
      <romanceQuestUpdated value="false"/>
      <racesDiscovered/>
      <charactersEncountered>
        <id value="-1,Lilaya"/>
        <id value="-1,Rose"/>
        <id value="-1,Kate"/>
        <id value="-1,Ralph"/>
      </charactersEncountered>
      <questMap>
        <entry quest="MAIN_1_B_DEMON_HOME" questLine="MAIN"/>
        <entry quest="SIDE_UTIL_COMPLETE" questLine="SIDE_ENCHANTMENT_DISCOVERY"/>
      </questMap>
    </playerSpecific>
  </character>
</playerCharacter>
