<?xml version="1.0" encoding="UTF-8" standalone="no"?>
<playerCharacter>
  <character>
    <!--If you want to edit any of these values, just be warned that it might break the game...-->
    <core>
      <id value="PlayerCharacter"/>
      <pathName value="com.lilithsthrone.game.character.PlayerCharacter"/>
      <name nameAndrogynous="Reggie" nameFeminine="Reggie" nameMasculine="Reggie"/>
      <surname value="Whygena"/>
      <genericName value=""/>
      <description value="Having been pulled into an enchanted mirror in your aunt Lily's museum, you woke up to find yourself in another world. By a stroke of good fortune, one of the first people you met was Lilaya; this world's version of your aunt. Having convinced her that your story is true, you're now working towards finding a way to get back to your old world."/>
      <playerKnowsName value="true"/>
      <playerOnFirstNameTerms value="false"/>
      <raceConcealed value="false"/>
      <level value="1"/>
      <ageAppearanceDifference value="-3"/>
      <yearOfBirth value="2003"/>
      <monthOfBirth value="MAY"/>
      <dayOfBirth value="6"/>
      <version value="0.4.2.3"/>
      <history value="STUDENT"/>
      <elemental value=""/>
      <elementalSummoned value="false"/>
      <combatBehaviour value="BALANCED"/>
      <lastTimeHadSex value="-1"/>
      <lastTimeOrgasmed value="-1"/>
      <desiredJobs/>
      <petNames/>
      <personality>
        <trait>LEWD</trait>
        <trait>KIND</trait>
      </personality>
      <sexualOrientation value="AMBIPHILIC"/>
      <obedience value="0.0"/>
      <genderIdentity value="N_P_TRAP"/>
      <foughtPlayerCount value="0"/>
      <lostCombatCount value="0"/>
      <wonCombatCount value="0"/>
      <experience value="5"/>
      <perkPoints value="0"/>
      <perkCategoryPoints/>
      <health value="25.000002"/>
      <mana value="45.88888"/>
      <areasKnownByCharacters/>
    </core>
    <locationInformation>
      <worldLocation value="LILAYAS_HOUSE_FIRST_FLOOR"/>
      <homeWorldLocation value="MUSEUM"/>
      <location x="4" y="3"/>
      <homeLocation x="2" y="0"/>
      <globalLocation x="20" y="17"/>
    </locationInformation>
    <body>
      <bodyCore bodyMaterial="FLESH" bodySize="50" femininity="50" feral="false" genitalArrangement="NORMAL" height="160" muscle="50" piercedStomach="false" pubicHair="ZERO_NONE" takesAfterMother="true" version="0.4.2.3">
        <bodyCovering c1="SKIN_PINK_PALE" c2="SKIN_PINK_PALE" modifier="SMOOTH" pattern="NONE" type="RAT_SKIN"/>
        <bodyCovering c1="COVERING_WHITE" c2="COVERING_WHITE" modifier="SMOOTH" pattern="NONE" type="RAT_FUR"/>
        <bodyCovering c1="SKIN_PINK_PALE" c2="ORIFICE_INTERIOR" modifier="SMOOTH" pattern="NONE" type="PENIS"/>
        <bodyCovering c1="SKIN_DARK" c2="ORIFICE_INTERIOR" modifier="SMOOTH" pattern="ORIFICE_ANUS" type="ANUS"/>
        <bodyCovering c1="SKIN_DARK" c2="ORIFICE_INTERIOR" modifier="SMOOTH" pattern="ORIFICE_MOUTH" type="MOUTH"/>
        <bodyCovering c1="SKIN_DARK" c2="ORIFICE_INTERIOR" modifier="SMOOTH" pattern="ORIFICE_NIPPLE" type="NIPPLES"/>
        <bodyCovering c1="SKIN_DARK" c2="ORIFICE_INTERIOR" modifier="SMOOTH" pattern="ORIFICE_NIPPLE_CROTCH" type="NIPPLES_CROTCH"/>
        <bodyCovering c1="SKIN_DARK" c2="ORIFICE_INTERIOR" modifier="SMOOTH" pattern="ORIFICE_VAGINA" type="VAGINA"/>
        <bodyCovering c1="SKIN_DARK" c2="ORIFICE_INTERIOR" modifier="SMOOTH" pattern="ORIFICE_SPINNERET" type="SPINNERET"/>
        <bodyCovering c1="COVERING_BROWN_DARK" c2="COVERING_BLACK" modifier="SMOOTH" pattern="NONE" type="ANTENNA"/>
        <bodyCovering c1="COVERING_WHITE" c2="COVERING_BLACK" modifier="SMOOTH" pattern="NONE" type="HORN"/>
        <bodyCovering c1="ORIFICE_INTERIOR" c2="ORIFICE_INTERIOR" modifier="SMOOTH" pattern="NONE" type="TONGUE"/>
        <bodyCovering c1="COVERING_WHITE" c2="COVERING_BLACK" modifier="FURRY" pattern="NONE" type="HAIR_RAT_FUR"/>
        <bodyCovering c1="COVERING_BROWN" c2="COVERING_BROWN" modifier="FURRY" pattern="NONE" type="BODY_HAIR_RAT_FUR"/>
        <bodyCovering c1="EYE_GREEN" c2="EYE_BROWN" modifier="EYE" pattern="EYE_IRISES" type="EYE_RAT"/>
        <bodyCovering c1="EYE_BLACK" c2="EYE_BLACK" modifier="EYE" pattern="EYE_PUPILS" type="EYE_PUPILS"/>
        <bodyCovering c1="EYE_WHITE" c2="EYE_WHITE" modifier="EYE" pattern="EYE_SCLERA" type="EYE_SCLERA"/>
        <bodyCovering c1="COVERING_WHITE" c2="COVERING_WHITE" modifier="FLUID" pattern="FLUID" type="CUM"/>
        <bodyCovering c1="COVERING_CLEAR" c2="COVERING_CLEAR" modifier="FLUID" pattern="FLUID" type="GIRL_CUM"/>
        <bodyCovering c1="COVERING_WHITE" c2="COVERING_WHITE" modifier="FLUID" pattern="FLUID" type="MILK"/>
      </bodyCore>
      <antennae antennaePerRow="2" length="22" rows="1" type="NONE"/>
      <arm rows="1" type="RAT_MORPH" underarmHair="ZERO_NONE"/>
      <ass assSize="3" hipSize="3" type="RAT_MORPH"/>
      <anus assHair="ZERO_NONE" bleached="false" capacity="1.75" depth="2" elasticity="3" plasticity="3" stretchedCapacity="1.75" virgin="true" wetness="0">
        <anusModifiers/>
      </anus>
      <breasts milkRegeneration="500" milkStorage="0" nippleCountPerBreast="1" rows="3" shape="POINTY" size="0" storedMilk="0.0" type="RAT_MORPH"/>
      <nipples areolaeShape="NORMAL" areolaeSize="2" capacity="0.5" depth="2" elasticity="3" nippleShape="NORMAL" nippleSize="2" pierced="false" plasticity="3" stretchedCapacity="0.5" virgin="true">
        <nippleModifiers/>
      </nipples>
      <milk flavour="MILK" type="MILK_RAT_MORPH">
        <milkModifiers/>
      </milk>
      <breastsCrotch milkRegeneration="500" milkStorage="0" nippleCountPerBreast="1" rows="3" shape="WIDE" size="4" storedMilk="0.0" type="RAT_MORPH"/>
      <nipplesCrotch areolaeShape="NORMAL" areolaeSize="2" capacity="0.5" depth="2" elasticity="3" nippleShape="NORMAL" nippleSize="2" pierced="false" plasticity="3" stretchedCapacity="0.5" virgin="true">
        <nippleModifiers/>
      </nipplesCrotch>
      <milkCrotch flavour="MILK" type="MILK_RAT_MORPH">
        <milkModifiers/>
      </milkCrotch>
      <ear pierced="false" type="RAT_MORPH"/>
      <eye eyePairs="1" irisShape="ROUND" pupilShape="ROUND" type="RAT_MORPH"/>
      <face facialHair="ZERO_NONE" piercedNose="false" type="RAT_MORPH"/>
      <mouth capacity="6.25" depth="2" elasticity="4" lipSize="2" piercedLip="false" plasticity="3" stretchedCapacity="6.25" virgin="true" wetness="3">
        <mouthModifiers/>
      </mouth>
      <tongue piercedTongue="false" tongueLength="6">
        <tongueModifiers/>
      </tongue>
      <hair hairStyle="SIDECUT" length="22" neckFluff="false" type="RAT_MORPH"/>
      <horn hornsPerRow="2" length="2" rows="1" type="NONE"/>
      <leg configuration="BIPEDAL" footStructure="PLANTIGRADE" type="RAT_MORPH"/>
      <penis capacity="0.0" depth="2" elasticity="0" girth="3" pierced="false" plasticity="3" size="15" stretchedCapacity="0.0" type="RAT_MORPH" urethraVirgin="true" virgin="true">
        <penisModifiers SHEATHED="true"/>
        <urethraModifiers/>
      </penis>
      <testicles cumExpulsion="60" cumRegeneration="10000" cumStorage="11" internal="false" numberOfTesticles="2" storedCum="11.0" testicleSize="2"/>
      <cum flavour="CUM" type="CUM_RAT_MORPH">
        <cumModifiers SLIMY="true" STICKY="true"/>
      </cum>
      <spinneret capacity="1.75" depth="2" elasticity="4" plasticity="3" stretchedCapacity="1.75" virgin="true" wetness="1">
        <spinneretModifiers/>
      </spinneret>
      <torso type="RAT_MORPH"/>
      <tail count="1" girth="3" length="0.75" type="RAT_MORPH"/>
      <tentacle count="1" girth="3" length="0.0" type="NONE"/>
      <vagina capacity="0.0" clitGirth="0" clitSize="0" depth="2" eggLayer="false" elasticity="3" hymen="true" labiaSize="0" pierced="false" plasticity="3" squirter="false" stretchedCapacity="0.0" type="NONE" urethraCapacity="0.0" urethraDepth="2" urethraElasticity="0" urethraPlasticity="3" urethraStretchedCapacity="0.0" urethraVirgin="true" virgin="true" wetness="0">
        <clitModifiers/>
        <vaginaModifiers/>
        <urethraModifiers/>
      </vagina>
      <girlcum flavour="GIRL_CUM" type="GIRL_CUM_HUMAN">
        <girlcumModifiers SLIMY="true"/>
      </girlcum>
      <wing size="0" type="NONE"/>
    </body>
    <characterInventory>
      <maxInventorySpace value="150"/>
      <money value="5000"/>
      <essenceCount value="991"/>
      <dirtySlots/>
      <clothingEquipped>
        <clothing enchantmentKnown="true" id="innoxia_torso_blouse" isDirty="false" name="blouse" slotEquippedTo="TORSO_UNDER">
          <colours>
            <colour i="0">CLOTHING_BLUE_LIGHT</colour>
          </colours>
          <stickers>
            <sticker category="nametag">none</sticker>
          </stickers>
        </clothing>
        <clothing enchantmentKnown="true" id="CHEST_CROPTOP_BRA" isDirty="false" name="croptop bra" slotEquippedTo="CHEST">
          <colours>
            <colour i="0">CLOTHING_WHITE</colour>
          </colours>
        </clothing>
        <clothing enchantmentKnown="true" id="innoxia_leg_skirt" isDirty="false" name="skirt" slotEquippedTo="LEG">
          <colours>
            <colour i="0">CLOTHING_BLACK</colour>
          </colours>
        </clothing>
        <clothing enchantmentKnown="true" id="GROIN_PANTIES" isDirty="false" name="panties" slotEquippedTo="GROIN">
          <colours>
            <colour i="0">CLOTHING_WHITE</colour>
          </colours>
        </clothing>
      </clothingEquipped>
      <itemsInInventory>
        <item colour="CLOTHING_STEEL" count="1" id="innoxia_quest_clothing_keys" name="clothing keys">
          <itemEffects/>
        </item>
      </itemsInInventory>
      <clothingInInventory>
        <clothing count="1" enchantmentKnown="true" id="innoxia_hand_wraps" isDirty="false" name="arm wraps">
          <colours>
            <colour i="0">CLOTHING_BLACK</colour>
          </colours>
        </clothing>
        <clothing count="1" enchantmentKnown="true" id="innoxia_sock_toeless_striped_stockings" isDirty="false" name="toeless striped stockings">
          <colours>
            <colour i="0">CLOTHING_BLACK</colour>
            <colour i="1">CLOTHING_BLACK</colour>
          </colours>
        </clothing>
        <clothing count="1" enchantmentKnown="true" id="TORSO_SHORT_CROPTOP" isDirty="false" name="short croptop">
          <colours>
            <colour i="0">CLOTHING_PINK_HOT</colour>
          </colours>
          <effects>
            <effect limit="0" mod1="CLOTHING_ATTRIBUTE" mod2="RESISTANCE_LUST" potency="MAJOR_BOOST" timer="2850" type="CLOTHING"/>
          </effects>
        </clothing>
        <clothing count="1" enchantmentKnown="true" id="HIPS_SUSPENDER_BELT" isDirty="false" name="suspender belt">
          <colours>
            <colour i="0">CLOTHING_PINK_HOT</colour>
            <colour i="1">CLOTHING_STEEL</colour>
          </colours>
          <effects>
            <effect limit="0" mod1="CLOTHING_ATTRIBUTE" mod2="DAMAGE_ICE" potency="MINOR_BOOST" timer="2850" type="CLOTHING"/>
          </effects>
        </clothing>
        <clothing count="1" enchantmentKnown="true" id="TORSO_OVER_CLOAK" isDirty="false" name="hooded cloak">
          <colours>
            <colour i="0">CLOTHING_PINK_LIGHT</colour>
            <colour i="1">CLOTHING_ROSE_GOLD</colour>
          </colours>
          <effects>
            <effect limit="0" mod1="CLOTHING_ATTRIBUTE" mod2="RESISTANCE_POISON" potency="MINOR_BOOST" timer="2850" type="CLOTHING"/>
          </effects>
        </clothing>
        <clothing count="1" enchantmentKnown="true" id="innoxia_neck_demonstone_necklace" isDirty="false" name="demonstone necklace">
          <colours>
            <colour i="0">CLOTHING_PINK</colour>
            <colour i="1">CLOTHING_STEEL</colour>
          </colours>
          <effects>
            <effect limit="0" mod1="CLOTHING_MAJOR_ATTRIBUTE" mod2="MANA_MAXIMUM" potency="MAJOR_BOOST" timer="4410" type="CLOTHING"/>
            <effect limit="0" mod1="CLOTHING_MAJOR_ATTRIBUTE" mod2="MANA_MAXIMUM" potency="MAJOR_BOOST" timer="4410" type="CLOTHING"/>
            <effect limit="0" mod1="CLOTHING_MAJOR_ATTRIBUTE" mod2="MANA_MAXIMUM" potency="MAJOR_BOOST" timer="4410" type="CLOTHING"/>
            <effect limit="0" mod1="CLOTHING_MAJOR_ATTRIBUTE" mod2="MANA_MAXIMUM" potency="MINOR_BOOST" timer="4410" type="CLOTHING"/>
          </effects>
        </clothing>
      </clothingInInventory>
      <weaponsInInventory>
        <weapon coreEnchantment="DAMAGE_POISON" count="1" damageType="POISON" id="innoxia_arcanistStaff_arcanist_staff" name="imp arcanist's staff">
          <colours>
            <colour i="0">CLOTHING_BLACK</colour>
          </colours>
          <effects>
            <effect limit="0" mod1="CLOTHING_ATTRIBUTE" mod2="DAMAGE_POISON" potency="MAJOR_BOOST" timer="2850" type="WEAPON"/>
            <effect limit="0" mod1="CLOTHING_ATTRIBUTE" mod2="DAMAGE_SPELLS" potency="BOOST" timer="0" type="CLOTHING"/>
            <effect limit="0" mod1="CLOTHING_ATTRIBUTE" mod2="SPELL_COST_MODIFIER" potency="BOOST" timer="0" type="CLOTHING"/>
          </effects>
          <spells/>
          <combatMoves/>
        </weapon>
      </weaponsInInventory>
    </characterInventory>
    <attributes>
      <attribute type="HEALTH_MAXIMUM" value="1.0"/>
      <attribute type="MANA_MAXIMUM" value="1.0"/>
    </attributes>
    <potionAttributes/>
    <traits/>
    <specialPerks/>
    <perks>
      <perk row="1" type="ARCANE_BASE"/>
      <perk row="1" type="LEWD_KNOWLEDGE"/>
      <perk row="1" type="PHYSICAL_BASE"/>
    </perks>
    <knownSpells>
      <spell type="SLAM"/>
    </knownSpells>
    <spellUpgrades/>
    <spellUpgradePoints>
      <upgradeEntry points="0" school="EARTH"/>
      <upgradeEntry points="0" school="WATER"/>
      <upgradeEntry points="0" school="AIR"/>
      <upgradeEntry points="0" school="FIRE"/>
      <upgradeEntry points="0" school="ARCANE"/>
    </spellUpgradePoints>
    <fetishes/>
    <fetishDesire/>
    <fetishExperience/>
    <statusEffects>
      <statusEffect lta="78450" sp="0" sr="-1" type="AROUSAL_PERK_0"/>
      <statusEffect lta="78450" sp="0" sr="-1" type="LUST_PERK_0"/>
      <statusEffect lta="78450" sp="0" sr="-1" type="ORIENTATION_AMBIPHILIC"/>
      <statusEffect lta="78450" sp="0" sr="-1" type="COMPANIONS_LEAVING"/>
      <statusEffect lta="78450" sp="0" sr="-1" type="SUBSPECIES_BONUS"/>
      <statusEffect lta="78450" sp="0" sr="-1" type="CUM_FULL"/>
      <statusEffect lta="78450" sp="0" sr="-1" type="WEATHER_STORM_PROTECTED"/>
      <statusEffect lta="78450" sp="0" sr="-1" type="PHYSIQUE_PERK_0"/>
      <statusEffect lta="78450" sp="0" sr="-1" type="INTELLIGENCE_PERK_2"/>
      <statusEffect lta="78450" sp="0" sr="-1" type="CORRUPTION_PERK_1"/>
    </statusEffects>
    <knownMoves/>
    <equippedMoves>
      <move type="BASIC_STRIKE"/>
      <move type="BASIC_TWIN_STRIKE"/>
      <move type="BASIC_BLOCK"/>
      <move type="BASIC_TEASE"/>
      <move type="BASIC_TEASE_BLOCK"/>
    </equippedMoves>
    <characterRelationships/>
    <pregnancy littersGenerated="0" timeProgressedToFinalPregnancyStage="1"/>
    <family>
      <motherId value=""/>
      <motherName value="???"/>
      <motherFemininity value="FEMININE"/>
      <motherSubspecies value="HUMAN"/>
      <fatherId value=""/>
      <fatherName value="???"/>
      <fatherFemininity value="MASCULINE"/>
      <fatherSubspecies value="HUMAN"/>
      <yearOfConception value="1999"/>
      <monthOfConception value="MARCH"/>
      <dayOfConception value="1"/>
    </family>
    <slavery>
      <slavesOwned/>
      <owner value=""/>
    </slavery>
    <companions>
      <companionsFollowing/>
      <partyLeader value=""/>
      <maxCompanions value="1"/>
    </companions>
    <sexStats>
      <fluidsStoredMap>
        <entry orifice="NIPPLE"/>
        <entry orifice="VAGINA"/>
        <entry orifice="URETHRA_PENIS"/>
        <entry orifice="ANUS"/>
        <entry orifice="NIPPLE_CROTCH"/>
        <entry orifice="SPINNERET"/>
        <entry orifice="URETHRA_VAGINA"/>
        <entry orifice="MOUTH"/>
      </fluidsStoredMap>
      <daysOrgasmCount value="0"/>
      <daysOrgasmCountRecord value="0"/>
      <totalOrgasmCount value="0"/>
      <sexPartners>
        <sexCount asDom="0" asSub="0" consensual="0" id="unknown">
          <sexType other="TONGUE" participant="NORMAL" self="VAGINA" sex="0"/>
          <sexType other="PENIS" participant="NORMAL" self="VAGINA" sex="0"/>
          <sexType other="FINGER" participant="NORMAL" self="VAGINA" sex="0"/>
        </sexCount>
      </sexPartners>
      <virginityLosses/>
      <virginityLossesBackup/>
    </sexStats>
    <addictionsCore alcoholLevel="0.0">
      <addictions/>
      <psychoactiveFluids/>
    </addictionsCore>
    <playerSpecific>
      <title value="The Human"/>
      <karma value="0"/>
      <questUpdates/>
      <mainQuestUpdated value="true"/>
      <sideQuestUpdated value="false"/>
      <relationshipQuestUpdated value="false"/>
      <raceBooksDiscovered/>
      <charactersEncountered>
        <id value="-1,Lilaya"/>
        <id value="-1,Rose"/>
      </charactersEncountered>
      <questMap>
        <entry q0="MAIN_PROLOGUE" q1="MAIN_1_A_LILAYAS_TESTS" questLine="MAIN"/>
      </questMap>
      <questFailedMap/>
      <friendlyOccupants/>
      <worldsVisited>
        <world id="LILAYAS_HOUSE_FIRST_FLOOR"/>
        <world id="MUSEUM"/>
      </worldsVisited>
      <itemsDiscovered>
        <type>Phobos_switcher_demons_switcher_demons</type>
        <type>SPELL_BOOK_SLAM</type>
        <type>DYE_BRUSH</type>
        <type>REFORGE_HAMMER</type>
      </itemsDiscovered>
      <weaponsDiscovered>
        <type>innoxia_crystal_rare</type>
        <type>innoxia_arcanistStaff_arcanist_staff</type>
      </weaponsDiscovered>
      <clothingDiscovered>
        <type>GROIN_PANTIES</type>
        <type>innoxia_sock_socks</type>
        <type>innoxia_neck_demonstone_necklace</type>
        <type>innoxia_hand_wraps</type>
        <type>innoxia_foot_low_top_skater_shoes</type>
        <type>CHEST_CROPTOP_BRA</type>
        <type>TORSO_SHORT_CROPTOP</type>
        <type>innoxia_leg_skirt</type>
        <type>TORSO_OVER_CLOAK</type>
        <type>HIPS_SUSPENDER_BELT</type>
        <type>innoxia_sock_toeless_striped_stockings</type>
        <type>innoxia_torso_blouse</type>
      </clothingDiscovered>
      <racesDiscovered>
        <race>HUMAN</race>
        <race>CAT_MORPH</race>
        <race>HALF_DEMON</race>
      </racesDiscovered>
      <racesDiscoveredAdvanced/>
    </playerSpecific>
  </character>
</playerCharacter>
