<?xml version="1.0" encoding="UTF-8" standalone="no"?>
<playerCharacter>
  <character>
    <!--If you want to edit any of these values, just be warned that it might break the game...-->
    <core>
      <id value="PlayerCharacter"/>
      <pathName value="com.lilithsthrone.game.character.PlayerCharacter"/>
      <name nameAndrogynous="Abb" nameFeminine="Abby" nameMasculine="Able"/>
      <surname value=""/>
      <genericName value=""/>
      <description value="Having been pulled into an enchanted mirror in your aunt Lily's museum, you woke up to find yourself in another world. By a stroke of good fortune, one of the first people you met was Lilaya; this world's version of your aunt. Having convinced her that your story is true, you're now working towards finding a way to get back to your old world."/>
      <playerKnowsName value="true"/>
      <playerOnFirstNameTerms value="false"/>
      <raceConcealed value="false"/>
      <level value="1"/>
      <ageAppearanceDifference value="-3"/>
      <yearOfBirth value="1999"/>
      <monthOfBirth value="SEPTEMBER"/>
      <dayOfBirth value="18"/>
      <version value="0.4.1.1"/>
      <history value="UNEMPLOYED"/>
      <elemental value=""/>
      <elementalSummoned value="false"/>
      <combatBehaviour value="BALANCED"/>
      <lastTimeHadSex value="-1"/>
      <lastTimeOrgasmed value="-1"/>
      <desiredJobs/>
      <petNames/>
      <personality>
        <trait>LEWD</trait>
      </personality>
      <sexualOrientation value="AMBIPHILIC"/>
      <obedience value="0.0"/>
      <genderIdentity value="F_V_B_FEMALE"/>
      <foughtPlayerCount value="0"/>
      <lostCombatCount value="0"/>
      <wonCombatCount value="0"/>
      <experience value="5"/>
      <perkPoints value="0"/>
      <perkCategoryPoints/>
      <health value="39.0"/>
      <mana value="11.0"/>
      <areasKnownByCharacters/>
    </core>
    <locationInformation>
      <worldLocation value="LILAYAS_HOUSE_FIRST_FLOOR"/>
      <homeWorldLocation value="MUSEUM"/>
      <location x="4" y="3"/>
      <homeLocation x="2" y="0"/>
      <globalLocation x="20" y="17"/>
    </locationInformation>
    <body>
      <bodyCore bodyMaterial="FLESH" bodySize="30" femininity="69" feral="false" genitalArrangement="NORMAL" height="170" muscle="30" piercedStomach="false" pubicHair="THREE_TRIMMED" takesAfterMother="true" version="0.4.1.1">
        <bodyCovering c1="COVERING_BLONDE" c2="COVERING_JET_BLACK" modifier="SMOOTH" pattern="STRIPED" type="mintychip_bee_chitin"/>
        <bodyCovering c1="SKIN_LIGHT" c2="SKIN_LIGHT" modifier="SMOOTH" pattern="NONE" type="HUMAN"/>
        <bodyCovering c1="COVERING_BLONDE" c2="COVERING_BLACK" modifier="SMOOTH" pattern="STRIPED" type="FELINE_FUR"/>
        <bodyCovering c1="SKIN_LIGHT" c2="ORIFICE_INTERIOR" modifier="SMOOTH" pattern="NONE" type="PENIS"/>
        <bodyCovering c1="SKIN_LIGHT" c2="ORIFICE_INTERIOR" modifier="SMOOTH" pattern="ORIFICE_ANUS" type="ANUS"/>
        <bodyCovering c1="SKIN_LIGHT" c2="ORIFICE_INTERIOR" modifier="SMOOTH" pattern="ORIFICE_MOUTH" type="MOUTH"/>
        <bodyCovering c1="SKIN_JET_BLACK" c2="ORIFICE_INTERIOR" modifier="SMOOTH" pattern="ORIFICE_NIPPLE" type="NIPPLES"/>
        <bodyCovering c1="SKIN_LIGHT" c2="ORIFICE_INTERIOR" modifier="SMOOTH" pattern="ORIFICE_NIPPLE_CROTCH" type="NIPPLES_CROTCH"/>
        <bodyCovering c1="SKIN_LIGHT" c2="ORIFICE_INTERIOR" modifier="SMOOTH" pattern="ORIFICE_VAGINA" type="VAGINA"/>
        <bodyCovering c1="SKIN_LIGHT" c2="ORIFICE_INTERIOR" modifier="SMOOTH" pattern="ORIFICE_SPINNERET" type="SPINNERET"/>
        <bodyCovering c1="COVERING_JET_BLACK" c2="COVERING_BROWN" modifier="SMOOTH" pattern="NONE" type="ANTENNA"/>
        <bodyCovering c1="COVERING_WHITE" c2="COVERING_BLACK" modifier="SMOOTH" pattern="NONE" type="HORN"/>
        <bodyCovering c1="ORIFICE_INTERIOR" c2="ORIFICE_INTERIOR" modifier="SMOOTH" pattern="NONE" type="TONGUE"/>
        <bodyCovering c1="COVERING_BROWN" c2="COVERING_BROWN" modifier="SMOOTH" pattern="NONE" type="HAIR_HUMAN"/>
        <bodyCovering c1="COVERING_WHITE" c2="COVERING_BROWN" modifier="FURRY" pattern="NONE" type="HAIR_FELINE_FUR"/>
        <bodyCovering c1="COVERING_BROWN" c2="COVERING_BROWN" modifier="COARSE" pattern="NONE" type="BODY_HAIR_HUMAN"/>
        <bodyCovering c1="COVERING_WHITE" c2="COVERING_WHITE" modifier="FURRY" pattern="NONE" type="BODY_HAIR_FELINE_FUR"/>
        <bodyCovering c1="EYE_BROWN" c2="EYE_BROWN" modifier="EYE" pattern="EYE_IRISES" type="EYE_HUMAN"/>
        <bodyCovering c1="EYE_YELLOW" c2="EYE_BROWN" modifier="EYE" pattern="EYE_IRISES" type="EYE_FELINE"/>
        <bodyCovering c1="EYE_BLACK" c2="EYE_BLACK" modifier="EYE" pattern="EYE_PUPILS" type="EYE_PUPILS"/>
        <bodyCovering c1="EYE_WHITE" c2="EYE_WHITE" modifier="EYE" pattern="EYE_SCLERA" type="EYE_SCLERA"/>
        <bodyCovering c1="COVERING_WHITE" c2="COVERING_WHITE" modifier="FLUID" pattern="FLUID" type="CUM"/>
        <bodyCovering c1="COVERING_CLEAR" c2="COVERING_CLEAR" modifier="FLUID" pattern="FLUID" type="GIRL_CUM"/>
        <bodyCovering c1="COVERING_WHITE" c2="COVERING_WHITE" modifier="FLUID" pattern="FLUID" type="MILK"/>
      </bodyCore>
      <antennae antennaePerRow="2" length="22" rows="1" type="mintychip_bee_antenna"/>
      <arm rows="1" type="CAT_MORPH" underarmHair="ZERO_NONE"/>
      <ass assSize="5" hipSize="5" type="CAT_MORPH"/>
      <anus assHair="TWO_MANICURED" bleached="false" capacity="1.75" depth="2" elasticity="3" plasticity="3" stretchedCapacity="1.75" virgin="true" wetness="0">
        <anusModifiers/>
      </anus>
      <breasts milkRegeneration="500" milkStorage="500" nippleCountPerBreast="1" rows="1" shape="ROUND" size="15" storedMilk="500.0" type="mintychip_bee_breast"/>
      <nipples areolaeShape="NORMAL" areolaeSize="2" capacity="0.5" depth="2" elasticity="3" nippleShape="NORMAL" nippleSize="2" pierced="false" plasticity="3" stretchedCapacity="0.5" virgin="true">
        <nippleModifiers/>
      </nipples>
      <milk flavour="HONEY" type="mintychip_bee_milk">
        <milkModifiers STICKY="true"/>
      </milk>
      <breastsCrotch milkRegeneration="500" milkStorage="0" nippleCountPerBreast="1" rows="1" shape="POINTY" size="7" storedMilk="0.0" type="NONE"/>
      <nipplesCrotch areolaeShape="NORMAL" areolaeSize="2" capacity="0.5" depth="2" elasticity="3" nippleShape="NORMAL" nippleSize="2" pierced="false" plasticity="3" stretchedCapacity="0.5" virgin="true">
        <nippleModifiers/>
      </nipplesCrotch>
      <milkCrotch flavour="MILK" type="MILK_HUMAN">
        <milkModifiers/>
      </milkCrotch>
      <ear pierced="false" type="CAT_MORPH"/>
      <eye eyePairs="1" irisShape="ROUND" pupilShape="VERTICAL" type="CAT_MORPH"/>
      <face facialHair="ZERO_NONE" piercedNose="false" type="CAT_MORPH"/>
      <mouth capacity="6.25" depth="2" elasticity="4" lipSize="2" piercedLip="false" plasticity="3" stretchedCapacity="6.25" virgin="true" wetness="3">
        <mouthModifiers/>
      </mouth>
      <tongue piercedTongue="false" tongueLength="3">
        <tongueModifiers FLAT="true"/>
      </tongue>
      <hair hairStyle="MESSY" length="22" type="CAT_MORPH"/>
      <horn hornsPerRow="2" length="2" rows="1" type="NONE"/>
      <leg configuration="BIPEDAL" footStructure="DIGITIGRADE" type="CAT_MORPH"/>
      <penis capacity="0.0" depth="2" elasticity="0" girth="0" pierced="false" plasticity="3" size="0" stretchedCapacity="0.0" type="NONE" urethraVirgin="true" virgin="true">
        <penisModifiers/>
        <urethraModifiers/>
      </penis>
      <testicles cumExpulsion="60" cumRegeneration="10000" cumStorage="0" internal="false" numberOfTesticles="2" storedCum="0.0" testicleSize="0"/>
      <cum flavour="CUM" type="CUM_HUMAN">
        <cumModifiers SLIMY="true" STICKY="true"/>
      </cum>
      <spinneret capacity="1.75" depth="2" elasticity="4" plasticity="3" stretchedCapacity="1.75" virgin="true" wetness="1">
        <spinneretModifiers/>
      </spinneret>
      <torso type="CAT_MORPH"/>
      <tail count="1" girth="3" length="0.8" type="mintychip_bee_tail"/>
      <tentacle count="1" girth="3" length="0.0" type="NONE"/>
      <vagina capacity="3.75" clitGirth="3" clitSize="0" depth="2" eggLayer="true" elasticity="4" hymen="true" labiaSize="2" pierced="false" plasticity="3" squirter="false" stretchedCapacity="3.75" type="mintychip_bee_vagina" urethraCapacity="0.0" urethraDepth="2" urethraElasticity="0" urethraPlasticity="3" urethraStretchedCapacity="0.0" urethraVirgin="true" virgin="true" wetness="2">
        <clitModifiers/>
        <vaginaModifiers/>
        <urethraModifiers/>
      </vagina>
      <girlcum flavour="HONEY" type="mintychip_bee_girlcum">
        <girlcumModifiers SLIMY="true" STICKY="true"/>
      </girlcum>
      <wing size="3" type="mintychip_bee_wing"/>
    </body>
    <characterInventory>
      <maxInventorySpace value="120"/>
      <money value="0"/>
      <essenceCount value="977"/>
      <dirtySlots/>
      <mainWeapon0>
        <weapon coreEnchantment="DAMAGE_FIRE" damageType="POISON" id="innoxia_crystal_rare" name="opaque demonstone">
          <effects>
            <effect limit="0" mod1="CLOTHING_ATTRIBUTE" mod2="DAMAGE_FIRE" potency="MAJOR_BOOST" timer="2850" type="WEAPON"/>
          </effects>
          <spells>
            <spell value="POISON_VAPOURS"/>
          </spells>
          <combatMoves/>
        </weapon>
      </mainWeapon0>
      <clothingEquipped>
        <clothing enchantmentKnown="true" id="innoxia_leg_hotpants" isDirty="false" name="hot pants" slotEquippedTo="LEG">
          <colours>
            <colour i="0">CLOTHING_BLACK</colour>
          </colours>
        </clothing>
        <clothing enchantmentKnown="true" id="GROIN_PANTIES" isDirty="false" name="panties" slotEquippedTo="GROIN">
          <colours>
            <colour i="0">CLOTHING_PINK</colour>
          </colours>
        </clothing>
        <clothing enchantmentKnown="true" id="innoxia_sock_kneehigh_socks" isDirty="false" name="knee-high socks" slotEquippedTo="SOCK">
          <colours>
            <colour i="0">CLOTHING_BLACK</colour>
          </colours>
        </clothing>
        <clothing enchantmentKnown="true" id="TonyJC_cropped_sweater" isDirty="false" name="cropped sweater" slotEquippedTo="TORSO_OVER">
          <colours>
            <colour i="0">CLOTHING_PINK</colour>
            <colour i="1">CLOTHING_PINK</colour>
          </colours>
          <effects>
            <effect limit="0" mod1="CLOTHING_ATTRIBUTE" mod2="RESISTANCE_POISON" potency="MINOR_BOOST" timer="2850" type="CLOTHING"/>
          </effects>
          <displacedList>
            <displacementType value="PULLS_UP"/>
          </displacedList>
        </clothing>
      </clothingEquipped>
    </characterInventory>
    <attributes/>
    <potionAttributes/>
    <traits/>
    <specialPerks/>
    <perks>
      <perk row="1" type="LEWD_KNOWLEDGE"/>
      <perk row="1" type="ARCANE_BASE"/>
      <perk row="1" type="PHYSICAL_BASE"/>
    </perks>
    <knownSpells/>
    <spellUpgrades/>
    <spellUpgradePoints>
      <upgradeEntry points="0" school="EARTH"/>
      <upgradeEntry points="0" school="WATER"/>
      <upgradeEntry points="0" school="AIR"/>
      <upgradeEntry points="0" school="FIRE"/>
      <upgradeEntry points="0" school="ARCANE"/>
    </spellUpgradePoints>
    <fetishes>
      <fetish type="FETISH_LACTATION_SELF"/>
      <fetish type="FETISH_EXHIBITIONIST"/>
      <fetish type="FETISH_BREASTS_SELF"/>
      <fetish type="FETISH_PREGNANCY"/>
    </fetishes>
    <fetishDesire>
      <entry desire="FOUR_LOVE" fetish="FETISH_LACTATION_SELF"/>
      <entry desire="FOUR_LOVE" fetish="FETISH_EXHIBITIONIST"/>
      <entry desire="FOUR_LOVE" fetish="FETISH_BREASTS_SELF"/>
      <entry desire="FOUR_LOVE" fetish="FETISH_PREGNANCY"/>
    </fetishDesire>
    <fetishExperience/>
    <statusEffects>
      <statusEffect lta="78450" sp="4410" sr="-1" type="CORRUPTION_PERK_0"/>
      <statusEffect lta="78450" sp="4410" sr="-1" type="AROUSAL_PERK_0"/>
      <statusEffect lta="78450" sp="4410" sr="-1" type="LUST_PERK_0"/>
      <statusEffect lta="78450" sp="4410" sr="-1" type="ORIENTATION_AMBIPHILIC"/>
      <statusEffect lta="78450" sp="4410" sr="-1" type="COMPANIONS_LEAVING"/>
      <statusEffect lta="78450" sp="4410" sr="-1" type="PHYSIQUE_PERK_1"/>
      <statusEffect lta="78450" sp="3600" sr="-1" type="INTELLIGENCE_PERK_1"/>
      <statusEffect lta="78450" sp="3600" sr="-1" type="WEATHER_STORM_PROTECTED"/>
      <statusEffect lta="78450" sp="0" sr="-1" type="SUBSPECIES_BONUS"/>
      <statusEffect lta="78450" sp="0" sr="-1" type="MILK_FULL"/>
      <statusEffect lta="78450" sp="0" sr="-1" type="FETISH_EXHIBITIONIST_BREASTS"/>
    </statusEffects>
    <knownMoves/>
    <equippedMoves>
      <move type="BASIC_STRIKE"/>
      <move type="BASIC_TWIN_STRIKE"/>
      <move type="BASIC_BLOCK"/>
      <move type="BASIC_TEASE"/>
      <move type="BASIC_TEASE_BLOCK"/>
    </equippedMoves>
    <characterRelationships/>
    <pregnancy littersGenerated="0" timeProgressedToFinalPregnancyStage="1"/>
    <family>
      <motherId value=""/>
      <motherName value="???"/>
      <motherFemininity value="FEMININE"/>
      <motherSubspecies value="HUMAN"/>
      <fatherId value=""/>
      <fatherName value="???"/>
      <fatherFemininity value="MASCULINE"/>
      <fatherSubspecies value="HUMAN"/>
      <yearOfConception value="1998"/>
      <monthOfConception value="DECEMBER"/>
      <dayOfConception value="12"/>
    </family>
    <slavery>
      <slavesOwned/>
      <owner value=""/>
    </slavery>
    <companions>
      <companionsFollowing/>
      <partyLeader value=""/>
      <maxCompanions value="1"/>
    </companions>
    <sexStats>
      <fluidsStoredMap>
        <entry orifice="URETHRA_PENIS"/>
        <entry orifice="ANUS"/>
        <entry orifice="NIPPLE_CROTCH"/>
        <entry orifice="URETHRA_VAGINA"/>
        <entry orifice="VAGINA"/>
        <entry orifice="MOUTH"/>
        <entry orifice="SPINNERET"/>
        <entry orifice="NIPPLE"/>
      </fluidsStoredMap>
      <daysOrgasmCount value="0"/>
      <daysOrgasmCountRecord value="0"/>
      <totalOrgasmCount value="0"/>
      <sexPartners>
        <sexCount asDom="0" asSub="0" consensual="0" id="unknown">
          <sexType other="FINGER" participant="NORMAL" self="PENIS" sex="0"/>
          <sexType other="MOUTH" participant="NORMAL" self="PENIS" sex="0"/>
        </sexCount>
      </sexPartners>
      <virginityLosses/>
    </sexStats>
    <addictionsCore alcoholLevel="0.0">
      <addictions/>
      <psychoactiveFluids/>
    </addictionsCore>
    <playerSpecific>
      <title value="The Human"/>
      <karma value="0"/>
      <questUpdates/>
      <mainQuestUpdated value="true"/>
      <sideQuestUpdated value="false"/>
      <relationshipQuestUpdated value="false"/>
      <raceBooksDiscovered/>
      <charactersEncountered>
        <id value="-1,Lilaya"/>
        <id value="-1,Rose"/>
      </charactersEncountered>
      <questMap>
        <entry q0="MAIN_PROLOGUE" q1="MAIN_1_A_LILAYAS_TESTS" questLine="MAIN"/>
      </questMap>
      <questFailedMap/>
      <friendlyOccupants/>
      <worldsVisited>
        <world id="MUSEUM"/>
        <world id="LILAYAS_HOUSE_FIRST_FLOOR"/>
      </worldsVisited>
      <itemsDiscovered>
        <type>DYE_BRUSH</type>
        <type>REFORGE_HAMMER</type>
      </itemsDiscovered>
      <weaponsDiscovered>
        <type>innoxia_crystal_rare</type>
      </weaponsDiscovered>
      <clothingDiscovered>
        <type>WRIST_WOMENS_WATCH</type>
        <type>innoxia_leg_hotpants</type>
        <type>CHEST_PLUNGE_BRA</type>
        <type>TORSO_SKATER_DRESS</type>
        <type>innoxia_sock_kneehigh_socks</type>
        <type>TonyJC_cropped_sweater</type>
        <type>innoxia_sock_trainer_socks</type>
        <type>innoxia_foot_heels</type>
        <type>GROIN_PANTIES</type>
        <type>innoxia_neck_heart_necklace</type>
        <type>innoxia_finger_ring</type>
      </clothingDiscovered>
      <racesDiscovered>
        <race>HALF_DEMON</race>
        <race>HUMAN</race>
        <race>CAT_MORPH</race>
      </racesDiscovered>
      <racesDiscoveredAdvanced/>
    </playerSpecific>
  </character>
</playerCharacter>
