<?xml version="1.0" encoding="UTF-8" standalone="no"?>
<playerCharacter>
  <character>
    <!--If you want to edit any of these values, just be warned that it might break the game...-->
    <core>
      <id value="PlayerCharacter"/>
      <pathName value="com.lilithsthrone.game.character.PlayerCharacter"/>
      <name nameAndrogynous="Rey" nameFeminine="Reyna" nameMasculine="Reyn"/>
      <surname value="Lockhart"/>
      <genericName value=""/>
      <description value="Having been pulled into an enchanted mirror in your aunt Lily's museum, you woke up to find yourself in another world. By a stroke of good fortune, one of the first people you met was Lilaya; this world's version of your aunt. Having convinced her that your story is true, you're now working towards finding a way to get back to your old world."/>
      <playerKnowsName value="true"/>
      <playerOnFirstNameTerms value="false"/>
      <raceConcealed value="false"/>
      <level value="10"/>
      <ageAppearanceDifference value="-3"/>
      <yearOfBirth value="2000"/>
      <monthOfBirth value="AUGUST"/>
      <dayOfBirth value="24"/>
      <version value="0.4.1.1"/>
      <history value="ATHLETE"/>
      <elemental value=""/>
      <elementalSummoned value="false"/>
      <combatBehaviour value="BALANCED"/>
      <lastTimeHadSex value="-1"/>
      <lastTimeOrgasmed value="-1"/>
      <desiredJobs/>
      <petNames/>
      <personality>
        <trait>CONFIDENT</trait>
        <trait>COWARDLY</trait>
        <trait>CYNICAL</trait>
      </personality>
      <sexualOrientation value="ANDROPHILIC"/>
      <obedience value="0.0"/>
      <genderIdentity value="N_V_B_TOMBOY"/>
      <foughtPlayerCount value="0"/>
      <lostCombatCount value="0"/>
      <wonCombatCount value="0"/>
      <experience value="0"/>
      <perkPoints value="0"/>
      <perkCategoryPoints/>
      <health value="125.71428"/>
      <mana value="12.865725"/>
      <areasKnownByCharacters/>
    </core>
    <locationInformation>
      <worldLocation value="LILAYAS_HOUSE_FIRST_FLOOR"/>
      <homeWorldLocation value="MUSEUM"/>
      <location x="4" y="3"/>
      <homeLocation x="2" y="0"/>
      <globalLocation x="20" y="17"/>
    </locationInformation>
    <body>
      <bodyCore bodyMaterial="FLESH" bodySize="40" femininity="49" feral="false" genitalArrangement="NORMAL" height="180" muscle="20" piercedStomach="false" pubicHair="THREE_TRIMMED" takesAfterMother="true" version="0.4.1.1">
        <bodyCovering c1="COVERING_GREY" c2="COVERING_JET_BLACK" modifier="SHAGGY" pattern="MARKED" type="GreenVillager_raccoon_dog_fur"/>
        <bodyCovering c1="COVERING_BROWN" c2="COVERING_BROWN" modifier="SMOOTH" pattern="NONE" type="GreenVillager_raccoon_dog_body_hair"/>
        <bodyCovering c1="EYE_BLUE_DARK" c2="EYE_BROWN" modifier="EYE" pattern="EYE_IRISES" type="GreenVillager_raccoon_dog_eye"/>
        <bodyCovering c1="SKIN_LIGHT" c2="SKIN_LIGHT" modifier="SMOOTH" pattern="NONE" type="HUMAN"/>
        <bodyCovering c1="SKIN_LIGHT" c2="ORIFICE_INTERIOR" modifier="SMOOTH" pattern="NONE" type="PENIS"/>
        <bodyCovering c1="SKIN_LIGHT" c2="ORIFICE_INTERIOR" modifier="SMOOTH" pattern="ORIFICE_ANUS" type="ANUS"/>
        <bodyCovering c1="SKIN_LIGHT" c2="ORIFICE_INTERIOR" modifier="SMOOTH" pattern="ORIFICE_MOUTH" type="MOUTH"/>
        <bodyCovering c1="SKIN_LIGHT" c2="ORIFICE_INTERIOR" modifier="SMOOTH" pattern="ORIFICE_NIPPLE" type="NIPPLES"/>
        <bodyCovering c1="SKIN_LIGHT" c2="ORIFICE_INTERIOR" modifier="SMOOTH" pattern="ORIFICE_NIPPLE_CROTCH" type="NIPPLES_CROTCH"/>
        <bodyCovering c1="SKIN_LIGHT" c2="ORIFICE_INTERIOR" modifier="SMOOTH" pattern="ORIFICE_VAGINA" type="VAGINA"/>
        <bodyCovering c1="SKIN_LIGHT" c2="ORIFICE_INTERIOR" modifier="SMOOTH" pattern="ORIFICE_SPINNERET" type="SPINNERET"/>
        <bodyCovering c1="COVERING_WHITE" c2="COVERING_BROWN" modifier="SMOOTH" pattern="NONE" type="ANTENNA"/>
        <bodyCovering c1="COVERING_WHITE" c2="COVERING_WHITE" modifier="SMOOTH" pattern="NONE" type="HORN"/>
        <bodyCovering c1="ORIFICE_INTERIOR" c2="ORIFICE_INTERIOR" modifier="SMOOTH" pattern="NONE" type="TONGUE"/>
        <bodyCovering c1="COVERING_BROWN" c2="COVERING_BROWN" modifier="SMOOTH" pattern="NONE" type="HAIR_HUMAN"/>
        <bodyCovering c1="COVERING_BROWN" c2="COVERING_BROWN" modifier="COARSE" pattern="NONE" type="BODY_HAIR_HUMAN"/>
        <bodyCovering c1="EYE_BROWN" c2="EYE_BROWN" modifier="EYE" pattern="EYE_IRISES" type="EYE_HUMAN"/>
        <bodyCovering c1="EYE_BLACK" c2="EYE_BLACK" modifier="EYE" pattern="EYE_PUPILS" type="EYE_PUPILS"/>
        <bodyCovering c1="EYE_WHITE" c2="EYE_WHITE" modifier="EYE" pattern="EYE_SCLERA" type="EYE_SCLERA"/>
        <bodyCovering c1="COVERING_WHITE" c2="COVERING_WHITE" modifier="FLUID" pattern="FLUID" type="CUM"/>
        <bodyCovering c1="COVERING_CLEAR" c2="COVERING_CLEAR" modifier="FLUID" pattern="FLUID" type="GIRL_CUM"/>
        <bodyCovering c1="COVERING_WHITE" c2="COVERING_WHITE" modifier="FLUID" pattern="FLUID" type="MILK"/>
      </bodyCore>
      <antennae antennaePerRow="2" length="22" rows="1" type="NONE"/>
      <arm rows="1" type="GreenVillager_raccoon_dog_arm" underarmHair="ZERO_NONE"/>
      <ass assSize="4" hipSize="4" type="GreenVillager_raccoon_dog_ass"/>
      <anus assHair="TWO_MANICURED" bleached="false" capacity="1.75" depth="2" elasticity="3" plasticity="3" stretchedCapacity="1.75" virgin="true" wetness="0">
        <anusModifiers/>
      </anus>
      <breasts milkRegeneration="500" milkStorage="0" nippleCountPerBreast="1" rows="1" shape="ROUND" size="5" storedMilk="0.0" type="GreenVillager_raccoon_dog_breast"/>
      <nipples areolaeShape="NORMAL" areolaeSize="2" capacity="0.5" depth="2" elasticity="3" nippleShape="NORMAL" nippleSize="2" pierced="false" plasticity="3" stretchedCapacity="0.5" virgin="true">
        <nippleModifiers/>
      </nipples>
      <milk flavour="MILK" type="GreenVillager_raccoon_dog_milk">
        <milkModifiers/>
      </milk>
      <breastsCrotch milkRegeneration="500" milkStorage="0" nippleCountPerBreast="1" rows="1" shape="SIDE_SET" size="7" storedMilk="0.0" type="NONE"/>
      <nipplesCrotch areolaeShape="NORMAL" areolaeSize="2" capacity="0.5" depth="2" elasticity="3" nippleShape="NORMAL" nippleSize="2" pierced="false" plasticity="3" stretchedCapacity="0.5" virgin="true">
        <nippleModifiers/>
      </nipplesCrotch>
      <milkCrotch flavour="MILK" type="MILK_HUMAN">
        <milkModifiers/>
      </milkCrotch>
      <ear pierced="false" type="GreenVillager_raccoon_dog_ear"/>
      <eye eyePairs="1" irisShape="ROUND" pupilShape="ROUND" type="GreenVillager_raccoon_dog_eye"/>
      <face facialHair="ZERO_NONE" piercedNose="false" type="GreenVillager_raccoon_dog_face"/>
      <mouth capacity="6.25" depth="2" elasticity="4" lipSize="2" piercedLip="false" plasticity="3" stretchedCapacity="6.25" virgin="true" wetness="3">
        <mouthModifiers/>
      </mouth>
      <tongue piercedTongue="false" tongueLength="3">
        <tongueModifiers FLAT="true"/>
      </tongue>
      <hair hairStyle="NONE" length="22" type="GreenVillager_raccoon_dog_hair"/>
      <horn hornsPerRow="2" length="2" rows="1" type="NONE"/>
      <leg configuration="BIPEDAL" footStructure="PLANTIGRADE" type="GreenVillager_raccoon_dog_leg"/>
      <penis capacity="0.0" depth="2" elasticity="0" girth="3" pierced="false" plasticity="3" size="21" stretchedCapacity="0.0" type="GreenVillager_raccoon_dog_penis" urethraVirgin="true" virgin="true">
        <penisModifiers SHEATHED="true" TAPERED="true"/>
        <urethraModifiers/>
      </penis>
      <testicles cumExpulsion="60" cumRegeneration="10000" cumStorage="500" internal="false" numberOfTesticles="2" storedCum="500.0" testicleSize="7"/>
      <cum flavour="CUM" type="GreenVillager_raccoon_dog_cum">
        <cumModifiers SLIMY="true" STICKY="true"/>
      </cum>
      <spinneret capacity="1.75" depth="2" elasticity="4" plasticity="3" stretchedCapacity="1.75" virgin="true" wetness="1">
        <spinneretModifiers/>
      </spinneret>
      <torso type="GreenVillager_raccoon_dog_torso"/>
      <tail count="1" girth="3" length="0.4" type="GreenVillager_raccoon_dog_special_tail"/>
      <tentacle count="1" girth="3" length="0.0" type="NONE"/>
      <vagina capacity="3.75" clitGirth="3" clitSize="0" depth="2" eggLayer="false" elasticity="4" hymen="true" labiaSize="2" pierced="false" plasticity="3" squirter="false" stretchedCapacity="3.75" type="GreenVillager_raccoon_dog_vagina" urethraCapacity="0.0" urethraDepth="2" urethraElasticity="0" urethraPlasticity="3" urethraStretchedCapacity="0.0" urethraVirgin="true" virgin="true" wetness="2">
        <clitModifiers/>
        <vaginaModifiers/>
        <urethraModifiers/>
      </vagina>
      <girlcum flavour="GIRL_CUM" type="GreenVillager_raccoon_dog_girlcum">
        <girlcumModifiers SLIMY="true"/>
      </girlcum>
      <wing size="0" type="NONE"/>
    </body>
    <characterInventory>
      <maxInventorySpace value="120"/>
      <money value="0"/>
      <essenceCount value="0"/>
      <dirtySlots/>
      <mainWeapon0>
        <weapon coreEnchantment="DAMAGE_POISON" damageType="POISON" id="innoxia_japaneseSwords_wakizashi" name="wakizashi">
          <colours>
            <colour i="0">CLOTHING_TAN</colour>
            <colour i="1">CLOTHING_BLACK</colour>
            <colour i="2">CLOTHING_GREEN_VERY_DARK</colour>
            <colour i="3">CLOTHING_TAN</colour>
          </colours>
          <effects>
            <effect limit="0" mod1="CLOTHING_ATTRIBUTE" mod2="DAMAGE_POISON" potency="MAJOR_BOOST" timer="2700" type="WEAPON"/>
            <effect limit="0" mod1="CLOTHING_ATTRIBUTE" mod2="DAMAGE_MELEE_WEAPON" potency="MAJOR_BOOST" timer="0" type="CLOTHING"/>
          </effects>
          <spells/>
          <combatMoves/>
        </weapon>
      </mainWeapon0>
      <offhandWeapon0>
        <weapon coreEnchantment="DAMAGE_MELEE_WEAPON" damageType="FIRE" id="innoxia_japaneseSwords_wakizashi" name="wakizashi">
          <colours>
            <colour i="0">CLOTHING_TAN</colour>
            <colour i="1">CLOTHING_BLACK</colour>
            <colour i="2">CLOTHING_GREEN_VERY_DARK</colour>
            <colour i="3">CLOTHING_TAN</colour>
          </colours>
          <effects>
            <effect limit="0" mod1="CLOTHING_ATTRIBUTE" mod2="DAMAGE_FIRE" potency="MAJOR_BOOST" timer="2700" type="WEAPON"/>
            <effect limit="0" mod1="CLOTHING_ATTRIBUTE" mod2="DAMAGE_MELEE_WEAPON" potency="MAJOR_BOOST" timer="0" type="CLOTHING"/>
          </effects>
          <spells/>
          <combatMoves/>
        </weapon>
      </offhandWeapon0>
      <clothingEquipped>
        <clothing enchantmentKnown="true" id="TORSO_OVER_HOODIE" isDirty="false" name="hoodie" slotEquippedTo="TORSO_OVER">
          <colours>
            <colour i="0">CLOTHING_RED_VERY_DARK</colour>
          </colours>
        </clothing>
        <clothing enchantmentKnown="true" id="innoxia_torso_tshirt" isDirty="false" name="T-shirt" slotEquippedTo="TORSO_UNDER">
          <colours>
            <colour i="0">CLOTHING_BLACK_JET</colour>
          </colours>
        </clothing>
        <clothing enchantmentKnown="true" id="CHEST_CROPTOP_BRA" isDirty="false" name="croptop bra" slotEquippedTo="CHEST">
          <colours>
            <colour i="0">CLOTHING_WHITE</colour>
          </colours>
        </clothing>
        <clothing enchantmentKnown="true" id="innoxia_leg_distressed_jeans" isDirty="false" name="distressed jeans" slotEquippedTo="LEG">
          <colours>
            <colour i="0">CLOTHING_BLACK</colour>
            <colour i="1">CLOTHING_BLACK_JET</colour>
            <colour i="2">CLOTHING_STEEL</colour>
          </colours>
        </clothing>
        <clothing enchantmentKnown="true" id="GROIN_PANTIES" isDirty="false" name="panties" slotEquippedTo="GROIN">
          <colours>
            <colour i="0">CLOTHING_WHITE</colour>
          </colours>
        </clothing>
        <clothing enchantmentKnown="true" id="innoxia_foot_trainers" isDirty="false" name="trainers" slotEquippedTo="FOOT">
          <colours>
            <colour i="0">CLOTHING_BLACK_JET</colour>
            <colour i="1">CLOTHING_BLACK_JET</colour>
            <colour i="2">CLOTHING_BLACK_JET</colour>
          </colours>
        </clothing>
        <clothing enchantmentKnown="true" id="innoxia_sock_socks" isDirty="false" name="socks" slotEquippedTo="SOCK">
          <colours>
            <colour i="0">CLOTHING_WHITE</colour>
          </colours>
        </clothing>
        <clothing enchantmentKnown="true" id="GreenVillager_head_big_ol_leaf" isDirty="false" name="Rose's leaf" slotEquippedTo="HEAD">
          <colours>
            <colour i="0">CLOTHING_BLACK_JET</colour>
            <colour i="1">CLOTHING_PLATINUM</colour>
          </colours>
          <effects>
            <effect limit="100" mod1="TF_PENIS" mod2="TF_MOD_CUM_EXPULSION" potency="MAJOR_BOOST" timer="2700" type="CLOTHING"/>
            <effect limit="500000" mod1="TF_PENIS" mod2="TF_MOD_REGENERATION" potency="MAJOR_BOOST" timer="2700" type="CLOTHING"/>
            <effect limit="7" mod1="TF_PENIS" mod2="TF_MOD_SIZE_TERTIARY" potency="MAJOR_BOOST" timer="2700" type="CLOTHING"/>
            <effect limit="100" mod1="TF_PENIS" mod2="TF_MOD_SIZE" potency="MAJOR_BOOST" timer="2700" type="CLOTHING"/>
            <effect limit="7" mod1="TF_PENIS" mod2="TF_MOD_SIZE_SECONDARY" potency="MAJOR_BOOST" timer="2700" type="CLOTHING"/>
          </effects>
        </clothing>
      </clothingEquipped>
      <weaponsInInventory>
        <weapon coreEnchantment="CRITICAL_DAMAGE" count="1" damageType="PHYSICAL" id="GreenVillager_gvrd_weapons_bo_staff" name="Bo Staff">
          <colours>
            <colour i="0">CLOTHING_BLUE_LIGHT</colour>
            <colour i="1">CLOTHING_PURPLE_LIGHT</colour>
          </colours>
          <effects>
            <effect limit="0" mod1="CLOTHING_ATTRIBUTE" mod2="CRITICAL_DAMAGE" potency="MAJOR_BOOST" timer="0" type="CLOTHING"/>
            <effect limit="0" mod1="CLOTHING_ATTRIBUTE" mod2="CRITICAL_DAMAGE" potency="MAJOR_BOOST" timer="0" type="CLOTHING"/>
            <effect limit="0" mod1="CLOTHING_ATTRIBUTE" mod2="RESISTANCE_PHYSICAL" potency="MAJOR_BOOST" timer="2700" type="WEAPON"/>
            <effect limit="0" mod1="CLOTHING_ATTRIBUTE" mod2="RESISTANCE_PHYSICAL" potency="MAJOR_BOOST" timer="0" type="CLOTHING"/>
          </effects>
          <spells/>
          <combatMoves/>
        </weapon>
      </weaponsInInventory>
    </characterInventory>
    <attributes>
      <attribute type="HEALTH_MAXIMUM" value="1.0"/>
      <attribute type="MANA_MAXIMUM" value="1.0"/>
    </attributes>
    <potionAttributes/>
    <traits>
      <perk type="ARCANE_CRITICALS"/>
      <perk type="RUNNER_2"/>
      <perk type="CHUUNI"/>
    </traits>
    <specialPerks/>
    <perks>
      <perk row="1" type="LEWD_KNOWLEDGE"/>
      <perk row="1" type="ARCANE_BASE"/>
      <perk row="1" type="PHYSICAL_BASE"/>
      <perk row="2" type="PHYSIQUE_BOOST"/>
      <perk row="2" type="ARCANE_CRITICALS"/>
      <perk row="2" type="ARCANE_BOOST"/>
      <perk row="3" type="PHYSICAL_DEFENCE"/>
      <perk row="3" type="SPELL_DAMAGE"/>
      <perk row="4" type="PHYSICAL_DEFENCE"/>
      <perk row="4" type="SPELL_DAMAGE"/>
      <perk row="5" type="ELEMENTAL_BOOST"/>
      <perk row="5" type="RUNNER_2"/>
      <perk row="5" type="CHUUNI"/>
      <perk row="5" type="CRITICAL_BOOST_ALT_2"/>
      <perk row="6" type="ARCANE_BOOST_MAJOR"/>
      <perk row="6" type="PHYSIQUE_BOOST_MAJOR"/>
    </perks>
    <knownSpells>
      <spell type="VACUUM"/>
      <spell type="POISON_VAPOURS"/>
      <spell type="PROTECTIVE_GUSTS"/>
    </knownSpells>
    <spellUpgrades>
      <upgrade type="POISON_VAPOURS_1"/>
      <upgrade type="POISON_VAPOURS_2"/>
      <upgrade type="POISON_VAPOURS_3"/>
      <upgrade type="VACUUM_1"/>
      <upgrade type="VACUUM_2"/>
      <upgrade type="VACUUM_3"/>
      <upgrade type="PROTECTIVE_GUSTS_1"/>
      <upgrade type="PROTECTIVE_GUSTS_2"/>
      <upgrade type="PROTECTIVE_GUSTS_3"/>
    </spellUpgrades>
    <spellUpgradePoints>
      <upgradeEntry points="0" school="EARTH"/>
      <upgradeEntry points="0" school="WATER"/>
      <upgradeEntry points="0" school="AIR"/>
      <upgradeEntry points="0" school="FIRE"/>
      <upgradeEntry points="0" school="ARCANE"/>
    </spellUpgradePoints>
    <fetishes>
      <fetish type="FETISH_VAGINAL_GIVING"/>
      <fetish type="FETISH_MASTURBATION"/>
      <fetish type="FETISH_CUM_STUD"/>
      <fetish type="FETISH_CUM_ADDICT"/>
      <fetish type="FETISH_PENIS_GIVING"/>
      <fetish type="FETISH_ANAL_GIVING"/>
      <fetish type="FETISH_SIZE_QUEEN"/>
    </fetishes>
    <fetishDesire>
      <entry desire="FOUR_LOVE" fetish="FETISH_VAGINAL_GIVING"/>
      <entry desire="FOUR_LOVE" fetish="FETISH_MASTURBATION"/>
      <entry desire="FOUR_LOVE" fetish="FETISH_CUM_STUD"/>
      <entry desire="ZERO_HATE" fetish="FETISH_DENIAL_SELF"/>
      <entry desire="ZERO_HATE" fetish="FETISH_DENIAL"/>
      <entry desire="FOUR_LOVE" fetish="FETISH_CUM_ADDICT"/>
      <entry desire="FOUR_LOVE" fetish="FETISH_PENIS_GIVING"/>
      <entry desire="FOUR_LOVE" fetish="FETISH_ANAL_GIVING"/>
      <entry desire="FOUR_LOVE" fetish="FETISH_SIZE_QUEEN"/>
      <entry desire="TWO_NEUTRAL" fetish="FETISH_DOMINANT"/>
    </fetishDesire>
    <fetishExperience/>
    <statusEffects>
      <statusEffect lta="78300" sp="0" sr="-1" type="CORRUPTION_PERK_0"/>
      <statusEffect lta="78300" sp="0" sr="-1" type="AROUSAL_PERK_0"/>
      <statusEffect lta="78300" sp="0" sr="-1" type="LUST_PERK_0"/>
      <statusEffect lta="78300" sp="0" sr="-1" type="COMPANIONS_LEAVING"/>
      <statusEffect lta="78300" sp="0" sr="-1" type="SUBSPECIES_BONUS"/>
      <statusEffect lta="78300" sp="0" sr="-1" type="ORIENTATION_ANDROPHILIC"/>
      <statusEffect lta="78300" sp="0" sr="-1" type="CUM_FULL"/>
      <statusEffect lta="78300" sp="0" sr="-1" type="WEATHER_STORM_PROTECTED"/>
      <statusEffect lta="78300" sp="0" sr="-1" type="INTELLIGENCE_PERK_3"/>
      <statusEffect lta="78300" sp="0" sr="-1" type="SET_DAISHO"/>
      <statusEffect lta="78300" sp="0" sr="-1" type="PHYSIQUE_PERK_2"/>
    </statusEffects>
    <knownMoves/>
    <equippedMoves>
      <move type="BASIC_STRIKE"/>
      <move type="BASIC_TWIN_STRIKE"/>
      <move type="BASIC_BLOCK"/>
      <move type="BASIC_TEASE"/>
      <move type="BASIC_TEASE_BLOCK"/>
    </equippedMoves>
    <characterRelationships/>
    <pregnancy littersGenerated="0" timeProgressedToFinalPregnancyStage="1"/>
    <family>
      <motherId value=""/>
      <motherName value="???"/>
      <motherFemininity value="FEMININE"/>
      <motherSubspecies value="HUMAN"/>
      <fatherId value=""/>
      <fatherName value="???"/>
      <fatherFemininity value="MASCULINE"/>
      <fatherSubspecies value="HUMAN"/>
      <yearOfConception value="1998"/>
      <monthOfConception value="NOVEMBER"/>
      <dayOfConception value="15"/>
    </family>
    <slavery>
      <slavesOwned/>
      <owner value=""/>
    </slavery>
    <companions>
      <companionsFollowing/>
      <partyLeader value=""/>
      <maxCompanions value="1"/>
    </companions>
    <sexStats>
      <fluidsStoredMap>
        <entry orifice="ANUS"/>
        <entry orifice="NIPPLE"/>
        <entry orifice="MOUTH"/>
        <entry orifice="VAGINA"/>
        <entry orifice="SPINNERET"/>
        <entry orifice="URETHRA_PENIS"/>
        <entry orifice="NIPPLE_CROTCH"/>
        <entry orifice="URETHRA_VAGINA"/>
      </fluidsStoredMap>
      <daysOrgasmCount value="0"/>
      <daysOrgasmCountRecord value="0"/>
      <totalOrgasmCount value="0"/>
      <sexPartners>
        <sexCount asDom="0" asSub="0" consensual="0" id="unknown">
          <sexType other="FINGER" participant="NORMAL" self="PENIS" sex="0"/>
          <sexType other="MOUTH" participant="NORMAL" self="PENIS" sex="0"/>
        </sexCount>
      </sexPartners>
      <virginityLosses/>
    </sexStats>
    <addictionsCore alcoholLevel="0.0">
      <addictions/>
      <psychoactiveFluids/>
    </addictionsCore>
    <playerSpecific>
      <title value="The Human"/>
      <karma value="0"/>
      <questUpdates/>
      <mainQuestUpdated value="true"/>
      <sideQuestUpdated value="false"/>
      <relationshipQuestUpdated value="false"/>
      <raceBooksDiscovered/>
      <charactersEncountered>
        <id value="-1,Lilaya"/>
        <id value="-1,Rose"/>
      </charactersEncountered>
      <questMap>
        <entry q0="MAIN_PROLOGUE" q1="MAIN_1_A_LILAYAS_TESTS" questLine="MAIN"/>
      </questMap>
      <questFailedMap/>
      <friendlyOccupants/>
      <worldsVisited>
        <world id="LILAYAS_HOUSE_FIRST_FLOOR"/>
        <world id="MUSEUM"/>
      </worldsVisited>
      <itemsDiscovered>
        <type>SPELL_BOOK_FIREBALL</type>
        <type>DYE_BRUSH</type>
        <type>SPELL_BOOK_PROTECTIVE_GUSTS</type>
        <type>SPELL_BOOK_VACUUM</type>
        <type>SPELL_BOOK_POISON_VAPOURS</type>
        <type>SPELL_SCROLL_AIR</type>
      </itemsDiscovered>
      <weaponsDiscovered>
        <type>innoxia_japaneseSwords_wakizashi</type>
        <type>innoxia_crystal_rare</type>
      </weaponsDiscovered>
      <clothingDiscovered>
        <type>innoxia_finger_ring</type>
        <type>TORSO_OVER_HOODIE</type>
        <type>innoxia_foot_trainers</type>
        <type>innoxia_leg_distressed_jeans</type>
        <type>innoxia_torso_tshirt</type>
        <type>GreenVillager_head_big_ol_leaf</type>
      </clothingDiscovered>
      <racesDiscovered>
        <race>HALF_DEMON</race>
        <race>CAT_MORPH</race>
        <race>HUMAN</race>
      </racesDiscovered>
      <racesDiscoveredAdvanced/>
    </playerSpecific>
  </character>
</playerCharacter>
